ISO-10303-21;
HEADER;
FILE_DESCRIPTION(('STEP AP203'),'1');
FILE_NAME('sws030-020v22ssa.stp','2026-07-03T12:38:40',('TraceParts'),('TraceParts S.A.S.'),'Spatial InterOp 3D',' ',' ');
FILE_SCHEMA(('CONFIG_CONTROL_DESIGN'));
ENDSEC;
DATA;
#1=DESIGN_CONTEXT('',#28,'design');
#2=APPLICATION_PROTOCOL_DEFINITION('INTERNATIONAL STANDARD','config_control_design',1994,#28);
#3=PRODUCT_CATEGORY_RELATIONSHIP('NONE','NONE',#29,#30);
#4=DATE_AND_TIME(#31,#32);
#5=DATE_TIME_ROLE('creation_date');
#6=DATE_TIME_ROLE('classification_date');
#7=PERSON_AND_ORGANIZATION_ROLE('creator');
#8=PERSON_AND_ORGANIZATION_ROLE('design_supplier');
#9=PERSON_AND_ORGANIZATION_ROLE('classification_officer');
#10=PERSON_AND_ORGANIZATION_ROLE('design_owner');
#11=APPROVAL_PERSON_ORGANIZATION(#33,#34,#35);
#12=APPROVAL_DATE_TIME(#4,#34);
#13=CC_DESIGN_APPROVAL(#34,(#36,#37,#38));
#14=CC_DESIGN_DATE_AND_TIME_ASSIGNMENT(#4,#5,(#38));
#15=CC_DESIGN_DATE_AND_TIME_ASSIGNMENT(#4,#6,(#36));
#16=CC_DESIGN_PERSON_AND_ORGANIZATION_ASSIGNMENT(#33,#10,(#39));
#17=CC_DESIGN_PERSON_AND_ORGANIZATION_ASSIGNMENT(#33,#7,(#38));
#18=CC_DESIGN_PERSON_AND_ORGANIZATION_ASSIGNMENT(#33,#7,(#37));
#19=CC_DESIGN_PERSON_AND_ORGANIZATION_ASSIGNMENT(#33,#8,(#37));
#20=CC_DESIGN_SECURITY_CLASSIFICATION(#36,(#37));
#21=CC_DESIGN_PERSON_AND_ORGANIZATION_ASSIGNMENT(#33,#9,(#36));
#22=SHAPE_DEFINITION_REPRESENTATION(#40,#41);
#23=SHAPE_DEFINITION_REPRESENTATION(#40,#42);
#24= (GEOMETRIC_REPRESENTATION_CONTEXT(3)GLOBAL_UNCERTAINTY_ASSIGNED_CONTEXT((#45))GLOBAL_UNIT_ASSIGNED_CONTEXT((#47,#48,#49))REPRESENTATION_CONTEXT('NONE','WORKSPACE'));
#28=APPLICATION_CONTEXT('CONFIGURATION CONTROLLED 3D DESIGNS OF MECHANICAL PARTS AND ASSEMBLIES');
#29=PRODUCT_CATEGORY('part','NONE');
#30=PRODUCT_RELATED_PRODUCT_CATEGORY('detail',' ',(#39));
#31=CALENDAR_DATE(2026,3,6);
#32=LOCAL_TIME(14,38,40.0,#51);
#33=PERSON_AND_ORGANIZATION(#52,#53);
#34=APPROVAL(#54,'SOLID MODEL');
#35=APPROVAL_ROLE('APPROVED');
#36=SECURITY_CLASSIFICATION('','',#55);
#37=PRODUCT_DEFINITION_FORMATION_WITH_SPECIFIED_SOURCE(' ','NONE',#39,.NOT_KNOWN.);
#38=PRODUCT_DEFINITION('','NONE',#37,#1);
#39=PRODUCT('1','','PART--DESC',(#56));
#40=PRODUCT_DEFINITION_SHAPE('NONE','NONE',#38);
#41=ADVANCED_BREP_SHAPE_REPRESENTATION('1',(#57,#58),#24);
#42=ADVANCED_BREP_SHAPE_REPRESENTATION('2',(#59,#60),#24);
#45=UNCERTAINTY_MEASURE_WITH_UNIT(LENGTH_MEASURE(1.0E-06),#47,'','');
#47= (CONVERSION_BASED_UNIT('MILLIMETRE',#63)LENGTH_UNIT()NAMED_UNIT(#66));
#48= (NAMED_UNIT(#68)PLANE_ANGLE_UNIT()SI_UNIT($,.RADIAN.));
#49= (NAMED_UNIT(#68)SOLID_ANGLE_UNIT()SI_UNIT($,.STERADIAN.));
#51=COORDINATED_UNIVERSAL_TIME_OFFSET(1,0,.AHEAD.);
#52=PERSON('','UNSPECIFIED',$,$,$,$);
#53=ORGANIZATION('UNSPECIFIED','UNSPECIFIED','UNSPECIFIED');
#54=APPROVAL_STATUS('approved');
#55=SECURITY_CLASSIFICATION_LEVEL('unclassified');
#56=MECHANICAL_CONTEXT('',#28,'mechanical');
#57=MANIFOLD_SOLID_BREP('1',#74);
#58=AXIS2_PLACEMENT_3D('',#75,#76,#77);
#59=MANIFOLD_SOLID_BREP('2',#78);
#60=AXIS2_PLACEMENT_3D('',#79,#80,#81);
#63=LENGTH_MEASURE_WITH_UNIT(LENGTH_MEASURE(1.0),#82);
#66=DIMENSIONAL_EXPONENTS(1.0,0.0,0.0,0.0,0.0,0.0,0.0);
#68=DIMENSIONAL_EXPONENTS(0.0,0.0,0.0,0.0,0.0,0.0,0.0);
#74=CLOSED_SHELL('',(#83,#84,#85,#86,#87,#88));
#75=CARTESIAN_POINT('',(0.0,0.0,0.0));
#76=DIRECTION('',(0.0,0.0,1.0));
#77=DIRECTION('',(1.0,0.0,0.0));
#78=CLOSED_SHELL('',(#89,#90,#91,#92,#93,#94,#95,#96,#97,#98,#99,#100,#101,#102,#103,#104,#105,#106,#107,#108,#109,#110,#111,#112,#113,#114,#115,#116,#117,#118,#119,#120,#121,#122,#123,#124,#125,#126,#127,#128,#129,#130,#131,#132,#133,#134,#135,#136,#137,#138,#139,#140,#141,#142,#143,#144,#145,#146,#147,#148,#149,#150,#151,#152,#153,#154,#155,#156,#157,#158,#159,#160,#161,#162,#163,#164,#165,#166,#167,#168,#169,#170,#171,#172,#173,#174,#175,#176,#177,#178,#179,#180,#181,#182,#183,#184,#185,#186,#187,#188,#189,#190,#191,#192,#193,#194,#195,#196,#197,#198,#199,#200,#201,#202,#203,#204,#205,#206,#207,#208,#209,#210,#211,#212,#213,#214,#215,#216,#217,#218,#219,#220,#221,#222,#223,#224,#225,#226,#227,#228,#229,#230,#231,#232,#233,#234,#235,#236,#237,#238,#239,#240,#241,#242,#243,#244,#245,#246,#247,#248,#249,#250,#251,#252,#253,#254,#255,#256,#257,#258,#259,#260,#261,#262,#263,#264,#265,#266,#267,#268,#269,#270,#271,#272,#273,#274,#275,#276,#277,#278,#279,#280,#281,#282,#283,#284,#285,#286,#287,#288,#289,#290,#291,#292,#293,#294,#295,#296,#297,#298,#299,#300,#301,#302,#303,#304,#305,#306,#307,#308,#309,#310,#311,#312,#313,#314,#315,#316,#317,#318,#319,#320,#321,#322,#323,#324,#325,#326,#327,#328,#329,#330,#331,#332,#333,#334,#335,#336,#337,#338,#339,#340,#341,#342,#343,#344));
#79=CARTESIAN_POINT('',(0.0,0.0,0.0));
#80=DIRECTION('',(0.0,0.0,1.0));
#81=DIRECTION('',(1.0,0.0,0.0));
#82= (NAMED_UNIT(#66)LENGTH_UNIT()SI_UNIT(.MILLI.,.METRE.));
#83=ADVANCED_FACE('',(#346),#347,.T.);
#84=ADVANCED_FACE('',(#348),#349,.F.);
#85=ADVANCED_FACE('',(#350),#351,.F.);
#86=ADVANCED_FACE('',(#352),#353,.F.);
#87=ADVANCED_FACE('',(#354),#355,.F.);
#88=ADVANCED_FACE('',(#356),#357,.T.);
#89=ADVANCED_FACE('',(#358),#359,.T.);
#90=ADVANCED_FACE('',(#360),#361,.T.);
#91=ADVANCED_FACE('',(#362),#363,.T.);
#92=ADVANCED_FACE('',(#364),#365,.T.);
#93=ADVANCED_FACE('',(#366),#367,.F.);
#94=ADVANCED_FACE('',(#368),#369,.F.);
#95=ADVANCED_FACE('',(#370),#371,.F.);
#96=ADVANCED_FACE('',(#372),#373,.F.);
#97=ADVANCED_FACE('',(#374),#375,.F.);
#98=ADVANCED_FACE('',(#376,#377),#378,.T.);
#99=ADVANCED_FACE('',(#379,#380),#381,.T.);
#100=ADVANCED_FACE('',(#382),#383,.T.);
#101=ADVANCED_FACE('',(#384),#385,.T.);
#102=ADVANCED_FACE('',(#386),#387,.T.);
#103=ADVANCED_FACE('',(#388),#389,.F.);
#104=ADVANCED_FACE('',(#390),#391,.T.);
#105=ADVANCED_FACE('',(#392),#393,.F.);
#106=ADVANCED_FACE('',(#394),#395,.T.);
#107=ADVANCED_FACE('',(#396),#397,.T.);
#108=ADVANCED_FACE('',(#398),#399,.T.);
#109=ADVANCED_FACE('',(#400),#401,.F.);
#110=ADVANCED_FACE('',(#402),#403,.T.);
#111=ADVANCED_FACE('',(#404),#405,.F.);
#112=ADVANCED_FACE('',(#406),#407,.F.);
#113=ADVANCED_FACE('',(#408),#409,.F.);
#114=ADVANCED_FACE('',(#410),#411,.F.);
#115=ADVANCED_FACE('',(#412),#413,.F.);
#116=ADVANCED_FACE('',(#414),#415,.F.);
#117=ADVANCED_FACE('',(#416),#417,.T.);
#118=ADVANCED_FACE('',(#418),#419,.F.);
#119=ADVANCED_FACE('',(#420),#421,.T.);
#120=ADVANCED_FACE('',(#422),#423,.T.);
#121=ADVANCED_FACE('',(#424),#425,.T.);
#122=ADVANCED_FACE('',(#426),#427,.F.);
#123=ADVANCED_FACE('',(#428),#429,.T.);
#124=ADVANCED_FACE('',(#430),#431,.T.);
#125=ADVANCED_FACE('',(#432),#433,.F.);
#126=ADVANCED_FACE('',(#434),#435,.T.);
#127=ADVANCED_FACE('',(#436),#437,.F.);
#128=ADVANCED_FACE('',(#438),#439,.T.);
#129=ADVANCED_FACE('',(#440),#441,.T.);
#130=ADVANCED_FACE('',(#442),#443,.F.);
#131=ADVANCED_FACE('',(#444),#445,.T.);
#132=ADVANCED_FACE('',(#446),#447,.F.);
#133=ADVANCED_FACE('',(#448),#449,.F.);
#134=ADVANCED_FACE('',(#450),#451,.T.);
#135=ADVANCED_FACE('',(#452),#453,.T.);
#136=ADVANCED_FACE('',(#454),#455,.T.);
#137=ADVANCED_FACE('',(#456),#457,.T.);
#138=ADVANCED_FACE('',(#458),#459,.F.);
#139=ADVANCED_FACE('',(#460),#461,.F.);
#140=ADVANCED_FACE('',(#462),#463,.T.);
#141=ADVANCED_FACE('',(#464),#465,.T.);
#142=ADVANCED_FACE('',(#466),#467,.F.);
#143=ADVANCED_FACE('',(#468),#469,.F.);
#144=ADVANCED_FACE('',(#470),#471,.F.);
#145=ADVANCED_FACE('',(#472),#473,.F.);
#146=ADVANCED_FACE('',(#474),#475,.F.);
#147=ADVANCED_FACE('',(#476),#477,.T.);
#148=ADVANCED_FACE('',(#478),#479,.F.);
#149=ADVANCED_FACE('',(#480),#481,.F.);
#150=ADVANCED_FACE('',(#482),#483,.T.);
#151=ADVANCED_FACE('',(#484),#485,.F.);
#152=ADVANCED_FACE('',(#486),#487,.F.);
#153=ADVANCED_FACE('',(#488),#489,.F.);
#154=ADVANCED_FACE('',(#490),#491,.F.);
#155=ADVANCED_FACE('',(#492),#493,.F.);
#156=ADVANCED_FACE('',(#494),#495,.F.);
#157=ADVANCED_FACE('',(#496),#497,.T.);
#158=ADVANCED_FACE('',(#498),#499,.T.);
#159=ADVANCED_FACE('',(#500),#501,.F.);
#160=ADVANCED_FACE('',(#502),#503,.T.);
#161=ADVANCED_FACE('',(#504),#505,.T.);
#162=ADVANCED_FACE('',(#506),#507,.T.);
#163=ADVANCED_FACE('',(#508),#509,.T.);
#164=ADVANCED_FACE('',(#510),#511,.F.);
#165=ADVANCED_FACE('',(#512),#513,.T.);
#166=ADVANCED_FACE('',(#514),#515,.F.);
#167=ADVANCED_FACE('',(#516),#517,.F.);
#168=ADVANCED_FACE('',(#518),#519,.F.);
#169=ADVANCED_FACE('',(#520),#521,.T.);
#170=ADVANCED_FACE('',(#522),#523,.F.);
#171=ADVANCED_FACE('',(#524),#525,.F.);
#172=ADVANCED_FACE('',(#526),#527,.F.);
#173=ADVANCED_FACE('',(#528),#529,.T.);
#174=ADVANCED_FACE('',(#530),#531,.F.);
#175=ADVANCED_FACE('',(#532),#533,.T.);
#176=ADVANCED_FACE('',(#534),#535,.T.);
#177=ADVANCED_FACE('',(#536),#537,.T.);
#178=ADVANCED_FACE('',(#538),#539,.F.);
#179=ADVANCED_FACE('',(#540,#541),#542,.T.);
#180=ADVANCED_FACE('',(#543),#544,.F.);
#181=ADVANCED_FACE('',(#545),#546,.F.);
#182=ADVANCED_FACE('',(#547),#548,.F.);
#183=ADVANCED_FACE('',(#549),#550,.T.);
#184=ADVANCED_FACE('',(#551),#552,.T.);
#185=ADVANCED_FACE('',(#553),#554,.F.);
#186=ADVANCED_FACE('',(#555),#556,.T.);
#187=ADVANCED_FACE('',(#557),#558,.T.);
#188=ADVANCED_FACE('',(#559),#560,.T.);
#189=ADVANCED_FACE('',(#561),#562,.F.);
#190=ADVANCED_FACE('',(#563),#564,.T.);
#191=ADVANCED_FACE('',(#565),#566,.F.);
#192=ADVANCED_FACE('',(#567),#568,.T.);
#193=ADVANCED_FACE('',(#569),#570,.T.);
#194=ADVANCED_FACE('',(#571),#572,.F.);
#195=ADVANCED_FACE('',(#573),#574,.T.);
#196=ADVANCED_FACE('',(#575),#576,.T.);
#197=ADVANCED_FACE('',(#577),#578,.T.);
#198=ADVANCED_FACE('',(#579),#580,.T.);
#199=ADVANCED_FACE('',(#581),#582,.T.);
#200=ADVANCED_FACE('',(#583),#584,.F.);
#201=ADVANCED_FACE('',(#585),#586,.T.);
#202=ADVANCED_FACE('',(#587),#588,.T.);
#203=ADVANCED_FACE('',(#589),#590,.F.);
#204=ADVANCED_FACE('',(#591),#592,.F.);
#205=ADVANCED_FACE('',(#593),#594,.F.);
#206=ADVANCED_FACE('',(#595),#596,.F.);
#207=ADVANCED_FACE('',(#597),#598,.T.);
#208=ADVANCED_FACE('',(#599),#600,.T.);
#209=ADVANCED_FACE('',(#601),#602,.T.);
#210=ADVANCED_FACE('',(#603),#604,.T.);
#211=ADVANCED_FACE('',(#605),#606,.T.);
#212=ADVANCED_FACE('',(#607),#608,.T.);
#213=ADVANCED_FACE('',(#609),#610,.T.);
#214=ADVANCED_FACE('',(#611),#612,.F.);
#215=ADVANCED_FACE('',(#613),#614,.F.);
#216=ADVANCED_FACE('',(#615),#616,.T.);
#217=ADVANCED_FACE('',(#617),#618,.F.);
#218=ADVANCED_FACE('',(#619),#620,.F.);
#219=ADVANCED_FACE('',(#621),#622,.F.);
#220=ADVANCED_FACE('',(#623),#624,.F.);
#221=ADVANCED_FACE('',(#625),#626,.F.);
#222=ADVANCED_FACE('',(#627),#628,.F.);
#223=ADVANCED_FACE('',(#629),#630,.F.);
#224=ADVANCED_FACE('',(#631),#632,.F.);
#225=ADVANCED_FACE('',(#633),#634,.F.);
#226=ADVANCED_FACE('',(#635),#636,.F.);
#227=ADVANCED_FACE('',(#637),#638,.F.);
#228=ADVANCED_FACE('',(#639),#640,.F.);
#229=ADVANCED_FACE('',(#641),#642,.T.);
#230=ADVANCED_FACE('',(#643),#644,.T.);
#231=ADVANCED_FACE('',(#645),#646,.T.);
#232=ADVANCED_FACE('',(#647),#648,.T.);
#233=ADVANCED_FACE('',(#649),#650,.F.);
#234=ADVANCED_FACE('',(#651),#652,.F.);
#235=ADVANCED_FACE('',(#653,#654),#655,.T.);
#236=ADVANCED_FACE('',(#656),#657,.T.);
#237=ADVANCED_FACE('',(#658),#659,.T.);
#238=ADVANCED_FACE('',(#660),#661,.T.);
#239=ADVANCED_FACE('',(#662),#663,.T.);
#240=ADVANCED_FACE('',(#664),#665,.T.);
#241=ADVANCED_FACE('',(#666),#667,.T.);
#242=ADVANCED_FACE('',(#668),#669,.T.);
#243=ADVANCED_FACE('',(#670),#671,.T.);
#244=ADVANCED_FACE('',(#672),#673,.T.);
#245=ADVANCED_FACE('',(#674),#675,.T.);
#246=ADVANCED_FACE('',(#676),#677,.T.);
#247=ADVANCED_FACE('',(#678),#679,.T.);
#248=ADVANCED_FACE('',(#680),#681,.T.);
#249=ADVANCED_FACE('',(#682),#683,.T.);
#250=ADVANCED_FACE('',(#684),#685,.T.);
#251=ADVANCED_FACE('',(#686),#687,.T.);
#252=ADVANCED_FACE('',(#688),#689,.T.);
#253=ADVANCED_FACE('',(#690),#691,.T.);
#254=ADVANCED_FACE('',(#692),#693,.T.);
#255=ADVANCED_FACE('',(#694),#695,.T.);
#256=ADVANCED_FACE('',(#696),#697,.T.);
#257=ADVANCED_FACE('',(#698),#699,.T.);
#258=ADVANCED_FACE('',(#700),#701,.T.);
#259=ADVANCED_FACE('',(#702),#703,.T.);
#260=ADVANCED_FACE('',(#704),#705,.T.);
#261=ADVANCED_FACE('',(#706),#707,.F.);
#262=ADVANCED_FACE('',(#708),#709,.F.);
#263=ADVANCED_FACE('',(#710),#711,.T.);
#264=ADVANCED_FACE('',(#712),#713,.F.);
#265=ADVANCED_FACE('',(#714),#715,.F.);
#266=ADVANCED_FACE('',(#716),#717,.F.);
#267=ADVANCED_FACE('',(#718),#719,.F.);
#268=ADVANCED_FACE('',(#720),#721,.F.);
#269=ADVANCED_FACE('',(#722),#723,.T.);
#270=ADVANCED_FACE('',(#724),#725,.T.);
#271=ADVANCED_FACE('',(#726),#727,.F.);
#272=ADVANCED_FACE('',(#728),#729,.T.);
#273=ADVANCED_FACE('',(#730),#731,.T.);
#274=ADVANCED_FACE('',(#732),#733,.F.);
#275=ADVANCED_FACE('',(#734),#735,.T.);
#276=ADVANCED_FACE('',(#736),#737,.T.);
#277=ADVANCED_FACE('',(#738),#739,.T.);
#278=ADVANCED_FACE('',(#740),#741,.T.);
#279=ADVANCED_FACE('',(#742),#743,.T.);
#280=ADVANCED_FACE('',(#744),#745,.F.);
#281=ADVANCED_FACE('',(#746),#747,.T.);
#282=ADVANCED_FACE('',(#748),#749,.T.);
#283=ADVANCED_FACE('',(#750),#751,.F.);
#284=ADVANCED_FACE('',(#752),#753,.T.);
#285=ADVANCED_FACE('',(#754),#755,.T.);
#286=ADVANCED_FACE('',(#756),#757,.T.);
#287=ADVANCED_FACE('',(#758),#759,.F.);
#288=ADVANCED_FACE('',(#760),#761,.T.);
#289=ADVANCED_FACE('',(#762),#763,.T.);
#290=ADVANCED_FACE('',(#764,#765,#766,#767,#768),#769,.T.);
#291=ADVANCED_FACE('',(#770),#771,.F.);
#292=ADVANCED_FACE('',(#772),#773,.F.);
#293=ADVANCED_FACE('',(#774),#775,.T.);
#294=ADVANCED_FACE('',(#776),#777,.T.);
#295=ADVANCED_FACE('',(#778),#779,.T.);
#296=ADVANCED_FACE('',(#780),#781,.F.);
#297=ADVANCED_FACE('',(#782),#783,.T.);
#298=ADVANCED_FACE('',(#784),#785,.T.);
#299=ADVANCED_FACE('',(#786),#787,.T.);
#300=ADVANCED_FACE('',(#788),#789,.F.);
#301=ADVANCED_FACE('',(#790),#791,.T.);
#302=ADVANCED_FACE('',(#792),#793,.F.);
#303=ADVANCED_FACE('',(#794),#795,.T.);
#304=ADVANCED_FACE('',(#796),#797,.T.);
#305=ADVANCED_FACE('',(#798),#799,.F.);
#306=ADVANCED_FACE('',(#800),#801,.F.);
#307=ADVANCED_FACE('',(#802),#803,.F.);
#308=ADVANCED_FACE('',(#804),#805,.F.);
#309=ADVANCED_FACE('',(#806),#807,.T.);
#310=ADVANCED_FACE('',(#808),#809,.F.);
#311=ADVANCED_FACE('',(#810),#811,.F.);
#312=ADVANCED_FACE('',(#812),#813,.F.);
#313=ADVANCED_FACE('',(#814),#815,.T.);
#314=ADVANCED_FACE('',(#816),#817,.F.);
#315=ADVANCED_FACE('',(#818),#819,.F.);
#316=ADVANCED_FACE('',(#820),#821,.F.);
#317=ADVANCED_FACE('',(#822),#823,.F.);
#318=ADVANCED_FACE('',(#824),#825,.F.);
#319=ADVANCED_FACE('',(#826),#827,.T.);
#320=ADVANCED_FACE('',(#828),#829,.F.);
#321=ADVANCED_FACE('',(#830),#831,.T.);
#322=ADVANCED_FACE('',(#832),#833,.F.);
#323=ADVANCED_FACE('',(#834),#835,.F.);
#324=ADVANCED_FACE('',(#836),#837,.F.);
#325=ADVANCED_FACE('',(#838),#839,.F.);
#326=ADVANCED_FACE('',(#840),#841,.F.);
#327=ADVANCED_FACE('',(#842),#843,.T.);
#328=ADVANCED_FACE('',(#844),#845,.F.);
#329=ADVANCED_FACE('',(#846),#847,.F.);
#330=ADVANCED_FACE('',(#848),#849,.F.);
#331=ADVANCED_FACE('',(#850),#851,.T.);
#332=ADVANCED_FACE('',(#852),#853,.F.);
#333=ADVANCED_FACE('',(#854),#855,.T.);
#334=ADVANCED_FACE('',(#856),#857,.F.);
#335=ADVANCED_FACE('',(#858),#859,.F.);
#336=ADVANCED_FACE('',(#860),#861,.F.);
#337=ADVANCED_FACE('',(#862),#863,.F.);
#338=ADVANCED_FACE('',(#864),#865,.F.);
#339=ADVANCED_FACE('',(#866),#867,.T.);
#340=ADVANCED_FACE('',(#868),#869,.F.);
#341=ADVANCED_FACE('',(#870),#871,.F.);
#342=ADVANCED_FACE('',(#872),#873,.F.);
#343=ADVANCED_FACE('',(#874),#875,.T.);
#344=ADVANCED_FACE('',(#876),#877,.F.);
#346=FACE_OUTER_BOUND('',#878,.T.);
#347=PLANE('',#879);
#348=FACE_OUTER_BOUND('',#880,.T.);
#349=PLANE('',#881);
#350=FACE_OUTER_BOUND('',#882,.T.);
#351=PLANE('',#883);
#352=FACE_OUTER_BOUND('',#884,.T.);
#353=PLANE('',#885);
#354=FACE_OUTER_BOUND('',#886,.T.);
#355=PLANE('',#887);
#356=FACE_OUTER_BOUND('',#888,.T.);
#357=PLANE('',#889);
#358=FACE_OUTER_BOUND('',#890,.T.);
#359=PLANE('',#891);
#360=FACE_OUTER_BOUND('',#892,.T.);
#361=PLANE('',#893);
#362=FACE_OUTER_BOUND('',#894,.T.);
#363=PLANE('',#895);
#364=FACE_OUTER_BOUND('',#896,.T.);
#365=PLANE('',#897);
#366=FACE_OUTER_BOUND('',#898,.T.);
#367=PLANE('',#899);
#368=FACE_OUTER_BOUND('',#900,.T.);
#369=PLANE('',#901);
#370=FACE_OUTER_BOUND('',#902,.T.);
#371=PLANE('',#903);
#372=FACE_OUTER_BOUND('',#904,.T.);
#373=PLANE('',#905);
#374=FACE_OUTER_BOUND('',#906,.T.);
#375=PLANE('',#907);
#376=FACE_OUTER_BOUND('',#908,.T.);
#377=FACE_BOUND('',#909,.T.);
#378=PLANE('',#910);
#379=FACE_OUTER_BOUND('',#911,.T.);
#380=FACE_BOUND('',#912,.T.);
#381=PLANE('',#913);
#382=FACE_OUTER_BOUND('',#914,.T.);
#383=PLANE('',#915);
#384=FACE_OUTER_BOUND('',#916,.T.);
#385=PLANE('',#917);
#386=FACE_OUTER_BOUND('',#918,.T.);
#387=PLANE('',#919);
#388=FACE_OUTER_BOUND('',#920,.T.);
#389=CYLINDRICAL_SURFACE('',#921,0.3);
#390=FACE_OUTER_BOUND('',#922,.T.);
#391=PLANE('',#923);
#392=FACE_OUTER_BOUND('',#924,.T.);
#393=CYLINDRICAL_SURFACE('',#925,0.1);
#394=FACE_OUTER_BOUND('',#926,.T.);
#395=PLANE('',#927);
#396=FACE_OUTER_BOUND('',#928,.T.);
#397=CYLINDRICAL_SURFACE('',#929,0.3);
#398=FACE_OUTER_BOUND('',#930,.T.);
#399=CYLINDRICAL_SURFACE('',#931,0.15);
#400=FACE_OUTER_BOUND('',#932,.T.);
#401=PLANE('',#933);
#402=FACE_OUTER_BOUND('',#934,.T.);
#403=CYLINDRICAL_SURFACE('',#935,0.5);
#404=FACE_OUTER_BOUND('',#936,.T.);
#405=PLANE('',#937);
#406=FACE_OUTER_BOUND('',#938,.T.);
#407=CYLINDRICAL_SURFACE('',#939,0.1);
#408=FACE_OUTER_BOUND('',#940,.T.);
#409=PLANE('',#941);
#410=FACE_OUTER_BOUND('',#942,.T.);
#411=PLANE('',#943);
#412=FACE_OUTER_BOUND('',#944,.T.);
#413=CYLINDRICAL_SURFACE('',#945,0.1);
#414=FACE_OUTER_BOUND('',#946,.T.);
#415=PLANE('',#947);
#416=FACE_OUTER_BOUND('',#948,.T.);
#417=CYLINDRICAL_SURFACE('',#949,0.5);
#418=FACE_OUTER_BOUND('',#950,.T.);
#419=PLANE('',#951);
#420=FACE_OUTER_BOUND('',#952,.T.);
#421=CYLINDRICAL_SURFACE('',#953,0.15);
#422=FACE_OUTER_BOUND('',#954,.T.);
#423=PLANE('',#955);
#424=FACE_OUTER_BOUND('',#956,.T.);
#425=CYLINDRICAL_SURFACE('',#957,0.15);
#426=FACE_OUTER_BOUND('',#958,.T.);
#427=PLANE('',#959);
#428=FACE_OUTER_BOUND('',#960,.T.);
#429=CYLINDRICAL_SURFACE('',#961,0.15);
#430=FACE_OUTER_BOUND('',#962,.T.);
#431=PLANE('',#963);
#432=FACE_OUTER_BOUND('',#964,.T.);
#433=PLANE('',#965);
#434=FACE_OUTER_BOUND('',#966,.T.);
#435=PLANE('',#967);
#436=FACE_OUTER_BOUND('',#968,.T.);
#437=PLANE('',#969);
#438=FACE_OUTER_BOUND('',#970,.T.);
#439=PLANE('',#971);
#440=FACE_OUTER_BOUND('',#972,.T.);
#441=CYLINDRICAL_SURFACE('',#973,0.5);
#442=FACE_OUTER_BOUND('',#974,.T.);
#443=PLANE('',#975);
#444=FACE_OUTER_BOUND('',#976,.T.);
#445=CYLINDRICAL_SURFACE('',#977,0.5);
#446=FACE_OUTER_BOUND('',#978,.T.);
#447=PLANE('',#979);
#448=FACE_OUTER_BOUND('',#980,.T.);
#449=PLANE('',#981);
#450=FACE_OUTER_BOUND('',#982,.T.);
#451=CYLINDRICAL_SURFACE('',#983,0.3);
#452=FACE_OUTER_BOUND('',#984,.T.);
#453=PLANE('',#985);
#454=FACE_OUTER_BOUND('',#986,.T.);
#455=CYLINDRICAL_SURFACE('',#987,0.3);
#456=FACE_OUTER_BOUND('',#988,.T.);
#457=PLANE('',#989);
#458=FACE_OUTER_BOUND('',#990,.T.);
#459=PLANE('',#991);
#460=FACE_OUTER_BOUND('',#992,.T.);
#461=CYLINDRICAL_SURFACE('',#993,0.1);
#462=FACE_OUTER_BOUND('',#994,.T.);
#463=PLANE('',#995);
#464=FACE_OUTER_BOUND('',#996,.T.);
#465=PLANE('',#997);
#466=FACE_OUTER_BOUND('',#998,.T.);
#467=PLANE('',#999);
#468=FACE_OUTER_BOUND('',#1000,.T.);
#469=PLANE('',#1001);
#470=FACE_OUTER_BOUND('',#1002,.T.);
#471=PLANE('',#1003);
#472=FACE_OUTER_BOUND('',#1004,.T.);
#473=PLANE('',#1005);
#474=FACE_OUTER_BOUND('',#1006,.T.);
#475=PLANE('',#1007);
#476=FACE_OUTER_BOUND('',#1008,.T.);
#477=PLANE('',#1009);
#478=FACE_OUTER_BOUND('',#1010,.T.);
#479=PLANE('',#1011);
#480=FACE_OUTER_BOUND('',#1012,.T.);
#481=PLANE('',#1013);
#482=FACE_OUTER_BOUND('',#1014,.T.);
#483=PLANE('',#1015);
#484=FACE_OUTER_BOUND('',#1016,.T.);
#485=PLANE('',#1017);
#486=FACE_OUTER_BOUND('',#1018,.T.);
#487=CYLINDRICAL_SURFACE('',#1019,0.1);
#488=FACE_OUTER_BOUND('',#1020,.T.);
#489=PLANE('',#1021);
#490=FACE_OUTER_BOUND('',#1022,.T.);
#491=PLANE('',#1023);
#492=FACE_OUTER_BOUND('',#1024,.T.);
#493=PLANE('',#1025);
#494=FACE_OUTER_BOUND('',#1026,.T.);
#495=PLANE('',#1027);
#496=FACE_OUTER_BOUND('',#1028,.T.);
#497=PLANE('',#1029);
#498=FACE_OUTER_BOUND('',#1030,.T.);
#499=CYLINDRICAL_SURFACE('',#1031,0.3);
#500=FACE_OUTER_BOUND('',#1032,.T.);
#501=PLANE('',#1033);
#502=FACE_OUTER_BOUND('',#1034,.T.);
#503=PLANE('',#1035);
#504=FACE_OUTER_BOUND('',#1036,.T.);
#505=CYLINDRICAL_SURFACE('',#1037,0.15);
#506=FACE_OUTER_BOUND('',#1038,.T.);
#507=PLANE('',#1039);
#508=FACE_OUTER_BOUND('',#1040,.T.);
#509=CYLINDRICAL_SURFACE('',#1041,0.15);
#510=FACE_OUTER_BOUND('',#1042,.T.);
#511=PLANE('',#1043);
#512=FACE_OUTER_BOUND('',#1044,.T.);
#513=CYLINDRICAL_SURFACE('',#1045,0.5);
#514=FACE_OUTER_BOUND('',#1046,.T.);
#515=PLANE('',#1047);
#516=FACE_OUTER_BOUND('',#1048,.T.);
#517=CYLINDRICAL_SURFACE('',#1049,0.1);
#518=FACE_OUTER_BOUND('',#1050,.T.);
#519=PLANE('',#1051);
#520=FACE_OUTER_BOUND('',#1052,.T.);
#521=CYLINDRICAL_SURFACE('',#1053,0.5);
#522=FACE_OUTER_BOUND('',#1054,.T.);
#523=PLANE('',#1055);
#524=FACE_OUTER_BOUND('',#1056,.T.);
#525=CYLINDRICAL_SURFACE('',#1057,0.1);
#526=FACE_OUTER_BOUND('',#1058,.T.);
#527=PLANE('',#1059);
#528=FACE_OUTER_BOUND('',#1060,.T.);
#529=CYLINDRICAL_SURFACE('',#1061,0.5);
#530=FACE_OUTER_BOUND('',#1062,.T.);
#531=PLANE('',#1063);
#532=FACE_OUTER_BOUND('',#1064,.T.);
#533=CYLINDRICAL_SURFACE('',#1065,0.15);
#534=FACE_OUTER_BOUND('',#1066,.T.);
#535=PLANE('',#1067);
#536=FACE_OUTER_BOUND('',#1068,.T.);
#537=CYLINDRICAL_SURFACE('',#1069,0.15);
#538=FACE_OUTER_BOUND('',#1070,.T.);
#539=PLANE('',#1071);
#540=FACE_OUTER_BOUND('',#1072,.T.);
#541=FACE_BOUND('',#1073,.T.);
#542=PLANE('',#1074);
#543=FACE_OUTER_BOUND('',#1075,.T.);
#544=PLANE('',#1076);
#545=FACE_OUTER_BOUND('',#1077,.T.);
#546=CYLINDRICAL_SURFACE('',#1078,0.1);
#547=FACE_OUTER_BOUND('',#1079,.T.);
#548=PLANE('',#1080);
#549=FACE_OUTER_BOUND('',#1081,.T.);
#550=CYLINDRICAL_SURFACE('',#1082,0.5);
#551=FACE_OUTER_BOUND('',#1083,.T.);
#552=CYLINDRICAL_SURFACE('',#1084,0.0999999999999998);
#553=FACE_OUTER_BOUND('',#1085,.T.);
#554=CYLINDRICAL_SURFACE('',#1086,0.0999999999999998);
#555=FACE_OUTER_BOUND('',#1087,.T.);
#556=CYLINDRICAL_SURFACE('',#1088,0.0999999999999998);
#557=FACE_OUTER_BOUND('',#1089,.T.);
#558=CYLINDRICAL_SURFACE('',#1090,0.0999999999999998);
#559=FACE_OUTER_BOUND('',#1091,.T.);
#560=CYLINDRICAL_SURFACE('',#1092,0.0999999999999998);
#561=FACE_OUTER_BOUND('',#1093,.T.);
#562=CYLINDRICAL_SURFACE('',#1094,0.0999999999999998);
#563=FACE_OUTER_BOUND('',#1095,.T.);
#564=CYLINDRICAL_SURFACE('',#1096,0.0999999999999998);
#565=FACE_OUTER_BOUND('',#1097,.T.);
#566=CYLINDRICAL_SURFACE('',#1098,0.0999999999999998);
#567=FACE_OUTER_BOUND('',#1099,.T.);
#568=CYLINDRICAL_SURFACE('',#1100,0.0999999999999998);
#569=FACE_OUTER_BOUND('',#1101,.T.);
#570=CYLINDRICAL_SURFACE('',#1102,0.0999999999999998);
#571=FACE_OUTER_BOUND('',#1103,.T.);
#572=CYLINDRICAL_SURFACE('',#1104,0.0999999999999998);
#573=FACE_OUTER_BOUND('',#1105,.T.);
#574=CYLINDRICAL_SURFACE('',#1106,0.0999999999999998);
#575=FACE_OUTER_BOUND('',#1107,.T.);
#576=PLANE('',#1108);
#577=FACE_OUTER_BOUND('',#1109,.T.);
#578=PLANE('',#1110);
#579=FACE_OUTER_BOUND('',#1111,.T.);
#580=PLANE('',#1112);
#581=FACE_OUTER_BOUND('',#1113,.T.);
#582=PLANE('',#1114);
#583=FACE_OUTER_BOUND('',#1115,.T.);
#584=PLANE('',#1116);
#585=FACE_OUTER_BOUND('',#1117,.T.);
#586=PLANE('',#1118);
#587=FACE_OUTER_BOUND('',#1119,.T.);
#588=PLANE('',#1120);
#589=FACE_OUTER_BOUND('',#1121,.T.);
#590=PLANE('',#1122);
#591=FACE_OUTER_BOUND('',#1123,.T.);
#592=PLANE('',#1124);
#593=FACE_OUTER_BOUND('',#1125,.T.);
#594=PLANE('',#1126);
#595=FACE_OUTER_BOUND('',#1127,.T.);
#596=PLANE('',#1128);
#597=FACE_OUTER_BOUND('',#1129,.T.);
#598=PLANE('',#1130);
#599=FACE_OUTER_BOUND('',#1131,.T.);
#600=PLANE('',#1132);
#601=FACE_OUTER_BOUND('',#1133,.T.);
#602=PLANE('',#1134);
#603=FACE_OUTER_BOUND('',#1135,.T.);
#604=PLANE('',#1136);
#605=FACE_OUTER_BOUND('',#1137,.T.);
#606=PLANE('',#1138);
#607=FACE_OUTER_BOUND('',#1139,.T.);
#608=PLANE('',#1140);
#609=FACE_OUTER_BOUND('',#1141,.T.);
#610=PLANE('',#1142);
#611=FACE_OUTER_BOUND('',#1143,.T.);
#612=PLANE('',#1144);
#613=FACE_OUTER_BOUND('',#1145,.T.);
#614=PLANE('',#1146);
#615=FACE_OUTER_BOUND('',#1147,.T.);
#616=PLANE('',#1148);
#617=FACE_OUTER_BOUND('',#1149,.T.);
#618=PLANE('',#1150);
#619=FACE_OUTER_BOUND('',#1151,.T.);
#620=PLANE('',#1152);
#621=FACE_OUTER_BOUND('',#1153,.T.);
#622=PLANE('',#1154);
#623=FACE_OUTER_BOUND('',#1155,.T.);
#624=PLANE('',#1156);
#625=FACE_OUTER_BOUND('',#1157,.T.);
#626=PLANE('',#1158);
#627=FACE_OUTER_BOUND('',#1159,.T.);
#628=PLANE('',#1160);
#629=FACE_OUTER_BOUND('',#1161,.T.);
#630=CYLINDRICAL_SURFACE('',#1162,0.1);
#631=FACE_OUTER_BOUND('',#1163,.T.);
#632=CYLINDRICAL_SURFACE('',#1164,0.1);
#633=FACE_OUTER_BOUND('',#1165,.T.);
#634=CYLINDRICAL_SURFACE('',#1166,0.1);
#635=FACE_OUTER_BOUND('',#1167,.T.);
#636=CYLINDRICAL_SURFACE('',#1168,0.1);
#637=FACE_OUTER_BOUND('',#1169,.T.);
#638=PLANE('',#1170);
#639=FACE_OUTER_BOUND('',#1171,.T.);
#640=PLANE('',#1172);
#641=FACE_OUTER_BOUND('',#1173,.T.);
#642=PLANE('',#1174);
#643=FACE_OUTER_BOUND('',#1175,.T.);
#644=PLANE('',#1176);
#645=FACE_OUTER_BOUND('',#1177,.T.);
#646=PLANE('',#1178);
#647=FACE_OUTER_BOUND('',#1179,.T.);
#648=PLANE('',#1180);
#649=FACE_OUTER_BOUND('',#1181,.T.);
#650=PLANE('',#1182);
#651=FACE_OUTER_BOUND('',#1183,.T.);
#652=PLANE('',#1184);
#653=FACE_OUTER_BOUND('',#1185,.T.);
#654=FACE_BOUND('',#1186,.T.);
#655=PLANE('',#1187);
#656=FACE_OUTER_BOUND('',#1188,.T.);
#657=PLANE('',#1189);
#658=FACE_OUTER_BOUND('',#1190,.T.);
#659=PLANE('',#1191);
#660=FACE_OUTER_BOUND('',#1192,.T.);
#661=PLANE('',#1193);
#662=FACE_OUTER_BOUND('',#1194,.T.);
#663=PLANE('',#1195);
#664=FACE_OUTER_BOUND('',#1196,.T.);
#665=PLANE('',#1197);
#666=FACE_OUTER_BOUND('',#1198,.T.);
#667=PLANE('',#1199);
#668=FACE_OUTER_BOUND('',#1200,.T.);
#669=PLANE('',#1201);
#670=FACE_OUTER_BOUND('',#1202,.T.);
#671=PLANE('',#1203);
#672=FACE_OUTER_BOUND('',#1204,.T.);
#673=PLANE('',#1205);
#674=FACE_OUTER_BOUND('',#1206,.T.);
#675=PLANE('',#1207);
#676=FACE_OUTER_BOUND('',#1208,.T.);
#677=PLANE('',#1209);
#678=FACE_OUTER_BOUND('',#1210,.T.);
#679=PLANE('',#1211);
#680=FACE_OUTER_BOUND('',#1212,.T.);
#681=PLANE('',#1213);
#682=FACE_OUTER_BOUND('',#1214,.T.);
#683=PLANE('',#1215);
#684=FACE_OUTER_BOUND('',#1216,.T.);
#685=PLANE('',#1217);
#686=FACE_OUTER_BOUND('',#1218,.T.);
#687=PLANE('',#1219);
#688=FACE_OUTER_BOUND('',#1220,.T.);
#689=PLANE('',#1221);
#690=FACE_OUTER_BOUND('',#1222,.T.);
#691=PLANE('',#1223);
#692=FACE_OUTER_BOUND('',#1224,.T.);
#693=PLANE('',#1225);
#694=FACE_OUTER_BOUND('',#1226,.T.);
#695=PLANE('',#1227);
#696=FACE_OUTER_BOUND('',#1228,.T.);
#697=PLANE('',#1229);
#698=FACE_OUTER_BOUND('',#1230,.T.);
#699=PLANE('',#1231);
#700=FACE_OUTER_BOUND('',#1232,.T.);
#701=PLANE('',#1233);
#702=FACE_OUTER_BOUND('',#1234,.T.);
#703=PLANE('',#1235);
#704=FACE_OUTER_BOUND('',#1236,.T.);
#705=CYLINDRICAL_SURFACE('',#1237,0.3);
#706=FACE_OUTER_BOUND('',#1238,.T.);
#707=PLANE('',#1239);
#708=FACE_OUTER_BOUND('',#1240,.T.);
#709=CYLINDRICAL_SURFACE('',#1241,0.3);
#710=FACE_OUTER_BOUND('',#1242,.T.);
#711=CYLINDRICAL_SURFACE('',#1243,0.5);
#712=FACE_OUTER_BOUND('',#1244,.T.);
#713=PLANE('',#1245);
#714=FACE_OUTER_BOUND('',#1246,.T.);
#715=CYLINDRICAL_SURFACE('',#1247,0.5);
#716=FACE_OUTER_BOUND('',#1248,.T.);
#717=PLANE('',#1249);
#718=FACE_OUTER_BOUND('',#1250,.T.);
#719=PLANE('',#1251);
#720=FACE_OUTER_BOUND('',#1252,.T.);
#721=PLANE('',#1253);
#722=FACE_OUTER_BOUND('',#1254,.T.);
#723=CYLINDRICAL_SURFACE('',#1255,0.3);
#724=FACE_OUTER_BOUND('',#1256,.T.);
#725=PLANE('',#1257);
#726=FACE_OUTER_BOUND('',#1258,.T.);
#727=CYLINDRICAL_SURFACE('',#1259,0.3);
#728=FACE_OUTER_BOUND('',#1260,.T.);
#729=CYLINDRICAL_SURFACE('',#1261,0.5);
#730=FACE_OUTER_BOUND('',#1262,.T.);
#731=PLANE('',#1263);
#732=FACE_OUTER_BOUND('',#1264,.T.);
#733=CYLINDRICAL_SURFACE('',#1265,0.5);
#734=FACE_OUTER_BOUND('',#1266,.T.);
#735=PLANE('',#1267);
#736=FACE_OUTER_BOUND('',#1268,.T.);
#737=PLANE('',#1269);
#738=FACE_OUTER_BOUND('',#1270,.T.);
#739=PLANE('',#1271);
#740=FACE_OUTER_BOUND('',#1272,.T.);
#741=CYLINDRICAL_SURFACE('',#1273,0.3);
#742=FACE_OUTER_BOUND('',#1274,.T.);
#743=PLANE('',#1275);
#744=FACE_OUTER_BOUND('',#1276,.T.);
#745=CYLINDRICAL_SURFACE('',#1277,0.3);
#746=FACE_OUTER_BOUND('',#1278,.T.);
#747=CYLINDRICAL_SURFACE('',#1279,0.5);
#748=FACE_OUTER_BOUND('',#1280,.T.);
#749=PLANE('',#1281);
#750=FACE_OUTER_BOUND('',#1282,.T.);
#751=CYLINDRICAL_SURFACE('',#1283,0.5);
#752=FACE_OUTER_BOUND('',#1284,.T.);
#753=PLANE('',#1285);
#754=FACE_OUTER_BOUND('',#1286,.T.);
#755=PLANE('',#1287);
#756=FACE_OUTER_BOUND('',#1288,.T.);
#757=PLANE('',#1289);
#758=FACE_OUTER_BOUND('',#1290,.T.);
#759=PLANE('',#1291);
#760=FACE_OUTER_BOUND('',#1292,.T.);
#761=PLANE('',#1293);
#762=FACE_OUTER_BOUND('',#1294,.T.);
#763=PLANE('',#1295);
#764=FACE_OUTER_BOUND('',#1296,.T.);
#765=FACE_BOUND('',#1297,.T.);
#766=FACE_BOUND('',#1298,.T.);
#767=FACE_BOUND('',#1299,.T.);
#768=FACE_BOUND('',#1300,.T.);
#769=PLANE('',#1301);
#770=FACE_OUTER_BOUND('',#1302,.T.);
#771=PLANE('',#1303);
#772=FACE_OUTER_BOUND('',#1304,.T.);
#773=PLANE('',#1305);
#774=FACE_OUTER_BOUND('',#1306,.T.);
#775=PLANE('',#1307);
#776=FACE_OUTER_BOUND('',#1308,.T.);
#777=PLANE('',#1309);
#778=FACE_OUTER_BOUND('',#1310,.T.);
#779=PLANE('',#1311);
#780=FACE_OUTER_BOUND('',#1312,.T.);
#781=PLANE('',#1313);
#782=FACE_OUTER_BOUND('',#1314,.T.);
#783=PLANE('',#1315);
#784=FACE_OUTER_BOUND('',#1316,.T.);
#785=PLANE('',#1317);
#786=FACE_OUTER_BOUND('',#1318,.T.);
#787=PLANE('',#1319);
#788=FACE_OUTER_BOUND('',#1320,.T.);
#789=PLANE('',#1321);
#790=FACE_OUTER_BOUND('',#1322,.T.);
#791=PLANE('',#1323);
#792=FACE_OUTER_BOUND('',#1324,.T.);
#793=PLANE('',#1325);
#794=FACE_OUTER_BOUND('',#1326,.T.);
#795=PLANE('',#1327);
#796=FACE_OUTER_BOUND('',#1328,.T.);
#797=PLANE('',#1329);
#798=FACE_OUTER_BOUND('',#1330,.T.);
#799=PLANE('',#1331);
#800=FACE_OUTER_BOUND('',#1332,.T.);
#801=PLANE('',#1333);
#802=FACE_OUTER_BOUND('',#1334,.T.);
#803=PLANE('',#1335);
#804=FACE_OUTER_BOUND('',#1336,.T.);
#805=PLANE('',#1337);
#806=FACE_OUTER_BOUND('',#1338,.T.);
#807=CYLINDRICAL_SURFACE('',#1339,0.300000000000184);
#808=FACE_OUTER_BOUND('',#1340,.T.);
#809=PLANE('',#1341);
#810=FACE_OUTER_BOUND('',#1342,.T.);
#811=CYLINDRICAL_SURFACE('',#1343,0.300000000000094);
#812=FACE_OUTER_BOUND('',#1344,.T.);
#813=PLANE('',#1345);
#814=FACE_OUTER_BOUND('',#1346,.T.);
#815=CYLINDRICAL_SURFACE('',#1347,0.499999999999898);
#816=FACE_OUTER_BOUND('',#1348,.T.);
#817=PLANE('',#1349);
#818=FACE_OUTER_BOUND('',#1350,.T.);
#819=CYLINDRICAL_SURFACE('',#1351,0.500000000000127);
#820=FACE_OUTER_BOUND('',#1352,.T.);
#821=PLANE('',#1353);
#822=FACE_OUTER_BOUND('',#1354,.T.);
#823=PLANE('',#1355);
#824=FACE_OUTER_BOUND('',#1356,.T.);
#825=PLANE('',#1357);
#826=FACE_OUTER_BOUND('',#1358,.T.);
#827=PLANE('',#1359);
#828=FACE_OUTER_BOUND('',#1360,.T.);
#829=PLANE('',#1361);
#830=FACE_OUTER_BOUND('',#1362,.T.);
#831=CYLINDRICAL_SURFACE('',#1363,0.300000000000062);
#832=FACE_OUTER_BOUND('',#1364,.T.);
#833=PLANE('',#1365);
#834=FACE_OUTER_BOUND('',#1366,.T.);
#835=PLANE('',#1367);
#836=FACE_OUTER_BOUND('',#1368,.T.);
#837=PLANE('',#1369);
#838=FACE_OUTER_BOUND('',#1370,.T.);
#839=CYLINDRICAL_SURFACE('',#1371,0.499999999999898);
#840=FACE_OUTER_BOUND('',#1372,.T.);
#841=PLANE('',#1373);
#842=FACE_OUTER_BOUND('',#1374,.T.);
#843=CYLINDRICAL_SURFACE('',#1375,0.500000000000127);
#844=FACE_OUTER_BOUND('',#1376,.T.);
#845=PLANE('',#1377);
#846=FACE_OUTER_BOUND('',#1378,.T.);
#847=CYLINDRICAL_SURFACE('',#1379,0.299999999999989);
#848=FACE_OUTER_BOUND('',#1380,.T.);
#849=PLANE('',#1381);
#850=FACE_OUTER_BOUND('',#1382,.T.);
#851=PLANE('',#1383);
#852=FACE_OUTER_BOUND('',#1384,.T.);
#853=PLANE('',#1385);
#854=FACE_OUTER_BOUND('',#1386,.T.);
#855=CYLINDRICAL_SURFACE('',#1387,0.300000000000062);
#856=FACE_OUTER_BOUND('',#1388,.T.);
#857=PLANE('',#1389);
#858=FACE_OUTER_BOUND('',#1390,.T.);
#859=PLANE('',#1391);
#860=FACE_OUTER_BOUND('',#1392,.T.);
#861=PLANE('',#1393);
#862=FACE_OUTER_BOUND('',#1394,.T.);
#863=CYLINDRICAL_SURFACE('',#1395,0.499999999999898);
#864=FACE_OUTER_BOUND('',#1396,.T.);
#865=PLANE('',#1397);
#866=FACE_OUTER_BOUND('',#1398,.T.);
#867=CYLINDRICAL_SURFACE('',#1399,0.500000000000127);
#868=FACE_OUTER_BOUND('',#1400,.T.);
#869=PLANE('',#1401);
#870=FACE_OUTER_BOUND('',#1402,.T.);
#871=CYLINDRICAL_SURFACE('',#1403,0.299999999999989);
#872=FACE_OUTER_BOUND('',#1404,.T.);
#873=PLANE('',#1405);
#874=FACE_OUTER_BOUND('',#1406,.T.);
#875=PLANE('',#1407);
#876=FACE_OUTER_BOUND('',#1408,.T.);
#877=PLANE('',#1409);
#878=EDGE_LOOP('',(#1410,#1411,#1412,#1413));
#879=AXIS2_PLACEMENT_3D('',#1414,#1415,#1416);
#880=EDGE_LOOP('',(#1417,#1418,#1419,#1420));
#881=AXIS2_PLACEMENT_3D('',#1421,#1422,#1423);
#882=EDGE_LOOP('',(#1424,#1425,#1426,#1427));
#883=AXIS2_PLACEMENT_3D('',#1428,#1429,#1430);
#884=EDGE_LOOP('',(#1431,#1432,#1433,#1434));
#885=AXIS2_PLACEMENT_3D('',#1435,#1436,#1437);
#886=EDGE_LOOP('',(#1438,#1439,#1440,#1441));
#887=AXIS2_PLACEMENT_3D('',#1442,#1443,#1444);
#888=EDGE_LOOP('',(#1445,#1446,#1447,#1448));
#889=AXIS2_PLACEMENT_3D('',#1449,#1450,#1451);
#890=EDGE_LOOP('',(#1452,#1453,#1454,#1455,#1456,#1457,#1458,#1459,#1460,#1461,#1462,#1463,#1464,#1465,#1466,#1467));
#891=AXIS2_PLACEMENT_3D('',#1468,#1469,#1470);
#892=EDGE_LOOP('',(#1471,#1472,#1473,#1474,#1475,#1476,#1477,#1478,#1479,#1480,#1481,#1482,#1483,#1484,#1485,#1486,#1487,#1488,#1489,#1490));
#893=AXIS2_PLACEMENT_3D('',#1491,#1492,#1493);
#894=EDGE_LOOP('',(#1494,#1495,#1496,#1497,#1498,#1499,#1500,#1501));
#895=AXIS2_PLACEMENT_3D('',#1502,#1503,#1504);
#896=EDGE_LOOP('',(#1505,#1506,#1507,#1508,#1509,#1510,#1511,#1512));
#897=AXIS2_PLACEMENT_3D('',#1513,#1514,#1515);
#898=EDGE_LOOP('',(#1516,#1517,#1518,#1519,#1520,#1521,#1522,#1523,#1524,#1525,#1526,#1527,#1528,#1529,#1530,#1531,#1532,#1533,#1534,#1535));
#899=AXIS2_PLACEMENT_3D('',#1536,#1537,#1538);
#900=EDGE_LOOP('',(#1539,#1540,#1541,#1542));
#901=AXIS2_PLACEMENT_3D('',#1543,#1544,#1545);
#902=EDGE_LOOP('',(#1546,#1547,#1548,#1549));
#903=AXIS2_PLACEMENT_3D('',#1550,#1551,#1552);
#904=EDGE_LOOP('',(#1553,#1554,#1555,#1556));
#905=AXIS2_PLACEMENT_3D('',#1557,#1558,#1559);
#906=EDGE_LOOP('',(#1560,#1561,#1562,#1563));
#907=AXIS2_PLACEMENT_3D('',#1564,#1565,#1566);
#908=EDGE_LOOP('',(#1567,#1568,#1569,#1570));
#909=EDGE_LOOP('',(#1571,#1572,#1573,#1574));
#910=AXIS2_PLACEMENT_3D('',#1575,#1576,#1577);
#911=EDGE_LOOP('',(#1578,#1579,#1580,#1581,#1582,#1583,#1584,#1585,#1586,#1587,#1588,#1589,#1590,#1591,#1592,#1593,#1594,#1595,#1596,#1597,#1598,#1599,#1600,#1601,#1602,#1603,#1604,#1605,#1606,#1607,#1608,#1609,#1610,#1611,#1612,#1613,#1614,#1615,#1616,#1617));
#912=EDGE_LOOP('',(#1618,#1619,#1620,#1621));
#913=AXIS2_PLACEMENT_3D('',#1622,#1623,#1624);
#914=EDGE_LOOP('',(#1625,#1626,#1627,#1628));
#915=AXIS2_PLACEMENT_3D('',#1629,#1630,#1631);
#916=EDGE_LOOP('',(#1632,#1633,#1634,#1635));
#917=AXIS2_PLACEMENT_3D('',#1636,#1637,#1638);
#918=EDGE_LOOP('',(#1639,#1640,#1641,#1642));
#919=AXIS2_PLACEMENT_3D('',#1643,#1644,#1645);
#920=EDGE_LOOP('',(#1646,#1647,#1648,#1649));
#921=AXIS2_PLACEMENT_3D('',#1650,#1651,#1652);
#922=EDGE_LOOP('',(#1653,#1654,#1655,#1656));
#923=AXIS2_PLACEMENT_3D('',#1657,#1658,#1659);
#924=EDGE_LOOP('',(#1660,#1661,#1662,#1663));
#925=AXIS2_PLACEMENT_3D('',#1664,#1665,#1666);
#926=EDGE_LOOP('',(#1667,#1668,#1669,#1670));
#927=AXIS2_PLACEMENT_3D('',#1671,#1672,#1673);
#928=EDGE_LOOP('',(#1674,#1675,#1676,#1677));
#929=AXIS2_PLACEMENT_3D('',#1678,#1679,#1680);
#930=EDGE_LOOP('',(#1681,#1682,#1683,#1684));
#931=AXIS2_PLACEMENT_3D('',#1685,#1686,#1687);
#932=EDGE_LOOP('',(#1688,#1689,#1690,#1691));
#933=AXIS2_PLACEMENT_3D('',#1692,#1693,#1694);
#934=EDGE_LOOP('',(#1695,#1696,#1697,#1698));
#935=AXIS2_PLACEMENT_3D('',#1699,#1700,#1701);
#936=EDGE_LOOP('',(#1702,#1703,#1704,#1705));
#937=AXIS2_PLACEMENT_3D('',#1706,#1707,#1708);
#938=EDGE_LOOP('',(#1709,#1710,#1711,#1712));
#939=AXIS2_PLACEMENT_3D('',#1713,#1714,#1715);
#940=EDGE_LOOP('',(#1716,#1717,#1718,#1719));
#941=AXIS2_PLACEMENT_3D('',#1720,#1721,#1722);
#942=EDGE_LOOP('',(#1723,#1724,#1725,#1726));
#943=AXIS2_PLACEMENT_3D('',#1727,#1728,#1729);
#944=EDGE_LOOP('',(#1730,#1731,#1732,#1733));
#945=AXIS2_PLACEMENT_3D('',#1734,#1735,#1736);
#946=EDGE_LOOP('',(#1737,#1738,#1739,#1740));
#947=AXIS2_PLACEMENT_3D('',#1741,#1742,#1743);
#948=EDGE_LOOP('',(#1744,#1745,#1746,#1747));
#949=AXIS2_PLACEMENT_3D('',#1748,#1749,#1750);
#950=EDGE_LOOP('',(#1751,#1752,#1753,#1754));
#951=AXIS2_PLACEMENT_3D('',#1755,#1756,#1757);
#952=EDGE_LOOP('',(#1758,#1759,#1760,#1761));
#953=AXIS2_PLACEMENT_3D('',#1762,#1763,#1764);
#954=EDGE_LOOP('',(#1765,#1766,#1767,#1768));
#955=AXIS2_PLACEMENT_3D('',#1769,#1770,#1771);
#956=EDGE_LOOP('',(#1772,#1773,#1774,#1775));
#957=AXIS2_PLACEMENT_3D('',#1776,#1777,#1778);
#958=EDGE_LOOP('',(#1779,#1780,#1781,#1782));
#959=AXIS2_PLACEMENT_3D('',#1783,#1784,#1785);
#960=EDGE_LOOP('',(#1786,#1787,#1788,#1789));
#961=AXIS2_PLACEMENT_3D('',#1790,#1791,#1792);
#962=EDGE_LOOP('',(#1793,#1794,#1795,#1796));
#963=AXIS2_PLACEMENT_3D('',#1797,#1798,#1799);
#964=EDGE_LOOP('',(#1800,#1801,#1802,#1803,#1804,#1805,#1806,#1807,#1808,#1809,#1810,#1811));
#965=AXIS2_PLACEMENT_3D('',#1812,#1813,#1814);
#966=EDGE_LOOP('',(#1815,#1816,#1817,#1818,#1819));
#967=AXIS2_PLACEMENT_3D('',#1820,#1821,#1822);
#968=EDGE_LOOP('',(#1823,#1824,#1825,#1826,#1827,#1828,#1829,#1830,#1831,#1832,#1833,#1834));
#969=AXIS2_PLACEMENT_3D('',#1835,#1836,#1837);
#970=EDGE_LOOP('',(#1838,#1839,#1840,#1841,#1842));
#971=AXIS2_PLACEMENT_3D('',#1843,#1844,#1845);
#972=EDGE_LOOP('',(#1846,#1847,#1848,#1849));
#973=AXIS2_PLACEMENT_3D('',#1850,#1851,#1852);
#974=EDGE_LOOP('',(#1853,#1854,#1855,#1856,#1857,#1858,#1859,#1860,#1861,#1862,#1863,#1864,#1865,#1866,#1867,#1868,#1869,#1870,#1871,#1872,#1873,#1874));
#975=AXIS2_PLACEMENT_3D('',#1875,#1876,#1877);
#976=EDGE_LOOP('',(#1878,#1879,#1880,#1881));
#977=AXIS2_PLACEMENT_3D('',#1882,#1883,#1884);
#978=EDGE_LOOP('',(#1885,#1886,#1887,#1888,#1889,#1890,#1891,#1892,#1893,#1894,#1895,#1896,#1897,#1898,#1899,#1900,#1901,#1902,#1903,#1904,#1905,#1906));
#979=AXIS2_PLACEMENT_3D('',#1907,#1908,#1909);
#980=EDGE_LOOP('',(#1910,#1911,#1912));
#981=AXIS2_PLACEMENT_3D('',#1913,#1914,#1915);
#982=EDGE_LOOP('',(#1916,#1917,#1918,#1919,#1920,#1921));
#983=AXIS2_PLACEMENT_3D('',#1922,#1923,#1924);
#984=EDGE_LOOP('',(#1925,#1926,#1927));
#985=AXIS2_PLACEMENT_3D('',#1928,#1929,#1930);
#986=EDGE_LOOP('',(#1931,#1932,#1933,#1934));
#987=AXIS2_PLACEMENT_3D('',#1935,#1936,#1937);
#988=EDGE_LOOP('',(#1938,#1939,#1940,#1941,#1942));
#989=AXIS2_PLACEMENT_3D('',#1943,#1944,#1945);
#990=EDGE_LOOP('',(#1946,#1947,#1948,#1949,#1950));
#991=AXIS2_PLACEMENT_3D('',#1951,#1952,#1953);
#992=EDGE_LOOP('',(#1954,#1955,#1956,#1957));
#993=AXIS2_PLACEMENT_3D('',#1958,#1959,#1960);
#994=EDGE_LOOP('',(#1961,#1962,#1963,#1964,#1965,#1966,#1967));
#995=AXIS2_PLACEMENT_3D('',#1968,#1969,#1970);
#996=EDGE_LOOP('',(#1971,#1972,#1973,#1974,#1975));
#997=AXIS2_PLACEMENT_3D('',#1976,#1977,#1978);
#998=EDGE_LOOP('',(#1979,#1980,#1981,#1982));
#999=AXIS2_PLACEMENT_3D('',#1983,#1984,#1985);
#1000=EDGE_LOOP('',(#1986,#1987,#1988,#1989));
#1001=AXIS2_PLACEMENT_3D('',#1990,#1991,#1992);
#1002=EDGE_LOOP('',(#1993,#1994,#1995,#1996));
#1003=AXIS2_PLACEMENT_3D('',#1997,#1998,#1999);
#1004=EDGE_LOOP('',(#2000,#2001,#2002,#2003));
#1005=AXIS2_PLACEMENT_3D('',#2004,#2005,#2006);
#1006=EDGE_LOOP('',(#2007,#2008,#2009,#2010));
#1007=AXIS2_PLACEMENT_3D('',#2011,#2012,#2013);
#1008=EDGE_LOOP('',(#2014,#2015,#2016,#2017));
#1009=AXIS2_PLACEMENT_3D('',#2018,#2019,#2020);
#1010=EDGE_LOOP('',(#2021,#2022,#2023,#2024));
#1011=AXIS2_PLACEMENT_3D('',#2025,#2026,#2027);
#1012=EDGE_LOOP('',(#2028,#2029,#2030,#2031));
#1013=AXIS2_PLACEMENT_3D('',#2032,#2033,#2034);
#1014=EDGE_LOOP('',(#2035,#2036,#2037,#2038));
#1015=AXIS2_PLACEMENT_3D('',#2039,#2040,#2041);
#1016=EDGE_LOOP('',(#2042,#2043,#2044,#2045,#2046,#2047,#2048,#2049));
#1017=AXIS2_PLACEMENT_3D('',#2050,#2051,#2052);
#1018=EDGE_LOOP('',(#2053,#2054,#2055,#2056));
#1019=AXIS2_PLACEMENT_3D('',#2057,#2058,#2059);
#1020=EDGE_LOOP('',(#2060,#2061,#2062,#2063,#2064,#2065,#2066,#2067));
#1021=AXIS2_PLACEMENT_3D('',#2068,#2069,#2070);
#1022=EDGE_LOOP('',(#2071,#2072,#2073,#2074));
#1023=AXIS2_PLACEMENT_3D('',#2075,#2076,#2077);
#1024=EDGE_LOOP('',(#2078,#2079,#2080,#2081));
#1025=AXIS2_PLACEMENT_3D('',#2082,#2083,#2084);
#1026=EDGE_LOOP('',(#2085,#2086,#2087,#2088));
#1027=AXIS2_PLACEMENT_3D('',#2089,#2090,#2091);
#1028=EDGE_LOOP('',(#2092,#2093,#2094,#2095));
#1029=AXIS2_PLACEMENT_3D('',#2096,#2097,#2098);
#1030=EDGE_LOOP('',(#2099,#2100,#2101,#2102));
#1031=AXIS2_PLACEMENT_3D('',#2103,#2104,#2105);
#1032=EDGE_LOOP('',(#2106,#2107,#2108,#2109,#2110,#2111,#2112,#2113));
#1033=AXIS2_PLACEMENT_3D('',#2114,#2115,#2116);
#1034=EDGE_LOOP('',(#2117,#2118,#2119,#2120,#2121,#2122,#2123,#2124,#2125,#2126,#2127,#2128,#2129,#2130,#2131,#2132,#2133,#2134,#2135,#2136,#2137,#2138));
#1035=AXIS2_PLACEMENT_3D('',#2139,#2140,#2141);
#1036=EDGE_LOOP('',(#2142,#2143,#2144,#2145));
#1037=AXIS2_PLACEMENT_3D('',#2146,#2147,#2148);
#1038=EDGE_LOOP('',(#2149,#2150,#2151,#2152));
#1039=AXIS2_PLACEMENT_3D('',#2153,#2154,#2155);
#1040=EDGE_LOOP('',(#2156,#2157,#2158,#2159));
#1041=AXIS2_PLACEMENT_3D('',#2160,#2161,#2162);
#1042=EDGE_LOOP('',(#2163,#2164,#2165,#2166));
#1043=AXIS2_PLACEMENT_3D('',#2167,#2168,#2169);
#1044=EDGE_LOOP('',(#2170,#2171,#2172,#2173));
#1045=AXIS2_PLACEMENT_3D('',#2174,#2175,#2176);
#1046=EDGE_LOOP('',(#2177,#2178,#2179,#2180));
#1047=AXIS2_PLACEMENT_3D('',#2181,#2182,#2183);
#1048=EDGE_LOOP('',(#2184,#2185,#2186,#2187));
#1049=AXIS2_PLACEMENT_3D('',#2188,#2189,#2190);
#1050=EDGE_LOOP('',(#2191,#2192,#2193,#2194));
#1051=AXIS2_PLACEMENT_3D('',#2195,#2196,#2197);
#1052=EDGE_LOOP('',(#2198,#2199,#2200,#2201));
#1053=AXIS2_PLACEMENT_3D('',#2202,#2203,#2204);
#1054=EDGE_LOOP('',(#2205,#2206,#2207,#2208));
#1055=AXIS2_PLACEMENT_3D('',#2209,#2210,#2211);
#1056=EDGE_LOOP('',(#2212,#2213,#2214,#2215));
#1057=AXIS2_PLACEMENT_3D('',#2216,#2217,#2218);
#1058=EDGE_LOOP('',(#2219,#2220,#2221,#2222));
#1059=AXIS2_PLACEMENT_3D('',#2223,#2224,#2225);
#1060=EDGE_LOOP('',(#2226,#2227,#2228,#2229));
#1061=AXIS2_PLACEMENT_3D('',#2230,#2231,#2232);
#1062=EDGE_LOOP('',(#2233,#2234,#2235,#2236));
#1063=AXIS2_PLACEMENT_3D('',#2237,#2238,#2239);
#1064=EDGE_LOOP('',(#2240,#2241,#2242,#2243));
#1065=AXIS2_PLACEMENT_3D('',#2244,#2245,#2246);
#1066=EDGE_LOOP('',(#2247,#2248,#2249,#2250));
#1067=AXIS2_PLACEMENT_3D('',#2251,#2252,#2253);
#1068=EDGE_LOOP('',(#2254,#2255,#2256,#2257));
#1069=AXIS2_PLACEMENT_3D('',#2258,#2259,#2260);
#1070=EDGE_LOOP('',(#2261,#2262,#2263,#2264));
#1071=AXIS2_PLACEMENT_3D('',#2265,#2266,#2267);
#1072=EDGE_LOOP('',(#2268,#2269,#2270,#2271,#2272,#2273,#2274,#2275,#2276,#2277,#2278,#2279,#2280,#2281,#2282,#2283,#2284,#2285,#2286,#2287,#2288,#2289,#2290,#2291,#2292,#2293,#2294,#2295,#2296,#2297,#2298,#2299,#2300,#2301,#2302,#2303,#2304,#2305,#2306,#2307));
#1073=EDGE_LOOP('',(#2308,#2309,#2310,#2311));
#1074=AXIS2_PLACEMENT_3D('',#2312,#2313,#2314);
#1075=EDGE_LOOP('',(#2315,#2316,#2317,#2318,#2319,#2320,#2321,#2322));
#1076=AXIS2_PLACEMENT_3D('',#2323,#2324,#2325);
#1077=EDGE_LOOP('',(#2326,#2327,#2328,#2329));
#1078=AXIS2_PLACEMENT_3D('',#2330,#2331,#2332);
#1079=EDGE_LOOP('',(#2333,#2334,#2335,#2336,#2337,#2338,#2339,#2340,#2341,#2342,#2343,#2344,#2345,#2346,#2347,#2348,#2349,#2350,#2351,#2352,#2353,#2354));
#1080=AXIS2_PLACEMENT_3D('',#2355,#2356,#2357);
#1081=EDGE_LOOP('',(#2358,#2359,#2360,#2361));
#1082=AXIS2_PLACEMENT_3D('',#2362,#2363,#2364);
#1083=EDGE_LOOP('',(#2365,#2366,#2367,#2368));
#1084=AXIS2_PLACEMENT_3D('',#2369,#2370,#2371);
#1085=EDGE_LOOP('',(#2372,#2373,#2374,#2375));
#1086=AXIS2_PLACEMENT_3D('',#2376,#2377,#2378);
#1087=EDGE_LOOP('',(#2379,#2380,#2381,#2382));
#1088=AXIS2_PLACEMENT_3D('',#2383,#2384,#2385);
#1089=EDGE_LOOP('',(#2386,#2387,#2388,#2389));
#1090=AXIS2_PLACEMENT_3D('',#2390,#2391,#2392);
#1091=EDGE_LOOP('',(#2393,#2394,#2395,#2396));
#1092=AXIS2_PLACEMENT_3D('',#2397,#2398,#2399);
#1093=EDGE_LOOP('',(#2400,#2401,#2402,#2403));
#1094=AXIS2_PLACEMENT_3D('',#2404,#2405,#2406);
#1095=EDGE_LOOP('',(#2407,#2408,#2409,#2410));
#1096=AXIS2_PLACEMENT_3D('',#2411,#2412,#2413);
#1097=EDGE_LOOP('',(#2414,#2415,#2416,#2417));
#1098=AXIS2_PLACEMENT_3D('',#2418,#2419,#2420);
#1099=EDGE_LOOP('',(#2421,#2422,#2423,#2424));
#1100=AXIS2_PLACEMENT_3D('',#2425,#2426,#2427);
#1101=EDGE_LOOP('',(#2428,#2429,#2430,#2431));
#1102=AXIS2_PLACEMENT_3D('',#2432,#2433,#2434);
#1103=EDGE_LOOP('',(#2435,#2436,#2437,#2438));
#1104=AXIS2_PLACEMENT_3D('',#2439,#2440,#2441);
#1105=EDGE_LOOP('',(#2442,#2443,#2444,#2445));
#1106=AXIS2_PLACEMENT_3D('',#2446,#2447,#2448);
#1107=EDGE_LOOP('',(#2449,#2450,#2451,#2452));
#1108=AXIS2_PLACEMENT_3D('',#2453,#2454,#2455);
#1109=EDGE_LOOP('',(#2456,#2457,#2458,#2459));
#1110=AXIS2_PLACEMENT_3D('',#2460,#2461,#2462);
#1111=EDGE_LOOP('',(#2463,#2464,#2465,#2466));
#1112=AXIS2_PLACEMENT_3D('',#2467,#2468,#2469);
#1113=EDGE_LOOP('',(#2470,#2471,#2472,#2473));
#1114=AXIS2_PLACEMENT_3D('',#2474,#2475,#2476);
#1115=EDGE_LOOP('',(#2477,#2478,#2479,#2480));
#1116=AXIS2_PLACEMENT_3D('',#2481,#2482,#2483);
#1117=EDGE_LOOP('',(#2484,#2485,#2486,#2487));
#1118=AXIS2_PLACEMENT_3D('',#2488,#2489,#2490);
#1119=EDGE_LOOP('',(#2491,#2492,#2493,#2494));
#1120=AXIS2_PLACEMENT_3D('',#2495,#2496,#2497);
#1121=EDGE_LOOP('',(#2498,#2499,#2500,#2501));
#1122=AXIS2_PLACEMENT_3D('',#2502,#2503,#2504);
#1123=EDGE_LOOP('',(#2505,#2506,#2507,#2508));
#1124=AXIS2_PLACEMENT_3D('',#2509,#2510,#2511);
#1125=EDGE_LOOP('',(#2512,#2513,#2514,#2515));
#1126=AXIS2_PLACEMENT_3D('',#2516,#2517,#2518);
#1127=EDGE_LOOP('',(#2519,#2520,#2521,#2522));
#1128=AXIS2_PLACEMENT_3D('',#2523,#2524,#2525);
#1129=EDGE_LOOP('',(#2526,#2527,#2528,#2529));
#1130=AXIS2_PLACEMENT_3D('',#2530,#2531,#2532);
#1131=EDGE_LOOP('',(#2533,#2534,#2535,#2536));
#1132=AXIS2_PLACEMENT_3D('',#2537,#2538,#2539);
#1133=EDGE_LOOP('',(#2540,#2541,#2542,#2543));
#1134=AXIS2_PLACEMENT_3D('',#2544,#2545,#2546);
#1135=EDGE_LOOP('',(#2547,#2548,#2549,#2550));
#1136=AXIS2_PLACEMENT_3D('',#2551,#2552,#2553);
#1137=EDGE_LOOP('',(#2554,#2555,#2556,#2557));
#1138=AXIS2_PLACEMENT_3D('',#2558,#2559,#2560);
#1139=EDGE_LOOP('',(#2561,#2562,#2563,#2564));
#1140=AXIS2_PLACEMENT_3D('',#2565,#2566,#2567);
#1141=EDGE_LOOP('',(#2568,#2569,#2570,#2571));
#1142=AXIS2_PLACEMENT_3D('',#2572,#2573,#2574);
#1143=EDGE_LOOP('',(#2575,#2576,#2577,#2578));
#1144=AXIS2_PLACEMENT_3D('',#2579,#2580,#2581);
#1145=EDGE_LOOP('',(#2582,#2583,#2584,#2585));
#1146=AXIS2_PLACEMENT_3D('',#2586,#2587,#2588);
#1147=EDGE_LOOP('',(#2589,#2590,#2591,#2592));
#1148=AXIS2_PLACEMENT_3D('',#2593,#2594,#2595);
#1149=EDGE_LOOP('',(#2596,#2597,#2598,#2599));
#1150=AXIS2_PLACEMENT_3D('',#2600,#2601,#2602);
#1151=EDGE_LOOP('',(#2603,#2604,#2605,#2606));
#1152=AXIS2_PLACEMENT_3D('',#2607,#2608,#2609);
#1153=EDGE_LOOP('',(#2610,#2611,#2612,#2613));
#1154=AXIS2_PLACEMENT_3D('',#2614,#2615,#2616);
#1155=EDGE_LOOP('',(#2617,#2618,#2619,#2620));
#1156=AXIS2_PLACEMENT_3D('',#2621,#2622,#2623);
#1157=EDGE_LOOP('',(#2624,#2625,#2626,#2627));
#1158=AXIS2_PLACEMENT_3D('',#2628,#2629,#2630);
#1159=EDGE_LOOP('',(#2631,#2632,#2633,#2634));
#1160=AXIS2_PLACEMENT_3D('',#2635,#2636,#2637);
#1161=EDGE_LOOP('',(#2638,#2639,#2640,#2641));
#1162=AXIS2_PLACEMENT_3D('',#2642,#2643,#2644);
#1163=EDGE_LOOP('',(#2645,#2646,#2647,#2648));
#1164=AXIS2_PLACEMENT_3D('',#2649,#2650,#2651);
#1165=EDGE_LOOP('',(#2652,#2653,#2654,#2655));
#1166=AXIS2_PLACEMENT_3D('',#2656,#2657,#2658);
#1167=EDGE_LOOP('',(#2659,#2660,#2661,#2662));
#1168=AXIS2_PLACEMENT_3D('',#2663,#2664,#2665);
#1169=EDGE_LOOP('',(#2666,#2667,#2668,#2669));
#1170=AXIS2_PLACEMENT_3D('',#2670,#2671,#2672);
#1171=EDGE_LOOP('',(#2673,#2674,#2675,#2676,#2677));
#1172=AXIS2_PLACEMENT_3D('',#2678,#2679,#2680);
#1173=EDGE_LOOP('',(#2681,#2682,#2683,#2684,#2685));
#1174=AXIS2_PLACEMENT_3D('',#2686,#2687,#2688);
#1175=EDGE_LOOP('',(#2689,#2690,#2691,#2692));
#1176=AXIS2_PLACEMENT_3D('',#2693,#2694,#2695);
#1177=EDGE_LOOP('',(#2696,#2697,#2698,#2699,#2700));
#1178=AXIS2_PLACEMENT_3D('',#2701,#2702,#2703);
#1179=EDGE_LOOP('',(#2704,#2705,#2706,#2707));
#1180=AXIS2_PLACEMENT_3D('',#2708,#2709,#2710);
#1181=EDGE_LOOP('',(#2711,#2712,#2713,#2714));
#1182=AXIS2_PLACEMENT_3D('',#2715,#2716,#2717);
#1183=EDGE_LOOP('',(#2718,#2719,#2720,#2721,#2722));
#1184=AXIS2_PLACEMENT_3D('',#2723,#2724,#2725);
#1185=EDGE_LOOP('',(#2726,#2727,#2728,#2729));
#1186=EDGE_LOOP('',(#2730,#2731,#2732,#2733,#2734,#2735,#2736,#2737));
#1187=AXIS2_PLACEMENT_3D('',#2738,#2739,#2740);
#1188=EDGE_LOOP('',(#2741,#2742,#2743,#2744));
#1189=AXIS2_PLACEMENT_3D('',#2745,#2746,#2747);
#1190=EDGE_LOOP('',(#2748,#2749,#2750,#2751));
#1191=AXIS2_PLACEMENT_3D('',#2752,#2753,#2754);
#1192=EDGE_LOOP('',(#2755,#2756,#2757,#2758));
#1193=AXIS2_PLACEMENT_3D('',#2759,#2760,#2761);
#1194=EDGE_LOOP('',(#2762,#2763,#2764,#2765));
#1195=AXIS2_PLACEMENT_3D('',#2766,#2767,#2768);
#1196=EDGE_LOOP('',(#2769,#2770,#2771,#2772));
#1197=AXIS2_PLACEMENT_3D('',#2773,#2774,#2775);
#1198=EDGE_LOOP('',(#2776,#2777,#2778,#2779));
#1199=AXIS2_PLACEMENT_3D('',#2780,#2781,#2782);
#1200=EDGE_LOOP('',(#2783,#2784,#2785,#2786));
#1201=AXIS2_PLACEMENT_3D('',#2787,#2788,#2789);
#1202=EDGE_LOOP('',(#2790,#2791,#2792,#2793));
#1203=AXIS2_PLACEMENT_3D('',#2794,#2795,#2796);
#1204=EDGE_LOOP('',(#2797,#2798,#2799,#2800));
#1205=AXIS2_PLACEMENT_3D('',#2801,#2802,#2803);
#1206=EDGE_LOOP('',(#2804,#2805,#2806,#2807));
#1207=AXIS2_PLACEMENT_3D('',#2808,#2809,#2810);
#1208=EDGE_LOOP('',(#2811,#2812,#2813,#2814));
#1209=AXIS2_PLACEMENT_3D('',#2815,#2816,#2817);
#1210=EDGE_LOOP('',(#2818,#2819,#2820,#2821));
#1211=AXIS2_PLACEMENT_3D('',#2822,#2823,#2824);
#1212=EDGE_LOOP('',(#2825,#2826,#2827,#2828));
#1213=AXIS2_PLACEMENT_3D('',#2829,#2830,#2831);
#1214=EDGE_LOOP('',(#2832,#2833,#2834,#2835));
#1215=AXIS2_PLACEMENT_3D('',#2836,#2837,#2838);
#1216=EDGE_LOOP('',(#2839,#2840,#2841,#2842));
#1217=AXIS2_PLACEMENT_3D('',#2843,#2844,#2845);
#1218=EDGE_LOOP('',(#2846,#2847,#2848,#2849));
#1219=AXIS2_PLACEMENT_3D('',#2850,#2851,#2852);
#1220=EDGE_LOOP('',(#2853,#2854,#2855,#2856));
#1221=AXIS2_PLACEMENT_3D('',#2857,#2858,#2859);
#1222=EDGE_LOOP('',(#2860,#2861,#2862,#2863));
#1223=AXIS2_PLACEMENT_3D('',#2864,#2865,#2866);
#1224=EDGE_LOOP('',(#2867,#2868,#2869,#2870));
#1225=AXIS2_PLACEMENT_3D('',#2871,#2872,#2873);
#1226=EDGE_LOOP('',(#2874,#2875,#2876,#2877));
#1227=AXIS2_PLACEMENT_3D('',#2878,#2879,#2880);
#1228=EDGE_LOOP('',(#2881,#2882,#2883,#2884));
#1229=AXIS2_PLACEMENT_3D('',#2885,#2886,#2887);
#1230=EDGE_LOOP('',(#2888,#2889,#2890,#2891));
#1231=AXIS2_PLACEMENT_3D('',#2892,#2893,#2894);
#1232=EDGE_LOOP('',(#2895,#2896,#2897,#2898));
#1233=AXIS2_PLACEMENT_3D('',#2899,#2900,#2901);
#1234=EDGE_LOOP('',(#2902,#2903,#2904,#2905));
#1235=AXIS2_PLACEMENT_3D('',#2906,#2907,#2908);
#1236=EDGE_LOOP('',(#2909,#2910,#2911,#2912));
#1237=AXIS2_PLACEMENT_3D('',#2913,#2914,#2915);
#1238=EDGE_LOOP('',(#2916,#2917,#2918,#2919));
#1239=AXIS2_PLACEMENT_3D('',#2920,#2921,#2922);
#1240=EDGE_LOOP('',(#2923,#2924,#2925,#2926));
#1241=AXIS2_PLACEMENT_3D('',#2927,#2928,#2929);
#1242=EDGE_LOOP('',(#2930,#2931,#2932,#2933));
#1243=AXIS2_PLACEMENT_3D('',#2934,#2935,#2936);
#1244=EDGE_LOOP('',(#2937,#2938,#2939,#2940));
#1245=AXIS2_PLACEMENT_3D('',#2941,#2942,#2943);
#1246=EDGE_LOOP('',(#2944,#2945,#2946,#2947));
#1247=AXIS2_PLACEMENT_3D('',#2948,#2949,#2950);
#1248=EDGE_LOOP('',(#2951,#2952,#2953,#2954));
#1249=AXIS2_PLACEMENT_3D('',#2955,#2956,#2957);
#1250=EDGE_LOOP('',(#2958,#2959,#2960,#2961));
#1251=AXIS2_PLACEMENT_3D('',#2962,#2963,#2964);
#1252=EDGE_LOOP('',(#2965,#2966,#2967,#2968));
#1253=AXIS2_PLACEMENT_3D('',#2969,#2970,#2971);
#1254=EDGE_LOOP('',(#2972,#2973,#2974,#2975));
#1255=AXIS2_PLACEMENT_3D('',#2976,#2977,#2978);
#1256=EDGE_LOOP('',(#2979,#2980,#2981,#2982));
#1257=AXIS2_PLACEMENT_3D('',#2983,#2984,#2985);
#1258=EDGE_LOOP('',(#2986,#2987,#2988,#2989));
#1259=AXIS2_PLACEMENT_3D('',#2990,#2991,#2992);
#1260=EDGE_LOOP('',(#2993,#2994,#2995,#2996));
#1261=AXIS2_PLACEMENT_3D('',#2997,#2998,#2999);
#1262=EDGE_LOOP('',(#3000,#3001,#3002,#3003));
#1263=AXIS2_PLACEMENT_3D('',#3004,#3005,#3006);
#1264=EDGE_LOOP('',(#3007,#3008,#3009,#3010));
#1265=AXIS2_PLACEMENT_3D('',#3011,#3012,#3013);
#1266=EDGE_LOOP('',(#3014,#3015,#3016,#3017));
#1267=AXIS2_PLACEMENT_3D('',#3018,#3019,#3020);
#1268=EDGE_LOOP('',(#3021,#3022,#3023,#3024));
#1269=AXIS2_PLACEMENT_3D('',#3025,#3026,#3027);
#1270=EDGE_LOOP('',(#3028,#3029,#3030,#3031));
#1271=AXIS2_PLACEMENT_3D('',#3032,#3033,#3034);
#1272=EDGE_LOOP('',(#3035,#3036,#3037,#3038));
#1273=AXIS2_PLACEMENT_3D('',#3039,#3040,#3041);
#1274=EDGE_LOOP('',(#3042,#3043,#3044,#3045));
#1275=AXIS2_PLACEMENT_3D('',#3046,#3047,#3048);
#1276=EDGE_LOOP('',(#3049,#3050,#3051,#3052));
#1277=AXIS2_PLACEMENT_3D('',#3053,#3054,#3055);
#1278=EDGE_LOOP('',(#3056,#3057,#3058,#3059));
#1279=AXIS2_PLACEMENT_3D('',#3060,#3061,#3062);
#1280=EDGE_LOOP('',(#3063,#3064,#3065,#3066));
#1281=AXIS2_PLACEMENT_3D('',#3067,#3068,#3069);
#1282=EDGE_LOOP('',(#3070,#3071,#3072,#3073));
#1283=AXIS2_PLACEMENT_3D('',#3074,#3075,#3076);
#1284=EDGE_LOOP('',(#3077,#3078,#3079,#3080));
#1285=AXIS2_PLACEMENT_3D('',#3081,#3082,#3083);
#1286=EDGE_LOOP('',(#3084,#3085,#3086,#3087));
#1287=AXIS2_PLACEMENT_3D('',#3088,#3089,#3090);
#1288=EDGE_LOOP('',(#3091,#3092,#3093,#3094));
#1289=AXIS2_PLACEMENT_3D('',#3095,#3096,#3097);
#1290=EDGE_LOOP('',(#3098,#3099,#3100,#3101));
#1291=AXIS2_PLACEMENT_3D('',#3102,#3103,#3104);
#1292=EDGE_LOOP('',(#3105,#3106,#3107,#3108));
#1293=AXIS2_PLACEMENT_3D('',#3109,#3110,#3111);
#1294=EDGE_LOOP('',(#3112,#3113,#3114,#3115));
#1295=AXIS2_PLACEMENT_3D('',#3116,#3117,#3118);
#1296=EDGE_LOOP('',(#3119,#3120,#3121,#3122));
#1297=EDGE_LOOP('',(#3123,#3124,#3125,#3126));
#1298=EDGE_LOOP('',(#3127,#3128,#3129,#3130));
#1299=EDGE_LOOP('',(#3131,#3132,#3133,#3134));
#1300=EDGE_LOOP('',(#3135,#3136,#3137,#3138));
#1301=AXIS2_PLACEMENT_3D('',#3139,#3140,#3141);
#1302=EDGE_LOOP('',(#3142,#3143,#3144,#3145));
#1303=AXIS2_PLACEMENT_3D('',#3146,#3147,#3148);
#1304=EDGE_LOOP('',(#3149,#3150,#3151,#3152));
#1305=AXIS2_PLACEMENT_3D('',#3153,#3154,#3155);
#1306=EDGE_LOOP('',(#3156,#3157,#3158,#3159,#3160,#3161,#3162,#3163,#3164,#3165,#3166,#3167,#3168,#3169,#3170,#3171,#3172,#3173,#3174,#3175));
#1307=AXIS2_PLACEMENT_3D('',#3176,#3177,#3178);
#1308=EDGE_LOOP('',(#3179,#3180,#3181,#3182));
#1309=AXIS2_PLACEMENT_3D('',#3183,#3184,#3185);
#1310=EDGE_LOOP('',(#3186,#3187,#3188,#3189,#3190,#3191,#3192,#3193,#3194,#3195,#3196,#3197,#3198,#3199,#3200,#3201,#3202,#3203,#3204,#3205));
#1311=AXIS2_PLACEMENT_3D('',#3206,#3207,#3208);
#1312=EDGE_LOOP('',(#3209,#3210,#3211,#3212,#3213,#3214,#3215,#3216,#3217,#3218,#3219,#3220));
#1313=AXIS2_PLACEMENT_3D('',#3221,#3222,#3223);
#1314=EDGE_LOOP('',(#3224,#3225,#3226,#3227,#3228,#3229,#3230,#3231,#3232,#3233,#3234,#3235));
#1315=AXIS2_PLACEMENT_3D('',#3236,#3237,#3238);
#1316=EDGE_LOOP('',(#3239,#3240,#3241,#3242));
#1317=AXIS2_PLACEMENT_3D('',#3243,#3244,#3245);
#1318=EDGE_LOOP('',(#3246,#3247,#3248,#3249,#3250,#3251,#3252,#3253,#3254,#3255,#3256,#3257));
#1319=AXIS2_PLACEMENT_3D('',#3258,#3259,#3260);
#1320=EDGE_LOOP('',(#3261,#3262,#3263,#3264,#3265,#3266,#3267,#3268,#3269,#3270,#3271,#3272));
#1321=AXIS2_PLACEMENT_3D('',#3273,#3274,#3275);
#1322=EDGE_LOOP('',(#3276,#3277,#3278,#3279,#3280,#3281,#3282,#3283,#3284,#3285,#3286,#3287));
#1323=AXIS2_PLACEMENT_3D('',#3288,#3289,#3290);
#1324=EDGE_LOOP('',(#3291,#3292,#3293,#3294,#3295,#3296,#3297,#3298,#3299,#3300,#3301,#3302));
#1325=AXIS2_PLACEMENT_3D('',#3303,#3304,#3305);
#1326=EDGE_LOOP('',(#3306,#3307,#3308,#3309,#3310,#3311,#3312,#3313,#3314,#3315,#3316,#3317,#3318,#3319,#3320,#3321));
#1327=AXIS2_PLACEMENT_3D('',#3322,#3323,#3324);
#1328=EDGE_LOOP('',(#3325,#3326,#3327,#3328,#3329,#3330,#3331,#3332,#3333,#3334,#3335,#3336,#3337,#3338,#3339,#3340));
#1329=AXIS2_PLACEMENT_3D('',#3341,#3342,#3343);
#1330=EDGE_LOOP('',(#3344,#3345,#3346,#3347,#3348));
#1331=AXIS2_PLACEMENT_3D('',#3349,#3350,#3351);
#1332=EDGE_LOOP('',(#3352,#3353,#3354,#3355,#3356));
#1333=AXIS2_PLACEMENT_3D('',#3357,#3358,#3359);
#1334=EDGE_LOOP('',(#3360,#3361,#3362,#3363,#3364));
#1335=AXIS2_PLACEMENT_3D('',#3365,#3366,#3367);
#1336=EDGE_LOOP('',(#3368,#3369,#3370,#3371,#3372));
#1337=AXIS2_PLACEMENT_3D('',#3373,#3374,#3375);
#1338=EDGE_LOOP('',(#3376,#3377,#3378,#3379));
#1339=AXIS2_PLACEMENT_3D('',#3380,#3381,#3382);
#1340=EDGE_LOOP('',(#3383,#3384,#3385,#3386));
#1341=AXIS2_PLACEMENT_3D('',#3387,#3388,#3389);
#1342=EDGE_LOOP('',(#3390,#3391,#3392,#3393));
#1343=AXIS2_PLACEMENT_3D('',#3394,#3395,#3396);
#1344=EDGE_LOOP('',(#3397,#3398,#3399,#3400));
#1345=AXIS2_PLACEMENT_3D('',#3401,#3402,#3403);
#1346=EDGE_LOOP('',(#3404,#3405,#3406,#3407));
#1347=AXIS2_PLACEMENT_3D('',#3408,#3409,#3410);
#1348=EDGE_LOOP('',(#3411,#3412,#3413,#3414));
#1349=AXIS2_PLACEMENT_3D('',#3415,#3416,#3417);
#1350=EDGE_LOOP('',(#3418,#3419,#3420,#3421));
#1351=AXIS2_PLACEMENT_3D('',#3422,#3423,#3424);
#1352=EDGE_LOOP('',(#3425,#3426,#3427,#3428));
#1353=AXIS2_PLACEMENT_3D('',#3429,#3430,#3431);
#1354=EDGE_LOOP('',(#3432,#3433,#3434,#3435));
#1355=AXIS2_PLACEMENT_3D('',#3436,#3437,#3438);
#1356=EDGE_LOOP('',(#3439,#3440,#3441,#3442));
#1357=AXIS2_PLACEMENT_3D('',#3443,#3444,#3445);
#1358=EDGE_LOOP('',(#3446,#3447,#3448,#3449,#3450,#3451,#3452,#3453,#3454,#3455,#3456,#3457));
#1359=AXIS2_PLACEMENT_3D('',#3458,#3459,#3460);
#1360=EDGE_LOOP('',(#3461,#3462,#3463,#3464,#3465,#3466,#3467,#3468,#3469,#3470,#3471,#3472));
#1361=AXIS2_PLACEMENT_3D('',#3473,#3474,#3475);
#1362=EDGE_LOOP('',(#3476,#3477,#3478,#3479));
#1363=AXIS2_PLACEMENT_3D('',#3480,#3481,#3482);
#1364=EDGE_LOOP('',(#3483,#3484,#3485,#3486));
#1365=AXIS2_PLACEMENT_3D('',#3487,#3488,#3489);
#1366=EDGE_LOOP('',(#3490,#3491,#3492,#3493));
#1367=AXIS2_PLACEMENT_3D('',#3494,#3495,#3496);
#1368=EDGE_LOOP('',(#3497,#3498,#3499,#3500));
#1369=AXIS2_PLACEMENT_3D('',#3501,#3502,#3503);
#1370=EDGE_LOOP('',(#3504,#3505,#3506,#3507));
#1371=AXIS2_PLACEMENT_3D('',#3508,#3509,#3510);
#1372=EDGE_LOOP('',(#3511,#3512,#3513,#3514));
#1373=AXIS2_PLACEMENT_3D('',#3515,#3516,#3517);
#1374=EDGE_LOOP('',(#3518,#3519,#3520,#3521));
#1375=AXIS2_PLACEMENT_3D('',#3522,#3523,#3524);
#1376=EDGE_LOOP('',(#3525,#3526,#3527,#3528));
#1377=AXIS2_PLACEMENT_3D('',#3529,#3530,#3531);
#1378=EDGE_LOOP('',(#3532,#3533,#3534,#3535));
#1379=AXIS2_PLACEMENT_3D('',#3536,#3537,#3538);
#1380=EDGE_LOOP('',(#3539,#3540,#3541,#3542));
#1381=AXIS2_PLACEMENT_3D('',#3543,#3544,#3545);
#1382=EDGE_LOOP('',(#3546,#3547,#3548,#3549,#3550,#3551,#3552,#3553,#3554,#3555,#3556,#3557));
#1383=AXIS2_PLACEMENT_3D('',#3558,#3559,#3560);
#1384=EDGE_LOOP('',(#3561,#3562,#3563,#3564,#3565,#3566,#3567,#3568,#3569,#3570,#3571,#3572));
#1385=AXIS2_PLACEMENT_3D('',#3573,#3574,#3575);
#1386=EDGE_LOOP('',(#3576,#3577,#3578,#3579));
#1387=AXIS2_PLACEMENT_3D('',#3580,#3581,#3582);
#1388=EDGE_LOOP('',(#3583,#3584,#3585,#3586));
#1389=AXIS2_PLACEMENT_3D('',#3587,#3588,#3589);
#1390=EDGE_LOOP('',(#3590,#3591,#3592,#3593));
#1391=AXIS2_PLACEMENT_3D('',#3594,#3595,#3596);
#1392=EDGE_LOOP('',(#3597,#3598,#3599,#3600));
#1393=AXIS2_PLACEMENT_3D('',#3601,#3602,#3603);
#1394=EDGE_LOOP('',(#3604,#3605,#3606,#3607));
#1395=AXIS2_PLACEMENT_3D('',#3608,#3609,#3610);
#1396=EDGE_LOOP('',(#3611,#3612,#3613,#3614));
#1397=AXIS2_PLACEMENT_3D('',#3615,#3616,#3617);
#1398=EDGE_LOOP('',(#3618,#3619,#3620,#3621));
#1399=AXIS2_PLACEMENT_3D('',#3622,#3623,#3624);
#1400=EDGE_LOOP('',(#3625,#3626,#3627,#3628));
#1401=AXIS2_PLACEMENT_3D('',#3629,#3630,#3631);
#1402=EDGE_LOOP('',(#3632,#3633,#3634,#3635));
#1403=AXIS2_PLACEMENT_3D('',#3636,#3637,#3638);
#1404=EDGE_LOOP('',(#3639,#3640,#3641,#3642));
#1405=AXIS2_PLACEMENT_3D('',#3643,#3644,#3645);
#1406=EDGE_LOOP('',(#3646,#3647,#3648,#3649,#3650,#3651,#3652,#3653,#3654,#3655,#3656,#3657));
#1407=AXIS2_PLACEMENT_3D('',#3658,#3659,#3660);
#1408=EDGE_LOOP('',(#3661,#3662,#3663,#3664,#3665,#3666,#3667,#3668,#3669,#3670,#3671,#3672));
#1409=AXIS2_PLACEMENT_3D('',#3673,#3674,#3675);
#1410=ORIENTED_EDGE('',*,*,#3676,.T.);
#1411=ORIENTED_EDGE('',*,*,#3677,.T.);
#1412=ORIENTED_EDGE('',*,*,#3678,.T.);
#1413=ORIENTED_EDGE('',*,*,#3679,.T.);
#1414=CARTESIAN_POINT('',(4.89583280692736E-17,5.5,-3.07423380924777E-15));
#1415=DIRECTION('',(1.46144262893354E-17,1.0,1.2724121478279E-17));
#1416=DIRECTION('',(-1.0,1.46144262893354E-17,2.77555756156289E-16));
#1417=ORIENTED_EDGE('',*,*,#3680,.T.);
#1418=ORIENTED_EDGE('',*,*,#3681,.T.);
#1419=ORIENTED_EDGE('',*,*,#3682,.F.);
#1420=ORIENTED_EDGE('',*,*,#3679,.F.);
#1421=CARTESIAN_POINT('',(-0.25,5.5,0.749999999999997));
#1422=DIRECTION('',(-4.22116045821023E-16,1.2724121478279E-17,-1.0));
#1423=DIRECTION('',(-1.46144262893354E-17,-1.0,-1.2724121478279E-17));
#1424=ORIENTED_EDGE('',*,*,#3683,.T.);
#1425=ORIENTED_EDGE('',*,*,#3684,.T.);
#1426=ORIENTED_EDGE('',*,*,#3680,.F.);
#1427=ORIENTED_EDGE('',*,*,#3678,.F.);
#1428=CARTESIAN_POINT('',(-1.75,5.5,0.749999999999997));
#1429=DIRECTION('',(1.0,-3.45309814991954E-17,-5.66676335485757E-16));
#1430=DIRECTION('',(5.66676335485757E-16,-1.2724121478279E-17,1.0));
#1431=ORIENTED_EDGE('',*,*,#3685,.T.);
#1432=ORIENTED_EDGE('',*,*,#3686,.T.);
#1433=ORIENTED_EDGE('',*,*,#3683,.F.);
#1434=ORIENTED_EDGE('',*,*,#3677,.F.);
#1435=CARTESIAN_POINT('',(-0.25,5.5,-0.750000000000003));
#1436=DIRECTION('',(1.32995466491555E-16,-1.2724121478279E-17,1.0));
#1437=DIRECTION('',(-1.0,3.45309814991954E-17,1.32995466491555E-16));
#1438=ORIENTED_EDGE('',*,*,#3682,.T.);
#1439=ORIENTED_EDGE('',*,*,#3687,.T.);
#1440=ORIENTED_EDGE('',*,*,#3685,.F.);
#1441=ORIENTED_EDGE('',*,*,#3676,.F.);
#1442=CARTESIAN_POINT('',(-0.25,5.5,0.749999999999997));
#1443=DIRECTION('',(-1.0,3.45309814991954E-17,4.22116045821023E-16));
#1444=DIRECTION('',(4.22116045821023E-16,-1.2724121478279E-17,1.0));
#1445=ORIENTED_EDGE('',*,*,#3687,.F.);
#1446=ORIENTED_EDGE('',*,*,#3681,.F.);
#1447=ORIENTED_EDGE('',*,*,#3684,.F.);
#1448=ORIENTED_EDGE('',*,*,#3686,.F.);
#1449=CARTESIAN_POINT('',(1.68065902327357E-17,3.3,-3.10222687649999E-15));
#1450=DIRECTION('',(-1.46144262893354E-17,-1.0,-1.2724121478279E-17));
#1451=DIRECTION('',(-2.77555756156289E-16,1.2724121478279E-17,-1.0));
#1452=ORIENTED_EDGE('',*,*,#3688,.T.);
#1453=ORIENTED_EDGE('',*,*,#3689,.F.);
#1454=ORIENTED_EDGE('',*,*,#3690,.F.);
#1455=ORIENTED_EDGE('',*,*,#3691,.F.);
#1456=ORIENTED_EDGE('',*,*,#3692,.T.);
#1457=ORIENTED_EDGE('',*,*,#3693,.T.);
#1458=ORIENTED_EDGE('',*,*,#3694,.T.);
#1459=ORIENTED_EDGE('',*,*,#3695,.T.);
#1460=ORIENTED_EDGE('',*,*,#3696,.F.);
#1461=ORIENTED_EDGE('',*,*,#3697,.F.);
#1462=ORIENTED_EDGE('',*,*,#3698,.T.);
#1463=ORIENTED_EDGE('',*,*,#3699,.T.);
#1464=ORIENTED_EDGE('',*,*,#3700,.F.);
#1465=ORIENTED_EDGE('',*,*,#3701,.F.);
#1466=ORIENTED_EDGE('',*,*,#3702,.T.);
#1467=ORIENTED_EDGE('',*,*,#3703,.F.);
#1468=CARTESIAN_POINT('',(-4.2,0.999999999999999,1.75));
#1469=DIRECTION('',(2.77555756156289E-16,-1.2724121478279E-17,1.0));
#1470=DIRECTION('',(-1.0,3.45309814991954E-17,2.77555756156289E-16));
#1471=ORIENTED_EDGE('',*,*,#3704,.T.);
#1472=ORIENTED_EDGE('',*,*,#3705,.F.);
#1473=ORIENTED_EDGE('',*,*,#3706,.F.);
#1474=ORIENTED_EDGE('',*,*,#3707,.F.);
#1475=ORIENTED_EDGE('',*,*,#3708,.F.);
#1476=ORIENTED_EDGE('',*,*,#3709,.T.);
#1477=ORIENTED_EDGE('',*,*,#3710,.T.);
#1478=ORIENTED_EDGE('',*,*,#3711,.T.);
#1479=ORIENTED_EDGE('',*,*,#3712,.F.);
#1480=ORIENTED_EDGE('',*,*,#3713,.F.);
#1481=ORIENTED_EDGE('',*,*,#3714,.T.);
#1482=ORIENTED_EDGE('',*,*,#3715,.T.);
#1483=ORIENTED_EDGE('',*,*,#3716,.T.);
#1484=ORIENTED_EDGE('',*,*,#3717,.F.);
#1485=ORIENTED_EDGE('',*,*,#3718,.T.);
#1486=ORIENTED_EDGE('',*,*,#3719,.T.);
#1487=ORIENTED_EDGE('',*,*,#3720,.F.);
#1488=ORIENTED_EDGE('',*,*,#3721,.F.);
#1489=ORIENTED_EDGE('',*,*,#3722,.T.);
#1490=ORIENTED_EDGE('',*,*,#3723,.F.);
#1491=CARTESIAN_POINT('',(4.2,0.999999999999999,-1.75));
#1492=DIRECTION('',(-2.77555756156289E-16,1.2724121478279E-17,-1.0));
#1493=DIRECTION('',(-1.46144262893354E-17,-1.0,-1.2724121478279E-17));
#1494=ORIENTED_EDGE('',*,*,#3706,.T.);
#1495=ORIENTED_EDGE('',*,*,#3724,.F.);
#1496=ORIENTED_EDGE('',*,*,#3688,.F.);
#1497=ORIENTED_EDGE('',*,*,#3725,.F.);
#1498=ORIENTED_EDGE('',*,*,#3726,.F.);
#1499=ORIENTED_EDGE('',*,*,#3727,.F.);
#1500=ORIENTED_EDGE('',*,*,#3728,.T.);
#1501=ORIENTED_EDGE('',*,*,#3729,.F.);
#1502=CARTESIAN_POINT('',(-4.2,0.999999999999999,-1.75));
#1503=DIRECTION('',(-1.0,3.45309814991954E-17,2.77555756156289E-16));
#1504=DIRECTION('',(2.77555756156289E-16,-1.2724121478279E-17,1.0));
#1505=ORIENTED_EDGE('',*,*,#3690,.T.);
#1506=ORIENTED_EDGE('',*,*,#3730,.F.);
#1507=ORIENTED_EDGE('',*,*,#3704,.F.);
#1508=ORIENTED_EDGE('',*,*,#3731,.F.);
#1509=ORIENTED_EDGE('',*,*,#3732,.F.);
#1510=ORIENTED_EDGE('',*,*,#3733,.T.);
#1511=ORIENTED_EDGE('',*,*,#3734,.T.);
#1512=ORIENTED_EDGE('',*,*,#3735,.F.);
#1513=CARTESIAN_POINT('',(4.2,0.999999999999999,1.75));
#1514=DIRECTION('',(1.0,-3.45309814991954E-17,-2.77555756156289E-16));
#1515=DIRECTION('',(3.45309814991954E-17,1.0,1.2724121478279E-17));
#1516=ORIENTED_EDGE('',*,*,#3727,.T.);
#1517=ORIENTED_EDGE('',*,*,#3736,.T.);
#1518=ORIENTED_EDGE('',*,*,#3737,.T.);
#1519=ORIENTED_EDGE('',*,*,#3738,.F.);
#1520=ORIENTED_EDGE('',*,*,#3697,.T.);
#1521=ORIENTED_EDGE('',*,*,#3739,.T.);
#1522=ORIENTED_EDGE('',*,*,#3740,.T.);
#1523=ORIENTED_EDGE('',*,*,#3741,.F.);
#1524=ORIENTED_EDGE('',*,*,#3733,.F.);
#1525=ORIENTED_EDGE('',*,*,#3742,.T.);
#1526=ORIENTED_EDGE('',*,*,#3743,.T.);
#1527=ORIENTED_EDGE('',*,*,#3744,.F.);
#1528=ORIENTED_EDGE('',*,*,#3717,.T.);
#1529=ORIENTED_EDGE('',*,*,#3745,.F.);
#1530=ORIENTED_EDGE('',*,*,#3746,.T.);
#1531=ORIENTED_EDGE('',*,*,#3747,.F.);
#1532=ORIENTED_EDGE('',*,*,#3713,.T.);
#1533=ORIENTED_EDGE('',*,*,#3748,.T.);
#1534=ORIENTED_EDGE('',*,*,#3749,.T.);
#1535=ORIENTED_EDGE('',*,*,#3750,.F.);
#1536=CARTESIAN_POINT('',(1.66604459698424E-17,3.29,-3.10235411771477E-15));
#1537=DIRECTION('',(-1.46144262893354E-17,-1.0,-1.2724121478279E-17));
#1538=DIRECTION('',(-2.77555756156289E-16,1.2724121478279E-17,-1.0));
#1539=ORIENTED_EDGE('',*,*,#3751,.F.);
#1540=ORIENTED_EDGE('',*,*,#3752,.F.);
#1541=ORIENTED_EDGE('',*,*,#3753,.F.);
#1542=ORIENTED_EDGE('',*,*,#3734,.F.);
#1543=CARTESIAN_POINT('',(2.8311397187988E-16,3.29,0.959999999999997));
#1544=DIRECTION('',(2.77555756156289E-16,-1.2724121478279E-17,1.0));
#1545=DIRECTION('',(-1.0,3.45309814991954E-17,2.77555756156289E-16));
#1546=ORIENTED_EDGE('',*,*,#3754,.F.);
#1547=ORIENTED_EDGE('',*,*,#3740,.F.);
#1548=ORIENTED_EDGE('',*,*,#3755,.T.);
#1549=ORIENTED_EDGE('',*,*,#3756,.T.);
#1550=CARTESIAN_POINT('',(3.96,3.29,1.46));
#1551=DIRECTION('',(2.77555756156289E-16,-1.2724121478279E-17,1.0));
#1552=DIRECTION('',(-1.0,3.45309814991954E-17,2.77555756156289E-16));
#1553=ORIENTED_EDGE('',*,*,#3757,.F.);
#1554=ORIENTED_EDGE('',*,*,#3758,.T.);
#1555=ORIENTED_EDGE('',*,*,#3759,.F.);
#1556=ORIENTED_EDGE('',*,*,#3728,.F.);
#1557=CARTESIAN_POINT('',(-2.49793079940195E-16,3.29,-0.960000000000003));
#1558=DIRECTION('',(-2.77555756156289E-16,1.2724121478279E-17,-1.0));
#1559=DIRECTION('',(-1.46144262893354E-17,-1.0,-1.2724121478279E-17));
#1560=ORIENTED_EDGE('',*,*,#3760,.F.);
#1561=ORIENTED_EDGE('',*,*,#3749,.F.);
#1562=ORIENTED_EDGE('',*,*,#3761,.T.);
#1563=ORIENTED_EDGE('',*,*,#3762,.T.);
#1564=CARTESIAN_POINT('',(-3.96,3.29,-1.46));
#1565=DIRECTION('',(-2.77555756156289E-16,1.2724121478279E-17,-1.0));
#1566=DIRECTION('',(-1.46144262893354E-17,-1.0,-1.2724121478279E-17));
#1567=ORIENTED_EDGE('',*,*,#3763,.F.);
#1568=ORIENTED_EDGE('',*,*,#3764,.T.);
#1569=ORIENTED_EDGE('',*,*,#3746,.F.);
#1570=ORIENTED_EDGE('',*,*,#3765,.F.);
#1571=ORIENTED_EDGE('',*,*,#3766,.F.);
#1572=ORIENTED_EDGE('',*,*,#3767,.T.);
#1573=ORIENTED_EDGE('',*,*,#3768,.F.);
#1574=ORIENTED_EDGE('',*,*,#3769,.T.);
#1575=CARTESIAN_POINT('',(-3.7,1.29,-1.45));
#1576=DIRECTION('',(-3.90936375501178E-16,1.2724121478279E-17,-1.0));
#1577=DIRECTION('',(-1.46144262893354E-17,-1.0,-1.2724121478279E-17));
#1578=ORIENTED_EDGE('',*,*,#3770,.F.);
#1579=ORIENTED_EDGE('',*,*,#3771,.T.);
#1580=ORIENTED_EDGE('',*,*,#3772,.F.);
#1581=ORIENTED_EDGE('',*,*,#3773,.T.);
#1582=ORIENTED_EDGE('',*,*,#3774,.F.);
#1583=ORIENTED_EDGE('',*,*,#3775,.T.);
#1584=ORIENTED_EDGE('',*,*,#3776,.T.);
#1585=ORIENTED_EDGE('',*,*,#3777,.T.);
#1586=ORIENTED_EDGE('',*,*,#3778,.T.);
#1587=ORIENTED_EDGE('',*,*,#3779,.T.);
#1588=ORIENTED_EDGE('',*,*,#3780,.F.);
#1589=ORIENTED_EDGE('',*,*,#3781,.T.);
#1590=ORIENTED_EDGE('',*,*,#3782,.F.);
#1591=ORIENTED_EDGE('',*,*,#3783,.T.);
#1592=ORIENTED_EDGE('',*,*,#3784,.F.);
#1593=ORIENTED_EDGE('',*,*,#3785,.T.);
#1594=ORIENTED_EDGE('',*,*,#3786,.F.);
#1595=ORIENTED_EDGE('',*,*,#3787,.T.);
#1596=ORIENTED_EDGE('',*,*,#3788,.F.);
#1597=ORIENTED_EDGE('',*,*,#3789,.F.);
#1598=ORIENTED_EDGE('',*,*,#3790,.T.);
#1599=ORIENTED_EDGE('',*,*,#3791,.T.);
#1600=ORIENTED_EDGE('',*,*,#3792,.F.);
#1601=ORIENTED_EDGE('',*,*,#3793,.T.);
#1602=ORIENTED_EDGE('',*,*,#3794,.F.);
#1603=ORIENTED_EDGE('',*,*,#3795,.T.);
#1604=ORIENTED_EDGE('',*,*,#3796,.F.);
#1605=ORIENTED_EDGE('',*,*,#3797,.T.);
#1606=ORIENTED_EDGE('',*,*,#3798,.T.);
#1607=ORIENTED_EDGE('',*,*,#3799,.T.);
#1608=ORIENTED_EDGE('',*,*,#3800,.T.);
#1609=ORIENTED_EDGE('',*,*,#3801,.T.);
#1610=ORIENTED_EDGE('',*,*,#3802,.F.);
#1611=ORIENTED_EDGE('',*,*,#3803,.T.);
#1612=ORIENTED_EDGE('',*,*,#3804,.F.);
#1613=ORIENTED_EDGE('',*,*,#3805,.T.);
#1614=ORIENTED_EDGE('',*,*,#3806,.F.);
#1615=ORIENTED_EDGE('',*,*,#3807,.T.);
#1616=ORIENTED_EDGE('',*,*,#3808,.F.);
#1617=ORIENTED_EDGE('',*,*,#3809,.T.);
#1618=ORIENTED_EDGE('',*,*,#3810,.F.);
#1619=ORIENTED_EDGE('',*,*,#3811,.F.);
#1620=ORIENTED_EDGE('',*,*,#3812,.F.);
#1621=ORIENTED_EDGE('',*,*,#3813,.F.);
#1622=CARTESIAN_POINT('',(-4.2,3.5,-1.75));
#1623=DIRECTION('',(1.46144262893354E-17,1.0,1.2724121478279E-17));
#1624=DIRECTION('',(-1.0,1.46144262893354E-17,2.77555756156289E-16));
#1625=ORIENTED_EDGE('',*,*,#3769,.F.);
#1626=ORIENTED_EDGE('',*,*,#3814,.T.);
#1627=ORIENTED_EDGE('',*,*,#3815,.T.);
#1628=ORIENTED_EDGE('',*,*,#3816,.T.);
#1629=CARTESIAN_POINT('',(0.3805872530377,3.5,-1.26));
#1630=DIRECTION('',(0.620416142821666,-3.14027606064475E-17,0.784272790377357));
#1631=DIRECTION('',(2.22806308440908E-17,1.0,2.24150292783519E-17));
#1632=ORIENTED_EDGE('',*,*,#3815,.F.);
#1633=ORIENTED_EDGE('',*,*,#3817,.T.);
#1634=ORIENTED_EDGE('',*,*,#3818,.T.);
#1635=ORIENTED_EDGE('',*,*,#3819,.T.);
#1636=CARTESIAN_POINT('',(1.0,3.5,-1.75));
#1637=DIRECTION('',(0.784272790377357,-1.91874588464947E-17,-0.620416142821666));
#1638=DIRECTION('',(0.620416142821666,-3.14027606064475E-17,0.784272790377357));
#1639=ORIENTED_EDGE('',*,*,#3820,.T.);
#1640=ORIENTED_EDGE('',*,*,#3818,.F.);
#1641=ORIENTED_EDGE('',*,*,#3821,.T.);
#1642=ORIENTED_EDGE('',*,*,#3822,.T.);
#1643=CARTESIAN_POINT('',(0.875916771435699,3.5,-1.906854558075));
#1644=DIRECTION('',(-0.620416142821666,3.14027606064475E-17,-0.784272790377357));
#1645=DIRECTION('',(-2.22806308440908E-17,-1.0,-2.24150292783519E-17));
#1646=ORIENTED_EDGE('',*,*,#3823,.T.);
#1647=ORIENTED_EDGE('',*,*,#3822,.F.);
#1648=ORIENTED_EDGE('',*,*,#3824,.T.);
#1649=ORIENTED_EDGE('',*,*,#3825,.F.);
#1650=CARTESIAN_POINT('',(0.3805872530377,2.4867179961273,-1.897533274308));
#1651=DIRECTION('',(-1.46144262893354E-17,-1.0,-1.2724121478279E-17));
#1652=DIRECTION('',(0.620416142821605,9.12156268890858E-19,-0.784272790377406));
#1653=ORIENTED_EDGE('',*,*,#3826,.T.);
#1654=ORIENTED_EDGE('',*,*,#3825,.T.);
#1655=ORIENTED_EDGE('',*,*,#3827,.T.);
#1656=ORIENTED_EDGE('',*,*,#3828,.T.);
#1657=CARTESIAN_POINT('',(0.3805872530377,3.5,-1.515013309723));
#1658=DIRECTION('',(0.620416142821605,-1.1444396092704E-17,-0.784272790377406));
#1659=DIRECTION('',(0.784272790377406,-3.4975959583192E-17,0.620416142821605));
#1660=ORIENTED_EDGE('',*,*,#3829,.T.);
#1661=ORIENTED_EDGE('',*,*,#3830,.F.);
#1662=ORIENTED_EDGE('',*,*,#3831,.T.);
#1663=ORIENTED_EDGE('',*,*,#3832,.F.);
#1664=CARTESIAN_POINT('',(-0.0924294983199704,2.4867179961273,-1.506683591145));
#1665=DIRECTION('',(-1.46144262893354E-17,-1.0,-1.2724121478279E-17));
#1666=DIRECTION('',(-0.620416142821604,-9.12156268890877E-19,0.784272790377406));
#1667=ORIENTED_EDGE('',*,*,#3767,.F.);
#1668=ORIENTED_EDGE('',*,*,#3833,.T.);
#1669=ORIENTED_EDGE('',*,*,#3832,.T.);
#1670=ORIENTED_EDGE('',*,*,#3834,.T.);
#1671=CARTESIAN_POINT('',(-0.0555130602067204,3.5,-1.604986690277));
#1672=DIRECTION('',(-0.620416142821605,1.1444396092704E-17,0.784272790377406));
#1673=DIRECTION('',(-2.22806308440893E-17,-1.0,-3.03321367820649E-18));
#1674=ORIENTED_EDGE('',*,*,#3835,.F.);
#1675=ORIENTED_EDGE('',*,*,#3836,.T.);
#1676=ORIENTED_EDGE('',*,*,#3828,.F.);
#1677=ORIENTED_EDGE('',*,*,#3837,.T.);
#1678=CARTESIAN_POINT('',(-0.0924191060025204,3.215544545907,-1.506675370075));
#1679=DIRECTION('',(1.46144262893354E-17,1.0,1.2724121478279E-17));
#1680=DIRECTION('',(-0.0491094558824488,-1.19910620649747E-17,0.998793402732982));
#1681=ORIENTED_EDGE('',*,*,#3838,.F.);
#1682=ORIENTED_EDGE('',*,*,#3839,.F.);
#1683=ORIENTED_EDGE('',*,*,#3840,.F.);
#1684=ORIENTED_EDGE('',*,*,#3841,.F.);
#1685=CARTESIAN_POINT('',(-4.2,2.25,1.6));
#1686=DIRECTION('',(-1.0,3.45309814991954E-17,2.77555756156289E-16));
#1687=DIRECTION('',(3.45309814991954E-17,1.0,1.2724121478279E-17));
#1688=ORIENTED_EDGE('',*,*,#3842,.F.);
#1689=ORIENTED_EDGE('',*,*,#3839,.T.);
#1690=ORIENTED_EDGE('',*,*,#3843,.F.);
#1691=ORIENTED_EDGE('',*,*,#3844,.T.);
#1692=CARTESIAN_POINT('',(3.65360657233385E-18,2.4,-3.11367858583044E-15));
#1693=DIRECTION('',(-1.46144262893354E-17,-1.0,-1.2724121478279E-17));
#1694=DIRECTION('',(-2.77555756156289E-16,1.2724121478279E-17,-1.0));
#1695=ORIENTED_EDGE('',*,*,#3845,.T.);
#1696=ORIENTED_EDGE('',*,*,#3846,.F.);
#1697=ORIENTED_EDGE('',*,*,#3847,.T.);
#1698=ORIENTED_EDGE('',*,*,#3844,.F.);
#1699=CARTESIAN_POINT('',(4.513184747985,1.9,1.159149157617));
#1700=DIRECTION('',(1.0,-3.45309814991954E-17,-2.77555756156289E-16));
#1701=DIRECTION('',(-3.45309814991954E-17,-1.0,-1.2724121478279E-17));
#1702=ORIENTED_EDGE('',*,*,#3848,.T.);
#1703=ORIENTED_EDGE('',*,*,#3849,.T.);
#1704=ORIENTED_EDGE('',*,*,#3850,.T.);
#1705=ORIENTED_EDGE('',*,*,#3846,.T.);
#1706=CARTESIAN_POINT('',(9.5,2.2955404823038,0.716164058305594));
#1707=DIRECTION('',(6.04818230269296E-17,-0.96324416154789,0.268627409703297));
#1708=DIRECTION('',(1.0,-1.60516185609769E-17,-2.82709240181652E-16));
#1709=ORIENTED_EDGE('',*,*,#3851,.T.);
#1710=ORIENTED_EDGE('',*,*,#3852,.F.);
#1711=ORIENTED_EDGE('',*,*,#3853,.T.);
#1712=ORIENTED_EDGE('',*,*,#3849,.F.);
#1713=CARTESIAN_POINT('',(-4.515430722826,2.4500706840475,0.898015622397198));
#1714=DIRECTION('',(-1.0,3.45309814991954E-17,2.77555756156289E-16));
#1715=DIRECTION('',(-4.12973175028857E-17,0.96324416154789,-0.268627409703297));
#1716=ORIENTED_EDGE('',*,*,#3854,.T.);
#1717=ORIENTED_EDGE('',*,*,#3852,.T.);
#1718=ORIENTED_EDGE('',*,*,#3855,.T.);
#1719=ORIENTED_EDGE('',*,*,#3856,.T.);
#1720=CARTESIAN_POINT('',(9.5,2.8,0.949999999999994));
#1721=DIRECTION('',(-2.45671331395941E-16,0.420552832271614,-0.90726805039543));
#1722=DIRECTION('',(1.0,-3.10084462410625E-17,-2.8515500041493E-16));
#1723=ORIENTED_EDGE('',*,*,#3857,.T.);
#1724=ORIENTED_EDGE('',*,*,#3858,.T.);
#1725=ORIENTED_EDGE('',*,*,#3859,.T.);
#1726=ORIENTED_EDGE('',*,*,#3860,.T.);
#1727=CARTESIAN_POINT('',(9.5,2.2955404823038,-0.716164058305606));
#1728=DIRECTION('',(2.5796360813195E-16,0.420552832271614,0.90726805039543));
#1729=DIRECTION('',(-1.0,3.10084462410625E-17,2.69956511897648E-16));
#1730=ORIENTED_EDGE('',*,*,#3861,.T.);
#1731=ORIENTED_EDGE('',*,*,#3862,.F.);
#1732=ORIENTED_EDGE('',*,*,#3863,.T.);
#1733=ORIENTED_EDGE('',*,*,#3858,.F.);
#1734=CARTESIAN_POINT('',(-4.515430722826,2.4500706840475,-0.898015622397202));
#1735=DIRECTION('',(-1.0,3.45309814991954E-17,2.77555756156289E-16));
#1736=DIRECTION('',(-2.66339571834551E-16,-0.420552832271614,-0.907268050395429));
#1737=ORIENTED_EDGE('',*,*,#3864,.T.);
#1738=ORIENTED_EDGE('',*,*,#3862,.T.);
#1739=ORIENTED_EDGE('',*,*,#3865,.T.);
#1740=ORIENTED_EDGE('',*,*,#3866,.T.);
#1741=CARTESIAN_POINT('',(9.5,2.4,-1.09073499524101));
#1742=DIRECTION('',(-8.86363446220782E-17,-0.96324416154789,-0.268627409703297));
#1743=DIRECTION('',(-2.63428126143151E-16,0.268627409703297,-0.96324416154789));
#1744=ORIENTED_EDGE('',*,*,#3867,.T.);
#1745=ORIENTED_EDGE('',*,*,#3866,.F.);
#1746=ORIENTED_EDGE('',*,*,#3868,.T.);
#1747=ORIENTED_EDGE('',*,*,#3869,.F.);
#1748=CARTESIAN_POINT('',(4.513184747985,1.9,-1.159149157617));
#1749=DIRECTION('',(1.0,-3.45309814991954E-17,-2.77555756156289E-16));
#1750=DIRECTION('',(-1.07820850146122E-16,-0.96324416154789,-0.268627409703297));
#1751=ORIENTED_EDGE('',*,*,#3870,.F.);
#1752=ORIENTED_EDGE('',*,*,#3871,.T.);
#1753=ORIENTED_EDGE('',*,*,#3872,.T.);
#1754=ORIENTED_EDGE('',*,*,#3869,.T.);
#1755=CARTESIAN_POINT('',(3.65360657233385E-18,2.4,-3.11367858583044E-15));
#1756=DIRECTION('',(-1.46144262893354E-17,-1.0,-1.2724121478279E-17));
#1757=DIRECTION('',(-2.77555756156289E-16,1.2724121478279E-17,-1.0));
#1758=ORIENTED_EDGE('',*,*,#3873,.F.);
#1759=ORIENTED_EDGE('',*,*,#3874,.F.);
#1760=ORIENTED_EDGE('',*,*,#3875,.F.);
#1761=ORIENTED_EDGE('',*,*,#3871,.F.);
#1762=CARTESIAN_POINT('',(-4.42627767221129E-16,2.25,-1.6));
#1763=DIRECTION('',(-1.0,3.45309814991954E-17,2.77555756156289E-16));
#1764=DIRECTION('',(3.45309814991954E-17,1.0,1.2724121478279E-17));
#1765=ORIENTED_EDGE('',*,*,#3876,.T.);
#1766=ORIENTED_EDGE('',*,*,#3877,.T.);
#1767=ORIENTED_EDGE('',*,*,#3878,.F.);
#1768=ORIENTED_EDGE('',*,*,#3874,.T.);
#1769=CARTESIAN_POINT('',(4.2,0.999999999999999,-1.75));
#1770=DIRECTION('',(-2.77555756156289E-16,1.2724121478279E-17,-1.0));
#1771=DIRECTION('',(-1.46144262893354E-17,-1.0,-1.2724121478279E-17));
#1772=ORIENTED_EDGE('',*,*,#3879,.F.);
#1773=ORIENTED_EDGE('',*,*,#3877,.F.);
#1774=ORIENTED_EDGE('',*,*,#3880,.F.);
#1775=ORIENTED_EDGE('',*,*,#3881,.F.);
#1776=CARTESIAN_POINT('',(-4.5139642299473E-16,1.65,-1.6));
#1777=DIRECTION('',(1.0,-3.45309814991954E-17,-2.77555756156289E-16));
#1778=DIRECTION('',(-3.45309814991954E-17,-1.0,-1.2724121478279E-17));
#1779=ORIENTED_EDGE('',*,*,#3882,.T.);
#1780=ORIENTED_EDGE('',*,*,#3883,.T.);
#1781=ORIENTED_EDGE('',*,*,#3884,.T.);
#1782=ORIENTED_EDGE('',*,*,#3881,.T.);
#1783=CARTESIAN_POINT('',(-9.49937708806801E-18,1.5,-3.12513029516089E-15));
#1784=DIRECTION('',(1.46144262893354E-17,1.0,1.2724121478279E-17));
#1785=DIRECTION('',(-1.0,1.46144262893354E-17,2.77555756156289E-16));
#1786=ORIENTED_EDGE('',*,*,#3885,.F.);
#1787=ORIENTED_EDGE('',*,*,#3886,.F.);
#1788=ORIENTED_EDGE('',*,*,#3887,.F.);
#1789=ORIENTED_EDGE('',*,*,#3883,.F.);
#1790=CARTESIAN_POINT('',(4.36781996705395E-16,1.65,1.6));
#1791=DIRECTION('',(-1.0,3.45309814991954E-17,2.77555756156289E-16));
#1792=DIRECTION('',(3.45309814991954E-17,1.0,1.2724121478279E-17));
#1793=ORIENTED_EDGE('',*,*,#3888,.T.);
#1794=ORIENTED_EDGE('',*,*,#3886,.T.);
#1795=ORIENTED_EDGE('',*,*,#3889,.T.);
#1796=ORIENTED_EDGE('',*,*,#3841,.T.);
#1797=CARTESIAN_POINT('',(-4.2,0.999999999999999,1.75));
#1798=DIRECTION('',(2.77555756156289E-16,-1.2724121478279E-17,1.0));
#1799=DIRECTION('',(-1.0,3.45309814991954E-17,2.77555756156289E-16));
#1800=ORIENTED_EDGE('',*,*,#3833,.F.);
#1801=ORIENTED_EDGE('',*,*,#3766,.T.);
#1802=ORIENTED_EDGE('',*,*,#3816,.F.);
#1803=ORIENTED_EDGE('',*,*,#3819,.F.);
#1804=ORIENTED_EDGE('',*,*,#3820,.F.);
#1805=ORIENTED_EDGE('',*,*,#3823,.F.);
#1806=ORIENTED_EDGE('',*,*,#3826,.F.);
#1807=ORIENTED_EDGE('',*,*,#3836,.F.);
#1808=ORIENTED_EDGE('',*,*,#3890,.F.);
#1809=ORIENTED_EDGE('',*,*,#3891,.F.);
#1810=ORIENTED_EDGE('',*,*,#3892,.F.);
#1811=ORIENTED_EDGE('',*,*,#3829,.F.);
#1812=CARTESIAN_POINT('',(1.452607909695,3.2,-1.95));
#1813=DIRECTION('',(-1.46144262893354E-17,-1.0,-1.2724121478279E-17));
#1814=DIRECTION('',(-2.77555756156289E-16,1.2724121478279E-17,-1.0));
#1815=ORIENTED_EDGE('',*,*,#3892,.T.);
#1816=ORIENTED_EDGE('',*,*,#3893,.T.);
#1817=ORIENTED_EDGE('',*,*,#3894,.F.);
#1818=ORIENTED_EDGE('',*,*,#3895,.T.);
#1819=ORIENTED_EDGE('',*,*,#3830,.T.);
#1820=CARTESIAN_POINT('',(-3.0,3.5,-1.75));
#1821=DIRECTION('',(-0.0491894747746103,-1.10101576416118E-17,0.998789465088313));
#1822=DIRECTION('',(-1.46626164745237E-17,-1.0,-1.17456225309484E-17));
#1823=ORIENTED_EDGE('',*,*,#3814,.F.);
#1824=ORIENTED_EDGE('',*,*,#3768,.T.);
#1825=ORIENTED_EDGE('',*,*,#3834,.F.);
#1826=ORIENTED_EDGE('',*,*,#3831,.F.);
#1827=ORIENTED_EDGE('',*,*,#3895,.F.);
#1828=ORIENTED_EDGE('',*,*,#3896,.T.);
#1829=ORIENTED_EDGE('',*,*,#3897,.F.);
#1830=ORIENTED_EDGE('',*,*,#3837,.F.);
#1831=ORIENTED_EDGE('',*,*,#3827,.F.);
#1832=ORIENTED_EDGE('',*,*,#3824,.F.);
#1833=ORIENTED_EDGE('',*,*,#3821,.F.);
#1834=ORIENTED_EDGE('',*,*,#3817,.F.);
#1835=CARTESIAN_POINT('',(5.11504920126739E-18,2.5,-3.11240617368261E-15));
#1836=DIRECTION('',(1.46144262893354E-17,1.0,1.2724121478279E-17));
#1837=DIRECTION('',(-1.0,1.46144262893354E-17,2.77555756156289E-16));
#1838=ORIENTED_EDGE('',*,*,#3897,.T.);
#1839=ORIENTED_EDGE('',*,*,#3898,.T.);
#1840=ORIENTED_EDGE('',*,*,#3899,.T.);
#1841=ORIENTED_EDGE('',*,*,#3890,.T.);
#1842=ORIENTED_EDGE('',*,*,#3835,.T.);
#1843=CARTESIAN_POINT('',(0.0183198160197795,3.5,-1.801592888541));
#1844=DIRECTION('',(0.0491094558824488,1.10129708755657E-17,-0.998793402732983));
#1845=DIRECTION('',(0.998793402732983,-3.51141911936715E-17,0.0491094558824488));
#1846=ORIENTED_EDGE('',*,*,#3900,.T.);
#1847=ORIENTED_EDGE('',*,*,#3856,.F.);
#1848=ORIENTED_EDGE('',*,*,#3901,.T.);
#1849=ORIENTED_EDGE('',*,*,#3902,.F.);
#1850=CARTESIAN_POINT('',(4.513184747985,2.910250059551,0.449999999999996));
#1851=DIRECTION('',(1.0,-3.45309814991954E-17,-2.77555756156289E-16));
#1852=DIRECTION('',(-2.3729536769334E-16,0.420552832271614,-0.90726805039543));
#1853=ORIENTED_EDGE('',*,*,#3884,.F.);
#1854=ORIENTED_EDGE('',*,*,#3887,.T.);
#1855=ORIENTED_EDGE('',*,*,#3888,.F.);
#1856=ORIENTED_EDGE('',*,*,#3840,.T.);
#1857=ORIENTED_EDGE('',*,*,#3842,.T.);
#1858=ORIENTED_EDGE('',*,*,#3847,.F.);
#1859=ORIENTED_EDGE('',*,*,#3850,.F.);
#1860=ORIENTED_EDGE('',*,*,#3853,.F.);
#1861=ORIENTED_EDGE('',*,*,#3854,.F.);
#1862=ORIENTED_EDGE('',*,*,#3900,.F.);
#1863=ORIENTED_EDGE('',*,*,#3903,.F.);
#1864=ORIENTED_EDGE('',*,*,#3904,.T.);
#1865=ORIENTED_EDGE('',*,*,#3905,.T.);
#1866=ORIENTED_EDGE('',*,*,#3906,.F.);
#1867=ORIENTED_EDGE('',*,*,#3859,.F.);
#1868=ORIENTED_EDGE('',*,*,#3863,.F.);
#1869=ORIENTED_EDGE('',*,*,#3864,.F.);
#1870=ORIENTED_EDGE('',*,*,#3867,.F.);
#1871=ORIENTED_EDGE('',*,*,#3872,.F.);
#1872=ORIENTED_EDGE('',*,*,#3875,.T.);
#1873=ORIENTED_EDGE('',*,*,#3878,.T.);
#1874=ORIENTED_EDGE('',*,*,#3879,.T.);
#1875=CARTESIAN_POINT('',(4.3,1.5,-5.140460686224));
#1876=DIRECTION('',(1.0,-3.45309814991954E-17,-2.77555756156289E-16));
#1877=DIRECTION('',(3.45309814991954E-17,1.0,1.2724121478279E-17));
#1878=ORIENTED_EDGE('',*,*,#3907,.F.);
#1879=ORIENTED_EDGE('',*,*,#3908,.T.);
#1880=ORIENTED_EDGE('',*,*,#3860,.F.);
#1881=ORIENTED_EDGE('',*,*,#3906,.T.);
#1882=CARTESIAN_POINT('',(4.513184747985,2.910250059551,-0.450000000000004));
#1883=DIRECTION('',(1.0,-3.45309814991954E-17,-2.77555756156289E-16));
#1884=DIRECTION('',(2.77555756156289E-16,-1.2724121478279E-17,1.0));
#1885=ORIENTED_EDGE('',*,*,#3889,.F.);
#1886=ORIENTED_EDGE('',*,*,#3885,.T.);
#1887=ORIENTED_EDGE('',*,*,#3882,.F.);
#1888=ORIENTED_EDGE('',*,*,#3880,.T.);
#1889=ORIENTED_EDGE('',*,*,#3876,.F.);
#1890=ORIENTED_EDGE('',*,*,#3873,.T.);
#1891=ORIENTED_EDGE('',*,*,#3870,.T.);
#1892=ORIENTED_EDGE('',*,*,#3868,.F.);
#1893=ORIENTED_EDGE('',*,*,#3865,.F.);
#1894=ORIENTED_EDGE('',*,*,#3861,.F.);
#1895=ORIENTED_EDGE('',*,*,#3857,.F.);
#1896=ORIENTED_EDGE('',*,*,#3908,.F.);
#1897=ORIENTED_EDGE('',*,*,#3909,.F.);
#1898=ORIENTED_EDGE('',*,*,#3910,.T.);
#1899=ORIENTED_EDGE('',*,*,#3911,.F.);
#1900=ORIENTED_EDGE('',*,*,#3901,.F.);
#1901=ORIENTED_EDGE('',*,*,#3855,.F.);
#1902=ORIENTED_EDGE('',*,*,#3851,.F.);
#1903=ORIENTED_EDGE('',*,*,#3848,.F.);
#1904=ORIENTED_EDGE('',*,*,#3845,.F.);
#1905=ORIENTED_EDGE('',*,*,#3843,.T.);
#1906=ORIENTED_EDGE('',*,*,#3838,.T.);
#1907=CARTESIAN_POINT('',(4.5,2.4,-1.75));
#1908=DIRECTION('',(-1.0,3.45309814991954E-17,2.77555756156289E-16));
#1909=DIRECTION('',(2.77555756156289E-16,-1.2724121478279E-17,1.0));
#1910=ORIENTED_EDGE('',*,*,#3912,.F.);
#1911=ORIENTED_EDGE('',*,*,#3913,.F.);
#1912=ORIENTED_EDGE('',*,*,#3791,.F.);
#1913=CARTESIAN_POINT('',(-3.0,3.3,-1.75));
#1914=DIRECTION('',(-1.0,3.45309814991954E-17,2.77555756156289E-16));
#1915=DIRECTION('',(2.77555756156289E-16,-1.2724121478279E-17,1.0));
#1916=ORIENTED_EDGE('',*,*,#3914,.T.);
#1917=ORIENTED_EDGE('',*,*,#3915,.T.);
#1918=ORIENTED_EDGE('',*,*,#3899,.F.);
#1919=ORIENTED_EDGE('',*,*,#3916,.T.);
#1920=ORIENTED_EDGE('',*,*,#3912,.T.);
#1921=ORIENTED_EDGE('',*,*,#3790,.F.);
#1922=CARTESIAN_POINT('',(4.525557285083,3.2,-1.279615091919));
#1923=DIRECTION('',(0.998793402732982,-3.51141911936715E-17,0.0491094558824488));
#1924=DIRECTION('',(-3.44829479730801E-17,-1.0,-1.3701032505532E-17));
#1925=ORIENTED_EDGE('',*,*,#3917,.F.);
#1926=ORIENTED_EDGE('',*,*,#3914,.F.);
#1927=ORIENTED_EDGE('',*,*,#3789,.T.);
#1928=CARTESIAN_POINT('',(-2.0,3.2,-1.95));
#1929=DIRECTION('',(-1.0,3.45309814991954E-17,2.77555756156289E-16));
#1930=DIRECTION('',(2.77555756156289E-16,-1.2724121478279E-17,1.0));
#1931=ORIENTED_EDGE('',*,*,#3779,.F.);
#1932=ORIENTED_EDGE('',*,*,#3918,.T.);
#1933=ORIENTED_EDGE('',*,*,#3910,.F.);
#1934=ORIENTED_EDGE('',*,*,#3919,.T.);
#1935=CARTESIAN_POINT('',(4.2,3.2,1.7652751389));
#1936=DIRECTION('',(2.77555756156289E-16,-1.2724121478279E-17,1.0));
#1937=DIRECTION('',(-1.46144262893354E-17,-1.0,-1.2724121478279E-17));
#1938=ORIENTED_EDGE('',*,*,#3788,.T.);
#1939=ORIENTED_EDGE('',*,*,#3920,.T.);
#1940=ORIENTED_EDGE('',*,*,#3921,.T.);
#1941=ORIENTED_EDGE('',*,*,#3922,.T.);
#1942=ORIENTED_EDGE('',*,*,#3917,.T.);
#1943=CARTESIAN_POINT('',(4.2,0.999999999999999,-1.75));
#1944=DIRECTION('',(-2.77555756156289E-16,1.2724121478279E-17,-1.0));
#1945=DIRECTION('',(-1.46144262893354E-17,-1.0,-1.2724121478279E-17));
#1946=ORIENTED_EDGE('',*,*,#3915,.F.);
#1947=ORIENTED_EDGE('',*,*,#3922,.F.);
#1948=ORIENTED_EDGE('',*,*,#3923,.T.);
#1949=ORIENTED_EDGE('',*,*,#3924,.F.);
#1950=ORIENTED_EDGE('',*,*,#3891,.T.);
#1951=CARTESIAN_POINT('',(-2.0,3.2,-1.95));
#1952=DIRECTION('',(-1.0,3.45309814991954E-17,2.77555756156289E-16));
#1953=DIRECTION('',(2.77555756156289E-16,-1.2724121478279E-17,1.0));
#1954=ORIENTED_EDGE('',*,*,#3925,.T.);
#1955=ORIENTED_EDGE('',*,*,#3893,.F.);
#1956=ORIENTED_EDGE('',*,*,#3924,.T.);
#1957=ORIENTED_EDGE('',*,*,#3926,.T.);
#1958=CARTESIAN_POINT('',(4.529027120097,3.2,-1.279081046565));
#1959=DIRECTION('',(0.998789465088313,-3.51150733930407E-17,0.0491894747746103));
#1960=DIRECTION('',(-3.44827913140071E-17,-1.0,-1.37026204256097E-17));
#1961=ORIENTED_EDGE('',*,*,#3916,.F.);
#1962=ORIENTED_EDGE('',*,*,#3898,.F.);
#1963=ORIENTED_EDGE('',*,*,#3896,.F.);
#1964=ORIENTED_EDGE('',*,*,#3894,.T.);
#1965=ORIENTED_EDGE('',*,*,#3925,.F.);
#1966=ORIENTED_EDGE('',*,*,#3927,.F.);
#1967=ORIENTED_EDGE('',*,*,#3928,.F.);
#1968=CARTESIAN_POINT('',(-3.0,3.3,-1.75));
#1969=DIRECTION('',(-1.0,3.45309814991954E-17,2.77555756156289E-16));
#1970=DIRECTION('',(2.77555756156289E-16,-1.2724121478279E-17,1.0));
#1971=ORIENTED_EDGE('',*,*,#3929,.F.);
#1972=ORIENTED_EDGE('',*,*,#3930,.T.);
#1973=ORIENTED_EDGE('',*,*,#3792,.T.);
#1974=ORIENTED_EDGE('',*,*,#3913,.T.);
#1975=ORIENTED_EDGE('',*,*,#3928,.T.);
#1976=CARTESIAN_POINT('',(4.2,0.999999999999999,-1.75));
#1977=DIRECTION('',(-2.77555756156289E-16,1.2724121478279E-17,-1.0));
#1978=DIRECTION('',(-1.46144262893354E-17,-1.0,-1.2724121478279E-17));
#1979=ORIENTED_EDGE('',*,*,#3931,.T.);
#1980=ORIENTED_EDGE('',*,*,#3932,.T.);
#1981=ORIENTED_EDGE('',*,*,#3794,.T.);
#1982=ORIENTED_EDGE('',*,*,#3933,.T.);
#1983=CARTESIAN_POINT('',(-3.52,3.29,-1.45));
#1984=DIRECTION('',(1.0,-3.45309814991954E-17,-2.77555756156289E-16));
#1985=DIRECTION('',(3.45309814991954E-17,1.0,1.2724121478279E-17));
#1986=ORIENTED_EDGE('',*,*,#3934,.F.);
#1987=ORIENTED_EDGE('',*,*,#3935,.T.);
#1988=ORIENTED_EDGE('',*,*,#3796,.T.);
#1989=ORIENTED_EDGE('',*,*,#3936,.T.);
#1990=CARTESIAN_POINT('',(-3.95,3.29,-1.45));
#1991=DIRECTION('',(2.77555756156289E-16,-1.2724121478279E-17,1.0));
#1992=DIRECTION('',(-1.0,3.45309814991954E-17,2.77555756156289E-16));
#1993=ORIENTED_EDGE('',*,*,#3804,.T.);
#1994=ORIENTED_EDGE('',*,*,#3937,.T.);
#1995=ORIENTED_EDGE('',*,*,#3938,.F.);
#1996=ORIENTED_EDGE('',*,*,#3939,.T.);
#1997=CARTESIAN_POINT('',(-3.95,3.29,0.949999999999998));
#1998=DIRECTION('',(1.0,-3.45309814991954E-17,-2.77555756156289E-16));
#1999=DIRECTION('',(3.45309814991954E-17,1.0,1.2724121478279E-17));
#2000=ORIENTED_EDGE('',*,*,#3806,.T.);
#2001=ORIENTED_EDGE('',*,*,#3940,.T.);
#2002=ORIENTED_EDGE('',*,*,#3941,.T.);
#2003=ORIENTED_EDGE('',*,*,#3942,.T.);
#2004=CARTESIAN_POINT('',(-3.95,3.29,1.45));
#2005=DIRECTION('',(-2.77555756156289E-16,1.2724121478279E-17,-1.0));
#2006=DIRECTION('',(-1.46144262893354E-17,-1.0,-1.2724121478279E-17));
#2007=ORIENTED_EDGE('',*,*,#3943,.F.);
#2008=ORIENTED_EDGE('',*,*,#3944,.T.);
#2009=ORIENTED_EDGE('',*,*,#3808,.T.);
#2010=ORIENTED_EDGE('',*,*,#3945,.T.);
#2011=CARTESIAN_POINT('',(-3.52,3.29,1.45));
#2012=DIRECTION('',(1.0,-3.45309814991954E-17,-2.77555756156289E-16));
#2013=DIRECTION('',(3.45309814991954E-17,1.0,1.2724121478279E-17));
#2014=ORIENTED_EDGE('',*,*,#3946,.F.);
#2015=ORIENTED_EDGE('',*,*,#3947,.T.);
#2016=ORIENTED_EDGE('',*,*,#3770,.T.);
#2017=ORIENTED_EDGE('',*,*,#3948,.T.);
#2018=CARTESIAN_POINT('',(-4.2,0.999999999999999,1.75));
#2019=DIRECTION('',(2.77555756156289E-16,-1.2724121478279E-17,1.0));
#2020=DIRECTION('',(-1.0,3.45309814991954E-17,2.77555756156289E-16));
#2021=ORIENTED_EDGE('',*,*,#3772,.T.);
#2022=ORIENTED_EDGE('',*,*,#3949,.T.);
#2023=ORIENTED_EDGE('',*,*,#3950,.F.);
#2024=ORIENTED_EDGE('',*,*,#3951,.T.);
#2025=CARTESIAN_POINT('',(3.52,3.29,1.45));
#2026=DIRECTION('',(-1.0,3.45309814991954E-17,2.77555756156289E-16));
#2027=DIRECTION('',(2.77555756156289E-16,-1.2724121478279E-17,1.0));
#2028=ORIENTED_EDGE('',*,*,#3774,.T.);
#2029=ORIENTED_EDGE('',*,*,#3952,.T.);
#2030=ORIENTED_EDGE('',*,*,#3953,.F.);
#2031=ORIENTED_EDGE('',*,*,#3954,.T.);
#2032=CARTESIAN_POINT('',(3.95,3.29,1.45));
#2033=DIRECTION('',(-2.77555756156289E-16,1.2724121478279E-17,-1.0));
#2034=DIRECTION('',(-1.46144262893354E-17,-1.0,-1.2724121478279E-17));
#2035=ORIENTED_EDGE('',*,*,#3955,.F.);
#2036=ORIENTED_EDGE('',*,*,#3956,.T.);
#2037=ORIENTED_EDGE('',*,*,#3776,.F.);
#2038=ORIENTED_EDGE('',*,*,#3957,.T.);
#2039=CARTESIAN_POINT('',(3.95,3.29,0.949999999999996));
#2040=DIRECTION('',(1.0,-3.45309814991954E-17,-2.77555756156289E-16));
#2041=DIRECTION('',(3.45309814991954E-17,1.0,1.2724121478279E-17));
#2042=ORIENTED_EDGE('',*,*,#3903,.T.);
#2043=ORIENTED_EDGE('',*,*,#3902,.T.);
#2044=ORIENTED_EDGE('',*,*,#3911,.T.);
#2045=ORIENTED_EDGE('',*,*,#3918,.F.);
#2046=ORIENTED_EDGE('',*,*,#3778,.F.);
#2047=ORIENTED_EDGE('',*,*,#3958,.T.);
#2048=ORIENTED_EDGE('',*,*,#3959,.F.);
#2049=ORIENTED_EDGE('',*,*,#3960,.F.);
#2050=CARTESIAN_POINT('',(9.5,3.3,0.949999999999994));
#2051=DIRECTION('',(-2.77555756156289E-16,1.2724121478279E-17,-1.0));
#2052=DIRECTION('',(-1.46144262893354E-17,-1.0,-1.2724121478279E-17));
#2053=ORIENTED_EDGE('',*,*,#3961,.T.);
#2054=ORIENTED_EDGE('',*,*,#3904,.F.);
#2055=ORIENTED_EDGE('',*,*,#3960,.T.);
#2056=ORIENTED_EDGE('',*,*,#3962,.F.);
#2057=CARTESIAN_POINT('',(4.2,3.2,1.766011835938));
#2058=DIRECTION('',(2.77555756156289E-16,-1.2724121478279E-17,1.0));
#2059=DIRECTION('',(-1.46144262893354E-17,-1.0,-1.2724121478279E-17));
#2060=ORIENTED_EDGE('',*,*,#3907,.T.);
#2061=ORIENTED_EDGE('',*,*,#3905,.F.);
#2062=ORIENTED_EDGE('',*,*,#3961,.F.);
#2063=ORIENTED_EDGE('',*,*,#3963,.F.);
#2064=ORIENTED_EDGE('',*,*,#3964,.T.);
#2065=ORIENTED_EDGE('',*,*,#3780,.T.);
#2066=ORIENTED_EDGE('',*,*,#3919,.F.);
#2067=ORIENTED_EDGE('',*,*,#3909,.T.);
#2068=CARTESIAN_POINT('',(9.5,2.8,-0.950000000000006));
#2069=DIRECTION('',(2.77555756156289E-16,-1.2724121478279E-17,1.0));
#2070=DIRECTION('',(-1.0,3.45309814991954E-17,2.77555756156289E-16));
#2071=ORIENTED_EDGE('',*,*,#3782,.T.);
#2072=ORIENTED_EDGE('',*,*,#3965,.T.);
#2073=ORIENTED_EDGE('',*,*,#3966,.F.);
#2074=ORIENTED_EDGE('',*,*,#3967,.T.);
#2075=CARTESIAN_POINT('',(3.95,3.29,-0.950000000000004));
#2076=DIRECTION('',(-1.0,3.45309814991954E-17,2.77555756156289E-16));
#2077=DIRECTION('',(2.77555756156289E-16,-1.2724121478279E-17,1.0));
#2078=ORIENTED_EDGE('',*,*,#3968,.T.);
#2079=ORIENTED_EDGE('',*,*,#3969,.T.);
#2080=ORIENTED_EDGE('',*,*,#3784,.T.);
#2081=ORIENTED_EDGE('',*,*,#3970,.T.);
#2082=CARTESIAN_POINT('',(3.95,3.29,-1.45));
#2083=DIRECTION('',(2.77555756156289E-16,-1.2724121478279E-17,1.0));
#2084=DIRECTION('',(-1.0,3.45309814991954E-17,2.77555756156289E-16));
#2085=ORIENTED_EDGE('',*,*,#3971,.F.);
#2086=ORIENTED_EDGE('',*,*,#3972,.T.);
#2087=ORIENTED_EDGE('',*,*,#3786,.T.);
#2088=ORIENTED_EDGE('',*,*,#3973,.T.);
#2089=CARTESIAN_POINT('',(3.52,3.29,-1.45));
#2090=DIRECTION('',(-1.0,3.45309814991954E-17,2.77555756156289E-16));
#2091=DIRECTION('',(2.77555756156289E-16,-1.2724121478279E-17,1.0));
#2092=ORIENTED_EDGE('',*,*,#3974,.F.);
#2093=ORIENTED_EDGE('',*,*,#3975,.T.);
#2094=ORIENTED_EDGE('',*,*,#3798,.F.);
#2095=ORIENTED_EDGE('',*,*,#3976,.T.);
#2096=CARTESIAN_POINT('',(-3.95,3.29,-0.950000000000002));
#2097=DIRECTION('',(-1.0,3.45309814991954E-17,2.77555756156289E-16));
#2098=DIRECTION('',(2.77555756156289E-16,-1.2724121478279E-17,1.0));
#2099=ORIENTED_EDGE('',*,*,#3801,.F.);
#2100=ORIENTED_EDGE('',*,*,#3977,.T.);
#2101=ORIENTED_EDGE('',*,*,#3978,.F.);
#2102=ORIENTED_EDGE('',*,*,#3979,.T.);
#2103=CARTESIAN_POINT('',(-4.2,3.2,-1.764980698498));
#2104=DIRECTION('',(-2.77555756156289E-16,1.2724121478279E-17,-1.0));
#2105=DIRECTION('',(-1.46144262893354E-17,-1.0,-1.2724121478279E-17));
#2106=ORIENTED_EDGE('',*,*,#3980,.T.);
#2107=ORIENTED_EDGE('',*,*,#3981,.F.);
#2108=ORIENTED_EDGE('',*,*,#3982,.F.);
#2109=ORIENTED_EDGE('',*,*,#3983,.F.);
#2110=ORIENTED_EDGE('',*,*,#3984,.T.);
#2111=ORIENTED_EDGE('',*,*,#3802,.T.);
#2112=ORIENTED_EDGE('',*,*,#3979,.F.);
#2113=ORIENTED_EDGE('',*,*,#3985,.T.);
#2114=CARTESIAN_POINT('',(9.5,3.3,0.949999999999994));
#2115=DIRECTION('',(-2.77555756156289E-16,1.2724121478279E-17,-1.0));
#2116=DIRECTION('',(-1.46144262893354E-17,-1.0,-1.2724121478279E-17));
#2117=ORIENTED_EDGE('',*,*,#3986,.T.);
#2118=ORIENTED_EDGE('',*,*,#3987,.T.);
#2119=ORIENTED_EDGE('',*,*,#3988,.F.);
#2120=ORIENTED_EDGE('',*,*,#3989,.T.);
#2121=ORIENTED_EDGE('',*,*,#3990,.F.);
#2122=ORIENTED_EDGE('',*,*,#3991,.T.);
#2123=ORIENTED_EDGE('',*,*,#3992,.T.);
#2124=ORIENTED_EDGE('',*,*,#3993,.F.);
#2125=ORIENTED_EDGE('',*,*,#3994,.F.);
#2126=ORIENTED_EDGE('',*,*,#3995,.F.);
#2127=ORIENTED_EDGE('',*,*,#3996,.F.);
#2128=ORIENTED_EDGE('',*,*,#3997,.F.);
#2129=ORIENTED_EDGE('',*,*,#3985,.F.);
#2130=ORIENTED_EDGE('',*,*,#3978,.T.);
#2131=ORIENTED_EDGE('',*,*,#3998,.F.);
#2132=ORIENTED_EDGE('',*,*,#3999,.F.);
#2133=ORIENTED_EDGE('',*,*,#4000,.F.);
#2134=ORIENTED_EDGE('',*,*,#4001,.F.);
#2135=ORIENTED_EDGE('',*,*,#4002,.F.);
#2136=ORIENTED_EDGE('',*,*,#4003,.F.);
#2137=ORIENTED_EDGE('',*,*,#4004,.T.);
#2138=ORIENTED_EDGE('',*,*,#4005,.T.);
#2139=CARTESIAN_POINT('',(-4.5,2.4,-1.75));
#2140=DIRECTION('',(-1.0,3.45309814991954E-17,2.77555756156289E-16));
#2141=DIRECTION('',(2.77555756156289E-16,-1.2724121478279E-17,1.0));
#2142=ORIENTED_EDGE('',*,*,#4006,.F.);
#2143=ORIENTED_EDGE('',*,*,#4007,.F.);
#2144=ORIENTED_EDGE('',*,*,#3989,.F.);
#2145=ORIENTED_EDGE('',*,*,#4008,.F.);
#2146=CARTESIAN_POINT('',(4.36781996705395E-16,1.65,1.6));
#2147=DIRECTION('',(-1.0,3.45309814991954E-17,2.77555756156289E-16));
#2148=DIRECTION('',(3.45309814991954E-17,1.0,1.2724121478279E-17));
#2149=ORIENTED_EDGE('',*,*,#3990,.T.);
#2150=ORIENTED_EDGE('',*,*,#4007,.T.);
#2151=ORIENTED_EDGE('',*,*,#4009,.F.);
#2152=ORIENTED_EDGE('',*,*,#4010,.T.);
#2153=CARTESIAN_POINT('',(-4.2,0.999999999999999,1.75));
#2154=DIRECTION('',(2.77555756156289E-16,-1.2724121478279E-17,1.0));
#2155=DIRECTION('',(-1.0,3.45309814991954E-17,2.77555756156289E-16));
#2156=ORIENTED_EDGE('',*,*,#3991,.F.);
#2157=ORIENTED_EDGE('',*,*,#4010,.F.);
#2158=ORIENTED_EDGE('',*,*,#4011,.F.);
#2159=ORIENTED_EDGE('',*,*,#4012,.F.);
#2160=CARTESIAN_POINT('',(4.45550652478996E-16,2.25,1.6));
#2161=DIRECTION('',(1.0,-3.45309814991954E-17,-2.77555756156289E-16));
#2162=DIRECTION('',(-3.45309814991954E-17,-1.0,-1.2724121478279E-17));
#2163=ORIENTED_EDGE('',*,*,#3992,.F.);
#2164=ORIENTED_EDGE('',*,*,#4012,.T.);
#2165=ORIENTED_EDGE('',*,*,#4013,.T.);
#2166=ORIENTED_EDGE('',*,*,#4014,.T.);
#2167=CARTESIAN_POINT('',(3.65360657233385E-18,2.4,-3.11367858583044E-15));
#2168=DIRECTION('',(-1.46144262893354E-17,-1.0,-1.2724121478279E-17));
#2169=DIRECTION('',(-2.77555756156289E-16,1.2724121478279E-17,-1.0));
#2170=ORIENTED_EDGE('',*,*,#4015,.T.);
#2171=ORIENTED_EDGE('',*,*,#4016,.F.);
#2172=ORIENTED_EDGE('',*,*,#3993,.T.);
#2173=ORIENTED_EDGE('',*,*,#4014,.F.);
#2174=CARTESIAN_POINT('',(4.513184747985,1.9,1.159149157617));
#2175=DIRECTION('',(1.0,-3.45309814991954E-17,-2.77555756156289E-16));
#2176=DIRECTION('',(-3.45309814991954E-17,-1.0,-1.2724121478279E-17));
#2177=ORIENTED_EDGE('',*,*,#4017,.T.);
#2178=ORIENTED_EDGE('',*,*,#4018,.T.);
#2179=ORIENTED_EDGE('',*,*,#3994,.T.);
#2180=ORIENTED_EDGE('',*,*,#4016,.T.);
#2181=CARTESIAN_POINT('',(9.5,2.2955404823038,0.716164058305594));
#2182=DIRECTION('',(6.04818230269296E-17,-0.96324416154789,0.268627409703297));
#2183=DIRECTION('',(1.0,-1.60516185609769E-17,-2.82709240181652E-16));
#2184=ORIENTED_EDGE('',*,*,#4019,.T.);
#2185=ORIENTED_EDGE('',*,*,#4020,.F.);
#2186=ORIENTED_EDGE('',*,*,#3995,.T.);
#2187=ORIENTED_EDGE('',*,*,#4018,.F.);
#2188=CARTESIAN_POINT('',(-4.515430722826,2.4500706840475,0.898015622397198));
#2189=DIRECTION('',(-1.0,3.45309814991954E-17,2.77555756156289E-16));
#2190=DIRECTION('',(-4.12973175028857E-17,0.96324416154789,-0.268627409703297));
#2191=ORIENTED_EDGE('',*,*,#3996,.T.);
#2192=ORIENTED_EDGE('',*,*,#4020,.T.);
#2193=ORIENTED_EDGE('',*,*,#4021,.T.);
#2194=ORIENTED_EDGE('',*,*,#4022,.T.);
#2195=CARTESIAN_POINT('',(9.5,2.8,0.949999999999994));
#2196=DIRECTION('',(-2.45671331395941E-16,0.420552832271614,-0.90726805039543));
#2197=DIRECTION('',(1.0,-3.10084462410625E-17,-2.8515500041493E-16));
#2198=ORIENTED_EDGE('',*,*,#4023,.T.);
#2199=ORIENTED_EDGE('',*,*,#4024,.F.);
#2200=ORIENTED_EDGE('',*,*,#3999,.T.);
#2201=ORIENTED_EDGE('',*,*,#4025,.F.);
#2202=CARTESIAN_POINT('',(4.513184747985,2.910250059551,-0.450000000000004));
#2203=DIRECTION('',(1.0,-3.45309814991954E-17,-2.77555756156289E-16));
#2204=DIRECTION('',(2.77555756156289E-16,-1.2724121478279E-17,1.0));
#2205=ORIENTED_EDGE('',*,*,#4026,.T.);
#2206=ORIENTED_EDGE('',*,*,#4027,.T.);
#2207=ORIENTED_EDGE('',*,*,#4000,.T.);
#2208=ORIENTED_EDGE('',*,*,#4024,.T.);
#2209=CARTESIAN_POINT('',(9.5,2.2955404823038,-0.716164058305606));
#2210=DIRECTION('',(2.5796360813195E-16,0.420552832271614,0.90726805039543));
#2211=DIRECTION('',(-1.0,3.10084462410625E-17,2.69956511897648E-16));
#2212=ORIENTED_EDGE('',*,*,#4028,.T.);
#2213=ORIENTED_EDGE('',*,*,#4029,.F.);
#2214=ORIENTED_EDGE('',*,*,#4001,.T.);
#2215=ORIENTED_EDGE('',*,*,#4027,.F.);
#2216=CARTESIAN_POINT('',(-4.515430722826,2.4500706840475,-0.898015622397202));
#2217=DIRECTION('',(-1.0,3.45309814991954E-17,2.77555756156289E-16));
#2218=DIRECTION('',(-2.66339571834551E-16,-0.420552832271614,-0.907268050395429));
#2219=ORIENTED_EDGE('',*,*,#4002,.T.);
#2220=ORIENTED_EDGE('',*,*,#4029,.T.);
#2221=ORIENTED_EDGE('',*,*,#4030,.T.);
#2222=ORIENTED_EDGE('',*,*,#4031,.T.);
#2223=CARTESIAN_POINT('',(9.5,2.4,-1.09073499524101));
#2224=DIRECTION('',(-8.86363446220782E-17,-0.96324416154789,-0.268627409703297));
#2225=DIRECTION('',(-2.63428126143151E-16,0.268627409703297,-0.96324416154789));
#2226=ORIENTED_EDGE('',*,*,#4003,.T.);
#2227=ORIENTED_EDGE('',*,*,#4031,.F.);
#2228=ORIENTED_EDGE('',*,*,#4032,.T.);
#2229=ORIENTED_EDGE('',*,*,#4033,.F.);
#2230=CARTESIAN_POINT('',(4.513184747985,1.9,-1.159149157617));
#2231=DIRECTION('',(1.0,-3.45309814991954E-17,-2.77555756156289E-16));
#2232=DIRECTION('',(-1.07820850146122E-16,-0.96324416154789,-0.268627409703297));
#2233=ORIENTED_EDGE('',*,*,#4034,.F.);
#2234=ORIENTED_EDGE('',*,*,#4035,.T.);
#2235=ORIENTED_EDGE('',*,*,#4004,.F.);
#2236=ORIENTED_EDGE('',*,*,#4033,.T.);
#2237=CARTESIAN_POINT('',(3.65360657233385E-18,2.4,-3.11367858583044E-15));
#2238=DIRECTION('',(-1.46144262893354E-17,-1.0,-1.2724121478279E-17));
#2239=DIRECTION('',(-2.77555756156289E-16,1.2724121478279E-17,-1.0));
#2240=ORIENTED_EDGE('',*,*,#4005,.F.);
#2241=ORIENTED_EDGE('',*,*,#4035,.F.);
#2242=ORIENTED_EDGE('',*,*,#4036,.F.);
#2243=ORIENTED_EDGE('',*,*,#4037,.F.);
#2244=CARTESIAN_POINT('',(4.2,2.25,-1.6));
#2245=DIRECTION('',(1.0,-3.45309814991954E-17,-2.77555756156289E-16));
#2246=DIRECTION('',(-3.45309814991954E-17,-1.0,-1.2724121478279E-17));
#2247=ORIENTED_EDGE('',*,*,#4038,.T.);
#2248=ORIENTED_EDGE('',*,*,#4039,.T.);
#2249=ORIENTED_EDGE('',*,*,#3986,.F.);
#2250=ORIENTED_EDGE('',*,*,#4037,.T.);
#2251=CARTESIAN_POINT('',(4.2,0.999999999999999,-1.75));
#2252=DIRECTION('',(-2.77555756156289E-16,1.2724121478279E-17,-1.0));
#2253=DIRECTION('',(-1.46144262893354E-17,-1.0,-1.2724121478279E-17));
#2254=ORIENTED_EDGE('',*,*,#3987,.F.);
#2255=ORIENTED_EDGE('',*,*,#4039,.F.);
#2256=ORIENTED_EDGE('',*,*,#4040,.F.);
#2257=ORIENTED_EDGE('',*,*,#4041,.F.);
#2258=CARTESIAN_POINT('',(-4.5139642299473E-16,1.65,-1.6));
#2259=DIRECTION('',(1.0,-3.45309814991954E-17,-2.77555756156289E-16));
#2260=DIRECTION('',(-3.45309814991954E-17,-1.0,-1.2724121478279E-17));
#2261=ORIENTED_EDGE('',*,*,#3988,.T.);
#2262=ORIENTED_EDGE('',*,*,#4041,.T.);
#2263=ORIENTED_EDGE('',*,*,#4042,.F.);
#2264=ORIENTED_EDGE('',*,*,#4008,.T.);
#2265=CARTESIAN_POINT('',(-9.49937708806801E-18,1.5,-3.12513029516089E-15));
#2266=DIRECTION('',(1.46144262893354E-17,1.0,1.2724121478279E-17));
#2267=DIRECTION('',(-1.0,1.46144262893354E-17,2.77555756156289E-16));
#2268=ORIENTED_EDGE('',*,*,#3950,.T.);
#2269=ORIENTED_EDGE('',*,*,#4043,.T.);
#2270=ORIENTED_EDGE('',*,*,#3946,.T.);
#2271=ORIENTED_EDGE('',*,*,#4044,.T.);
#2272=ORIENTED_EDGE('',*,*,#3943,.T.);
#2273=ORIENTED_EDGE('',*,*,#4045,.T.);
#2274=ORIENTED_EDGE('',*,*,#3941,.F.);
#2275=ORIENTED_EDGE('',*,*,#4046,.T.);
#2276=ORIENTED_EDGE('',*,*,#3938,.T.);
#2277=ORIENTED_EDGE('',*,*,#4047,.T.);
#2278=ORIENTED_EDGE('',*,*,#3983,.T.);
#2279=ORIENTED_EDGE('',*,*,#4048,.T.);
#2280=ORIENTED_EDGE('',*,*,#4049,.T.);
#2281=ORIENTED_EDGE('',*,*,#4050,.T.);
#2282=ORIENTED_EDGE('',*,*,#3974,.T.);
#2283=ORIENTED_EDGE('',*,*,#4051,.T.);
#2284=ORIENTED_EDGE('',*,*,#3934,.T.);
#2285=ORIENTED_EDGE('',*,*,#4052,.T.);
#2286=ORIENTED_EDGE('',*,*,#3931,.F.);
#2287=ORIENTED_EDGE('',*,*,#4053,.T.);
#2288=ORIENTED_EDGE('',*,*,#3929,.T.);
#2289=ORIENTED_EDGE('',*,*,#3927,.T.);
#2290=ORIENTED_EDGE('',*,*,#3926,.F.);
#2291=ORIENTED_EDGE('',*,*,#3923,.F.);
#2292=ORIENTED_EDGE('',*,*,#3921,.F.);
#2293=ORIENTED_EDGE('',*,*,#4054,.T.);
#2294=ORIENTED_EDGE('',*,*,#3971,.T.);
#2295=ORIENTED_EDGE('',*,*,#4055,.T.);
#2296=ORIENTED_EDGE('',*,*,#3968,.F.);
#2297=ORIENTED_EDGE('',*,*,#4056,.T.);
#2298=ORIENTED_EDGE('',*,*,#3966,.T.);
#2299=ORIENTED_EDGE('',*,*,#4057,.T.);
#2300=ORIENTED_EDGE('',*,*,#3963,.T.);
#2301=ORIENTED_EDGE('',*,*,#3962,.T.);
#2302=ORIENTED_EDGE('',*,*,#3959,.T.);
#2303=ORIENTED_EDGE('',*,*,#4058,.T.);
#2304=ORIENTED_EDGE('',*,*,#3955,.T.);
#2305=ORIENTED_EDGE('',*,*,#4059,.T.);
#2306=ORIENTED_EDGE('',*,*,#3953,.T.);
#2307=ORIENTED_EDGE('',*,*,#4060,.T.);
#2308=ORIENTED_EDGE('',*,*,#4061,.T.);
#2309=ORIENTED_EDGE('',*,*,#4062,.T.);
#2310=ORIENTED_EDGE('',*,*,#4063,.T.);
#2311=ORIENTED_EDGE('',*,*,#4064,.T.);
#2312=CARTESIAN_POINT('',(1.68065902327357E-17,3.3,-3.10222687649999E-15));
#2313=DIRECTION('',(-1.46144262893354E-17,-1.0,-1.2724121478279E-17));
#2314=DIRECTION('',(-2.77555756156289E-16,1.2724121478279E-17,-1.0));
#2315=ORIENTED_EDGE('',*,*,#4065,.T.);
#2316=ORIENTED_EDGE('',*,*,#4025,.T.);
#2317=ORIENTED_EDGE('',*,*,#3998,.T.);
#2318=ORIENTED_EDGE('',*,*,#3977,.F.);
#2319=ORIENTED_EDGE('',*,*,#3800,.F.);
#2320=ORIENTED_EDGE('',*,*,#4066,.T.);
#2321=ORIENTED_EDGE('',*,*,#4049,.F.);
#2322=ORIENTED_EDGE('',*,*,#4067,.F.);
#2323=CARTESIAN_POINT('',(9.5,2.8,-0.950000000000006));
#2324=DIRECTION('',(2.77555756156289E-16,-1.2724121478279E-17,1.0));
#2325=DIRECTION('',(-1.0,3.45309814991954E-17,2.77555756156289E-16));
#2326=ORIENTED_EDGE('',*,*,#3982,.T.);
#2327=ORIENTED_EDGE('',*,*,#4068,.F.);
#2328=ORIENTED_EDGE('',*,*,#4067,.T.);
#2329=ORIENTED_EDGE('',*,*,#4048,.F.);
#2330=CARTESIAN_POINT('',(-4.2,3.2,-1.764687450163));
#2331=DIRECTION('',(-2.77555756156289E-16,1.2724121478279E-17,-1.0));
#2332=DIRECTION('',(-1.46144262893354E-17,-1.0,-1.2724121478279E-17));
#2333=ORIENTED_EDGE('',*,*,#4042,.T.);
#2334=ORIENTED_EDGE('',*,*,#4040,.T.);
#2335=ORIENTED_EDGE('',*,*,#4038,.F.);
#2336=ORIENTED_EDGE('',*,*,#4036,.T.);
#2337=ORIENTED_EDGE('',*,*,#4034,.T.);
#2338=ORIENTED_EDGE('',*,*,#4032,.F.);
#2339=ORIENTED_EDGE('',*,*,#4030,.F.);
#2340=ORIENTED_EDGE('',*,*,#4028,.F.);
#2341=ORIENTED_EDGE('',*,*,#4026,.F.);
#2342=ORIENTED_EDGE('',*,*,#4023,.F.);
#2343=ORIENTED_EDGE('',*,*,#4065,.F.);
#2344=ORIENTED_EDGE('',*,*,#4068,.T.);
#2345=ORIENTED_EDGE('',*,*,#3981,.T.);
#2346=ORIENTED_EDGE('',*,*,#4069,.F.);
#2347=ORIENTED_EDGE('',*,*,#4021,.F.);
#2348=ORIENTED_EDGE('',*,*,#4019,.F.);
#2349=ORIENTED_EDGE('',*,*,#4017,.F.);
#2350=ORIENTED_EDGE('',*,*,#4015,.F.);
#2351=ORIENTED_EDGE('',*,*,#4013,.F.);
#2352=ORIENTED_EDGE('',*,*,#4011,.T.);
#2353=ORIENTED_EDGE('',*,*,#4009,.T.);
#2354=ORIENTED_EDGE('',*,*,#4006,.T.);
#2355=CARTESIAN_POINT('',(-4.3,1.5,4.155205721364));
#2356=DIRECTION('',(-1.0,3.45309814991954E-17,2.77555756156289E-16));
#2357=DIRECTION('',(2.77555756156289E-16,-1.2724121478279E-17,1.0));
#2358=ORIENTED_EDGE('',*,*,#3980,.F.);
#2359=ORIENTED_EDGE('',*,*,#3997,.T.);
#2360=ORIENTED_EDGE('',*,*,#4022,.F.);
#2361=ORIENTED_EDGE('',*,*,#4069,.T.);
#2362=CARTESIAN_POINT('',(4.513184747985,2.910250059551,0.449999999999996));
#2363=DIRECTION('',(1.0,-3.45309814991954E-17,-2.77555756156289E-16));
#2364=DIRECTION('',(-2.3729536769334E-16,0.420552832271614,-0.90726805039543));
#2365=ORIENTED_EDGE('',*,*,#4043,.F.);
#2366=ORIENTED_EDGE('',*,*,#3949,.F.);
#2367=ORIENTED_EDGE('',*,*,#3771,.F.);
#2368=ORIENTED_EDGE('',*,*,#3947,.F.);
#2369=CARTESIAN_POINT('',(3.42,0.999999999999999,1.65));
#2370=DIRECTION('',(1.46144262893354E-17,1.0,1.2724121478279E-17));
#2371=DIRECTION('',(1.0,-1.46144262893354E-17,-2.77555756156289E-16));
#2372=ORIENTED_EDGE('',*,*,#4060,.F.);
#2373=ORIENTED_EDGE('',*,*,#3952,.F.);
#2374=ORIENTED_EDGE('',*,*,#3773,.F.);
#2375=ORIENTED_EDGE('',*,*,#3951,.F.);
#2376=CARTESIAN_POINT('',(3.62,3.29,1.55));
#2377=DIRECTION('',(1.46144262893354E-17,1.0,1.2724121478279E-17));
#2378=DIRECTION('',(1.0,-1.46144262893354E-17,-2.77555756156289E-16));
#2379=ORIENTED_EDGE('',*,*,#4059,.F.);
#2380=ORIENTED_EDGE('',*,*,#3957,.F.);
#2381=ORIENTED_EDGE('',*,*,#3775,.F.);
#2382=ORIENTED_EDGE('',*,*,#3954,.F.);
#2383=CARTESIAN_POINT('',(3.85,3.29,1.35));
#2384=DIRECTION('',(1.46144262893354E-17,1.0,1.2724121478279E-17));
#2385=DIRECTION('',(1.0,-1.46144262893354E-17,-2.77555756156289E-16));
#2386=ORIENTED_EDGE('',*,*,#4046,.F.);
#2387=ORIENTED_EDGE('',*,*,#3940,.F.);
#2388=ORIENTED_EDGE('',*,*,#3805,.F.);
#2389=ORIENTED_EDGE('',*,*,#3939,.F.);
#2390=CARTESIAN_POINT('',(-3.85,3.29,1.35));
#2391=DIRECTION('',(-1.46144262893354E-17,-1.0,-1.2724121478279E-17));
#2392=DIRECTION('',(-1.0,1.46144262893354E-17,2.77555756156289E-16));
#2393=ORIENTED_EDGE('',*,*,#4044,.F.);
#2394=ORIENTED_EDGE('',*,*,#3948,.F.);
#2395=ORIENTED_EDGE('',*,*,#3809,.F.);
#2396=ORIENTED_EDGE('',*,*,#3944,.F.);
#2397=CARTESIAN_POINT('',(-3.42,3.29,1.65));
#2398=DIRECTION('',(1.46144262893354E-17,1.0,1.2724121478279E-17));
#2399=DIRECTION('',(1.0,-1.46144262893354E-17,-2.77555756156289E-16));
#2400=ORIENTED_EDGE('',*,*,#4045,.F.);
#2401=ORIENTED_EDGE('',*,*,#3945,.F.);
#2402=ORIENTED_EDGE('',*,*,#3807,.F.);
#2403=ORIENTED_EDGE('',*,*,#3942,.F.);
#2404=CARTESIAN_POINT('',(-3.62,3.29,1.55));
#2405=DIRECTION('',(1.46144262893354E-17,1.0,1.2724121478279E-17));
#2406=DIRECTION('',(1.0,-1.46144262893354E-17,-2.77555756156289E-16));
#2407=ORIENTED_EDGE('',*,*,#4051,.F.);
#2408=ORIENTED_EDGE('',*,*,#3976,.F.);
#2409=ORIENTED_EDGE('',*,*,#3797,.F.);
#2410=ORIENTED_EDGE('',*,*,#3935,.F.);
#2411=CARTESIAN_POINT('',(-3.85,3.29,-1.35));
#2412=DIRECTION('',(1.46144262893354E-17,1.0,1.2724121478279E-17));
#2413=DIRECTION('',(1.0,-1.46144262893354E-17,-2.77555756156289E-16));
#2414=ORIENTED_EDGE('',*,*,#4052,.F.);
#2415=ORIENTED_EDGE('',*,*,#3936,.F.);
#2416=ORIENTED_EDGE('',*,*,#3795,.F.);
#2417=ORIENTED_EDGE('',*,*,#3932,.F.);
#2418=CARTESIAN_POINT('',(-3.62,3.29,-1.55));
#2419=DIRECTION('',(1.46144262893354E-17,1.0,1.2724121478279E-17));
#2420=DIRECTION('',(1.0,-1.46144262893354E-17,-2.77555756156289E-16));
#2421=ORIENTED_EDGE('',*,*,#4053,.F.);
#2422=ORIENTED_EDGE('',*,*,#3933,.F.);
#2423=ORIENTED_EDGE('',*,*,#3793,.F.);
#2424=ORIENTED_EDGE('',*,*,#3930,.F.);
#2425=CARTESIAN_POINT('',(-3.42,0.999999999999999,-1.65));
#2426=DIRECTION('',(1.46144262893354E-17,1.0,1.2724121478279E-17));
#2427=DIRECTION('',(1.0,-1.46144262893354E-17,-2.77555756156289E-16));
#2428=ORIENTED_EDGE('',*,*,#4054,.F.);
#2429=ORIENTED_EDGE('',*,*,#3920,.F.);
#2430=ORIENTED_EDGE('',*,*,#3787,.F.);
#2431=ORIENTED_EDGE('',*,*,#3972,.F.);
#2432=CARTESIAN_POINT('',(3.42,3.29,-1.65));
#2433=DIRECTION('',(1.46144262893354E-17,1.0,1.2724121478279E-17));
#2434=DIRECTION('',(1.0,-1.46144262893354E-17,-2.77555756156289E-16));
#2435=ORIENTED_EDGE('',*,*,#4055,.F.);
#2436=ORIENTED_EDGE('',*,*,#3973,.F.);
#2437=ORIENTED_EDGE('',*,*,#3785,.F.);
#2438=ORIENTED_EDGE('',*,*,#3969,.F.);
#2439=CARTESIAN_POINT('',(3.62,3.29,-1.55));
#2440=DIRECTION('',(1.46144262893354E-17,1.0,1.2724121478279E-17));
#2441=DIRECTION('',(1.0,-1.46144262893354E-17,-2.77555756156289E-16));
#2442=ORIENTED_EDGE('',*,*,#4056,.F.);
#2443=ORIENTED_EDGE('',*,*,#3970,.F.);
#2444=ORIENTED_EDGE('',*,*,#3783,.F.);
#2445=ORIENTED_EDGE('',*,*,#3967,.F.);
#2446=CARTESIAN_POINT('',(3.85,3.29,-1.35));
#2447=DIRECTION('',(-1.46144262893354E-17,-1.0,-1.2724121478279E-17));
#2448=DIRECTION('',(-1.0,1.46144262893354E-17,2.77555756156289E-16));
#2449=ORIENTED_EDGE('',*,*,#4070,.F.);
#2450=ORIENTED_EDGE('',*,*,#3726,.T.);
#2451=ORIENTED_EDGE('',*,*,#4071,.T.);
#2452=ORIENTED_EDGE('',*,*,#4072,.T.);
#2453=CARTESIAN_POINT('',(2.8311397187988E-16,3.29,0.959999999999997));
#2454=DIRECTION('',(-2.77555756156289E-16,1.2724121478279E-17,-1.0));
#2455=DIRECTION('',(-1.46144262893354E-17,-1.0,-1.2724121478279E-17));
#2456=ORIENTED_EDGE('',*,*,#4073,.F.);
#2457=ORIENTED_EDGE('',*,*,#4074,.T.);
#2458=ORIENTED_EDGE('',*,*,#3699,.F.);
#2459=ORIENTED_EDGE('',*,*,#4075,.T.);
#2460=CARTESIAN_POINT('',(-4.2,3.5,-1.75));
#2461=DIRECTION('',(1.46144262893354E-17,1.0,1.2724121478279E-17));
#2462=DIRECTION('',(-1.0,1.46144262893354E-17,2.77555756156289E-16));
#2463=ORIENTED_EDGE('',*,*,#3756,.F.);
#2464=ORIENTED_EDGE('',*,*,#4076,.F.);
#2465=ORIENTED_EDGE('',*,*,#3695,.F.);
#2466=ORIENTED_EDGE('',*,*,#4077,.F.);
#2467=CARTESIAN_POINT('',(-4.2,3.5,-1.75));
#2468=DIRECTION('',(1.46144262893354E-17,1.0,1.2724121478279E-17));
#2469=DIRECTION('',(-1.0,1.46144262893354E-17,2.77555756156289E-16));
#2470=ORIENTED_EDGE('',*,*,#4078,.F.);
#2471=ORIENTED_EDGE('',*,*,#4079,.T.);
#2472=ORIENTED_EDGE('',*,*,#3719,.F.);
#2473=ORIENTED_EDGE('',*,*,#4080,.T.);
#2474=CARTESIAN_POINT('',(-4.2,3.5,-1.75));
#2475=DIRECTION('',(1.46144262893354E-17,1.0,1.2724121478279E-17));
#2476=DIRECTION('',(-1.0,1.46144262893354E-17,2.77555756156289E-16));
#2477=ORIENTED_EDGE('',*,*,#3747,.T.);
#2478=ORIENTED_EDGE('',*,*,#3764,.F.);
#2479=ORIENTED_EDGE('',*,*,#4081,.T.);
#2480=ORIENTED_EDGE('',*,*,#3714,.F.);
#2481=CARTESIAN_POINT('',(-3.1,2.45,-1.75));
#2482=DIRECTION('',(-1.0,3.45309814991954E-17,2.77555756156289E-16));
#2483=DIRECTION('',(2.77555756156289E-16,-1.2724121478279E-17,1.0));
#2484=ORIENTED_EDGE('',*,*,#4072,.F.);
#2485=ORIENTED_EDGE('',*,*,#4082,.F.);
#2486=ORIENTED_EDGE('',*,*,#3702,.F.);
#2487=ORIENTED_EDGE('',*,*,#4083,.F.);
#2488=CARTESIAN_POINT('',(-4.5,2.4,-1.75));
#2489=DIRECTION('',(-1.0,3.45309814991954E-17,2.77555756156289E-16));
#2490=DIRECTION('',(2.77555756156289E-16,-1.2724121478279E-17,1.0));
#2491=ORIENTED_EDGE('',*,*,#3758,.F.);
#2492=ORIENTED_EDGE('',*,*,#4084,.F.);
#2493=ORIENTED_EDGE('',*,*,#3708,.T.);
#2494=ORIENTED_EDGE('',*,*,#4085,.F.);
#2495=CARTESIAN_POINT('',(-4.5,2.4,-1.75));
#2496=DIRECTION('',(-1.0,3.45309814991954E-17,2.77555756156289E-16));
#2497=DIRECTION('',(2.77555756156289E-16,-1.2724121478279E-17,1.0));
#2498=ORIENTED_EDGE('',*,*,#4086,.F.);
#2499=ORIENTED_EDGE('',*,*,#4087,.T.);
#2500=ORIENTED_EDGE('',*,*,#4088,.F.);
#2501=ORIENTED_EDGE('',*,*,#3722,.F.);
#2502=CARTESIAN_POINT('',(4.5,2.4,-1.75));
#2503=DIRECTION('',(-1.0,3.45309814991954E-17,2.77555756156289E-16));
#2504=DIRECTION('',(2.77555756156289E-16,-1.2724121478279E-17,1.0));
#2505=ORIENTED_EDGE('',*,*,#4089,.F.);
#2506=ORIENTED_EDGE('',*,*,#3752,.T.);
#2507=ORIENTED_EDGE('',*,*,#4090,.T.);
#2508=ORIENTED_EDGE('',*,*,#3692,.F.);
#2509=CARTESIAN_POINT('',(4.5,2.4,-1.75));
#2510=DIRECTION('',(-1.0,3.45309814991954E-17,2.77555756156289E-16));
#2511=DIRECTION('',(2.77555756156289E-16,-1.2724121478279E-17,1.0));
#2512=ORIENTED_EDGE('',*,*,#3765,.T.);
#2513=ORIENTED_EDGE('',*,*,#3745,.T.);
#2514=ORIENTED_EDGE('',*,*,#3716,.F.);
#2515=ORIENTED_EDGE('',*,*,#4091,.F.);
#2516=CARTESIAN_POINT('',(1.1,3.3,-1.75));
#2517=DIRECTION('',(1.0,-3.45309814991954E-17,-2.77555756156289E-16));
#2518=DIRECTION('',(3.45309814991954E-17,1.0,1.2724121478279E-17));
#2519=ORIENTED_EDGE('',*,*,#4081,.F.);
#2520=ORIENTED_EDGE('',*,*,#3763,.T.);
#2521=ORIENTED_EDGE('',*,*,#4091,.T.);
#2522=ORIENTED_EDGE('',*,*,#3715,.F.);
#2523=CARTESIAN_POINT('',(1.1,2.45,-1.75));
#2524=DIRECTION('',(-1.46144262893354E-17,-1.0,-1.2724121478279E-17));
#2525=DIRECTION('',(-2.77555756156289E-16,1.2724121478279E-17,-1.0));
#2526=ORIENTED_EDGE('',*,*,#3762,.F.);
#2527=ORIENTED_EDGE('',*,*,#4092,.F.);
#2528=ORIENTED_EDGE('',*,*,#3711,.F.);
#2529=ORIENTED_EDGE('',*,*,#4093,.T.);
#2530=CARTESIAN_POINT('',(-4.2,3.5,-1.75));
#2531=DIRECTION('',(1.46144262893354E-17,1.0,1.2724121478279E-17));
#2532=DIRECTION('',(-1.0,1.46144262893354E-17,2.77555756156289E-16));
#2533=ORIENTED_EDGE('',*,*,#3759,.T.);
#2534=ORIENTED_EDGE('',*,*,#4085,.T.);
#2535=ORIENTED_EDGE('',*,*,#3707,.T.);
#2536=ORIENTED_EDGE('',*,*,#3729,.T.);
#2537=CARTESIAN_POINT('',(3.66822099862319E-18,2.401,-3.11366586170896E-15));
#2538=DIRECTION('',(-1.46144262893354E-17,-1.0,-1.2724121478279E-17));
#2539=DIRECTION('',(-2.77555756156289E-16,1.2724121478279E-17,-1.0));
#2540=ORIENTED_EDGE('',*,*,#4094,.F.);
#2541=ORIENTED_EDGE('',*,*,#3731,.T.);
#2542=ORIENTED_EDGE('',*,*,#3723,.T.);
#2543=ORIENTED_EDGE('',*,*,#4088,.T.);
#2544=CARTESIAN_POINT('',(3.66822099862319E-18,2.401,-3.11366586170896E-15));
#2545=DIRECTION('',(-1.46144262893354E-17,-1.0,-1.2724121478279E-17));
#2546=DIRECTION('',(-2.77555756156289E-16,1.2724121478279E-17,-1.0));
#2547=ORIENTED_EDGE('',*,*,#3753,.T.);
#2548=ORIENTED_EDGE('',*,*,#4089,.T.);
#2549=ORIENTED_EDGE('',*,*,#3691,.T.);
#2550=ORIENTED_EDGE('',*,*,#3735,.T.);
#2551=CARTESIAN_POINT('',(3.66822099862319E-18,2.401,-3.11366586170896E-15));
#2552=DIRECTION('',(-1.46144262893354E-17,-1.0,-1.2724121478279E-17));
#2553=DIRECTION('',(-2.77555756156289E-16,1.2724121478279E-17,-1.0));
#2554=ORIENTED_EDGE('',*,*,#4071,.F.);
#2555=ORIENTED_EDGE('',*,*,#3725,.T.);
#2556=ORIENTED_EDGE('',*,*,#3703,.T.);
#2557=ORIENTED_EDGE('',*,*,#4082,.T.);
#2558=CARTESIAN_POINT('',(3.66822099862319E-18,2.401,-3.11366586170896E-15));
#2559=DIRECTION('',(-1.46144262893354E-17,-1.0,-1.2724121478279E-17));
#2560=DIRECTION('',(-2.77555756156289E-16,1.2724121478279E-17,-1.0));
#2561=ORIENTED_EDGE('',*,*,#4095,.F.);
#2562=ORIENTED_EDGE('',*,*,#3732,.T.);
#2563=ORIENTED_EDGE('',*,*,#4094,.T.);
#2564=ORIENTED_EDGE('',*,*,#4087,.F.);
#2565=CARTESIAN_POINT('',(-2.49793079940195E-16,3.29,-0.960000000000003));
#2566=DIRECTION('',(2.77555756156289E-16,-1.2724121478279E-17,1.0));
#2567=DIRECTION('',(-1.0,3.45309814991954E-17,2.77555756156289E-16));
#2568=ORIENTED_EDGE('',*,*,#4096,.T.);
#2569=ORIENTED_EDGE('',*,*,#4080,.F.);
#2570=ORIENTED_EDGE('',*,*,#3718,.F.);
#2571=ORIENTED_EDGE('',*,*,#3744,.T.);
#2572=CARTESIAN_POINT('',(3.71,3.29,-4.1320859730546E-15));
#2573=DIRECTION('',(-1.0,3.45309814991954E-17,2.77555756156289E-16));
#2574=DIRECTION('',(2.77555756156289E-16,-1.2724121478279E-17,1.0));
#2575=ORIENTED_EDGE('',*,*,#4092,.T.);
#2576=ORIENTED_EDGE('',*,*,#3761,.F.);
#2577=ORIENTED_EDGE('',*,*,#3748,.F.);
#2578=ORIENTED_EDGE('',*,*,#3712,.T.);
#2579=CARTESIAN_POINT('',(-3.71,3.29,-2.07262226237494E-15));
#2580=DIRECTION('',(-1.0,3.45309814991954E-17,2.77555756156289E-16));
#2581=DIRECTION('',(2.77555756156289E-16,-1.2724121478279E-17,1.0));
#2582=ORIENTED_EDGE('',*,*,#4076,.T.);
#2583=ORIENTED_EDGE('',*,*,#3755,.F.);
#2584=ORIENTED_EDGE('',*,*,#3739,.F.);
#2585=ORIENTED_EDGE('',*,*,#3696,.T.);
#2586=CARTESIAN_POINT('',(3.71,3.29,-4.1320859730546E-15));
#2587=DIRECTION('',(1.0,-3.45309814991954E-17,-2.77555756156289E-16));
#2588=DIRECTION('',(3.45309814991954E-17,1.0,1.2724121478279E-17));
#2589=ORIENTED_EDGE('',*,*,#4097,.T.);
#2590=ORIENTED_EDGE('',*,*,#4075,.F.);
#2591=ORIENTED_EDGE('',*,*,#3698,.F.);
#2592=ORIENTED_EDGE('',*,*,#3738,.T.);
#2593=CARTESIAN_POINT('',(-3.71,3.29,-2.07262226237494E-15));
#2594=DIRECTION('',(1.0,-3.45309814991954E-17,-2.77555756156289E-16));
#2595=DIRECTION('',(3.45309814991954E-17,1.0,1.2724121478279E-17));
#2596=ORIENTED_EDGE('',*,*,#3810,.T.);
#2597=ORIENTED_EDGE('',*,*,#4098,.F.);
#2598=ORIENTED_EDGE('',*,*,#4061,.F.);
#2599=ORIENTED_EDGE('',*,*,#4099,.T.);
#2600=CARTESIAN_POINT('',(-1.8,3.3,-0.800000000000003));
#2601=DIRECTION('',(-1.0,3.45309814991954E-17,2.77555756156289E-16));
#2602=DIRECTION('',(2.77555756156289E-16,-1.2724121478279E-17,1.0));
#2603=ORIENTED_EDGE('',*,*,#3811,.T.);
#2604=ORIENTED_EDGE('',*,*,#4099,.F.);
#2605=ORIENTED_EDGE('',*,*,#4064,.F.);
#2606=ORIENTED_EDGE('',*,*,#4100,.T.);
#2607=CARTESIAN_POINT('',(-1.8,3.3,-0.800000000000003));
#2608=DIRECTION('',(-2.47439029142803E-16,1.2724121478279E-17,-1.0));
#2609=DIRECTION('',(1.0,-3.45309814991954E-17,-2.47439029142803E-16));
#2610=ORIENTED_EDGE('',*,*,#3812,.T.);
#2611=ORIENTED_EDGE('',*,*,#4100,.F.);
#2612=ORIENTED_EDGE('',*,*,#4063,.F.);
#2613=ORIENTED_EDGE('',*,*,#4101,.T.);
#2614=CARTESIAN_POINT('',(1.8,3.3,-0.800000000000003));
#2615=DIRECTION('',(1.0,-3.45309814991954E-17,-2.77555756156289E-16));
#2616=DIRECTION('',(3.45309814991954E-17,1.0,1.2724121478279E-17));
#2617=ORIENTED_EDGE('',*,*,#3813,.T.);
#2618=ORIENTED_EDGE('',*,*,#4101,.F.);
#2619=ORIENTED_EDGE('',*,*,#4062,.F.);
#2620=ORIENTED_EDGE('',*,*,#4098,.T.);
#2621=CARTESIAN_POINT('',(-1.8,3.3,0.799999999999997));
#2622=DIRECTION('',(2.77555756156289E-16,-1.2724121478279E-17,1.0));
#2623=DIRECTION('',(-1.0,3.45309814991954E-17,2.77555756156289E-16));
#2624=ORIENTED_EDGE('',*,*,#3737,.F.);
#2625=ORIENTED_EDGE('',*,*,#4102,.T.);
#2626=ORIENTED_EDGE('',*,*,#4073,.T.);
#2627=ORIENTED_EDGE('',*,*,#4097,.F.);
#2628=CARTESIAN_POINT('',(-3.96,3.29,1.46));
#2629=DIRECTION('',(2.77555756156289E-16,-1.2724121478279E-17,1.0));
#2630=DIRECTION('',(-1.0,3.45309814991954E-17,2.77555756156289E-16));
#2631=ORIENTED_EDGE('',*,*,#3743,.F.);
#2632=ORIENTED_EDGE('',*,*,#4103,.T.);
#2633=ORIENTED_EDGE('',*,*,#4078,.T.);
#2634=ORIENTED_EDGE('',*,*,#4096,.F.);
#2635=CARTESIAN_POINT('',(3.96,3.29,-1.46));
#2636=DIRECTION('',(-2.77555756156289E-16,1.2724121478279E-17,-1.0));
#2637=DIRECTION('',(-1.46144262893354E-17,-1.0,-1.2724121478279E-17));
#2638=ORIENTED_EDGE('',*,*,#4050,.F.);
#2639=ORIENTED_EDGE('',*,*,#4066,.F.);
#2640=ORIENTED_EDGE('',*,*,#3799,.F.);
#2641=ORIENTED_EDGE('',*,*,#3975,.F.);
#2642=CARTESIAN_POINT('',(-4.05,3.29,-1.05));
#2643=DIRECTION('',(-1.46144262893354E-17,-1.0,-1.2724121478279E-17));
#2644=DIRECTION('',(-1.0,1.46144262893354E-17,2.77555756156289E-16));
#2645=ORIENTED_EDGE('',*,*,#4047,.F.);
#2646=ORIENTED_EDGE('',*,*,#3937,.F.);
#2647=ORIENTED_EDGE('',*,*,#3803,.F.);
#2648=ORIENTED_EDGE('',*,*,#3984,.F.);
#2649=CARTESIAN_POINT('',(-4.05,3.3,1.05));
#2650=DIRECTION('',(1.46144262893354E-17,1.0,1.2724121478279E-17));
#2651=DIRECTION('',(1.0,-1.46144262893354E-17,-2.77555756156289E-16));
#2652=ORIENTED_EDGE('',*,*,#4058,.F.);
#2653=ORIENTED_EDGE('',*,*,#3958,.F.);
#2654=ORIENTED_EDGE('',*,*,#3777,.F.);
#2655=ORIENTED_EDGE('',*,*,#3956,.F.);
#2656=CARTESIAN_POINT('',(4.05,3.29,1.05));
#2657=DIRECTION('',(-1.46144262893354E-17,-1.0,-1.2724121478279E-17));
#2658=DIRECTION('',(-1.0,1.46144262893354E-17,2.77555756156289E-16));
#2659=ORIENTED_EDGE('',*,*,#4057,.F.);
#2660=ORIENTED_EDGE('',*,*,#3965,.F.);
#2661=ORIENTED_EDGE('',*,*,#3781,.F.);
#2662=ORIENTED_EDGE('',*,*,#3964,.F.);
#2663=CARTESIAN_POINT('',(4.05,2.8,-1.05));
#2664=DIRECTION('',(1.46144262893354E-17,1.0,1.2724121478279E-17));
#2665=DIRECTION('',(1.0,-1.46144262893354E-17,-2.77555756156289E-16));
#2666=ORIENTED_EDGE('',*,*,#4104,.T.);
#2667=ORIENTED_EDGE('',*,*,#3720,.T.);
#2668=ORIENTED_EDGE('',*,*,#4079,.F.);
#2669=ORIENTED_EDGE('',*,*,#4103,.F.);
#2670=CARTESIAN_POINT('',(4.2,3.5,-0.950000000000004));
#2671=DIRECTION('',(-1.0,3.45309814991954E-17,2.77555756156289E-16));
#2672=DIRECTION('',(2.77555756156289E-16,-1.2724121478279E-17,1.0));
#2673=ORIENTED_EDGE('',*,*,#4095,.T.);
#2674=ORIENTED_EDGE('',*,*,#4086,.T.);
#2675=ORIENTED_EDGE('',*,*,#3721,.T.);
#2676=ORIENTED_EDGE('',*,*,#4104,.F.);
#2677=ORIENTED_EDGE('',*,*,#3742,.F.);
#2678=CARTESIAN_POINT('',(4.2,3.29,-0.950000000000004));
#2679=DIRECTION('',(-0.88571094123507,-0.464237146915762,2.39927160178312E-16));
#2680=DIRECTION('',(-2.77555756156289E-16,1.2724121478279E-17,-1.0));
#2681=ORIENTED_EDGE('',*,*,#3757,.T.);
#2682=ORIENTED_EDGE('',*,*,#3750,.T.);
#2683=ORIENTED_EDGE('',*,*,#4105,.T.);
#2684=ORIENTED_EDGE('',*,*,#3709,.F.);
#2685=ORIENTED_EDGE('',*,*,#4084,.T.);
#2686=CARTESIAN_POINT('',(-4.2,3.29,-0.950000000000002));
#2687=DIRECTION('',(-0.88571094123507,0.464237146915763,2.51741179882484E-16));
#2688=DIRECTION('',(-2.77555756156289E-16,1.2724121478279E-17,-1.0));
#2689=ORIENTED_EDGE('',*,*,#3760,.T.);
#2690=ORIENTED_EDGE('',*,*,#4093,.F.);
#2691=ORIENTED_EDGE('',*,*,#3710,.F.);
#2692=ORIENTED_EDGE('',*,*,#4105,.F.);
#2693=CARTESIAN_POINT('',(-4.2,3.5,-0.950000000000002));
#2694=DIRECTION('',(-1.0,3.45309814991954E-17,2.77555756156289E-16));
#2695=DIRECTION('',(2.77555756156289E-16,-1.2724121478279E-17,1.0));
#2696=ORIENTED_EDGE('',*,*,#3751,.T.);
#2697=ORIENTED_EDGE('',*,*,#3741,.T.);
#2698=ORIENTED_EDGE('',*,*,#4106,.T.);
#2699=ORIENTED_EDGE('',*,*,#3693,.F.);
#2700=ORIENTED_EDGE('',*,*,#4090,.F.);
#2701=CARTESIAN_POINT('',(4.2,3.29,0.949999999999996));
#2702=DIRECTION('',(0.88571094123507,0.464237146915762,-2.39927160178312E-16));
#2703=DIRECTION('',(2.77555756156289E-16,-1.2724121478279E-17,1.0));
#2704=ORIENTED_EDGE('',*,*,#3754,.T.);
#2705=ORIENTED_EDGE('',*,*,#4077,.T.);
#2706=ORIENTED_EDGE('',*,*,#3694,.F.);
#2707=ORIENTED_EDGE('',*,*,#4106,.F.);
#2708=CARTESIAN_POINT('',(4.2,3.5,0.949999999999996));
#2709=DIRECTION('',(1.0,-3.45309814991954E-17,-2.77555756156289E-16));
#2710=DIRECTION('',(3.45309814991954E-17,1.0,1.2724121478279E-17));
#2711=ORIENTED_EDGE('',*,*,#4107,.T.);
#2712=ORIENTED_EDGE('',*,*,#3700,.T.);
#2713=ORIENTED_EDGE('',*,*,#4074,.F.);
#2714=ORIENTED_EDGE('',*,*,#4102,.F.);
#2715=CARTESIAN_POINT('',(-4.2,3.5,0.949999999999998));
#2716=DIRECTION('',(1.0,-3.45309814991954E-17,-2.77555756156289E-16));
#2717=DIRECTION('',(3.45309814991954E-17,1.0,1.2724121478279E-17));
#2718=ORIENTED_EDGE('',*,*,#4070,.T.);
#2719=ORIENTED_EDGE('',*,*,#4083,.T.);
#2720=ORIENTED_EDGE('',*,*,#3701,.T.);
#2721=ORIENTED_EDGE('',*,*,#4107,.F.);
#2722=ORIENTED_EDGE('',*,*,#3736,.F.);
#2723=CARTESIAN_POINT('',(-4.2,3.29,0.949999999999998));
#2724=DIRECTION('',(0.88571094123507,-0.464237146915763,-2.51741179882484E-16));
#2725=DIRECTION('',(0.464237146915763,0.88571094123507,-1.17581798737127E-16));
#2726=ORIENTED_EDGE('',*,*,#3724,.T.);
#2727=ORIENTED_EDGE('',*,*,#3705,.T.);
#2728=ORIENTED_EDGE('',*,*,#3730,.T.);
#2729=ORIENTED_EDGE('',*,*,#3689,.T.);
#2730=ORIENTED_EDGE('',*,*,#4108,.F.);
#2731=ORIENTED_EDGE('',*,*,#4109,.F.);
#2732=ORIENTED_EDGE('',*,*,#4110,.F.);
#2733=ORIENTED_EDGE('',*,*,#4111,.F.);
#2734=ORIENTED_EDGE('',*,*,#4112,.F.);
#2735=ORIENTED_EDGE('',*,*,#4113,.F.);
#2736=ORIENTED_EDGE('',*,*,#4114,.F.);
#2737=ORIENTED_EDGE('',*,*,#4115,.F.);
#2738=CARTESIAN_POINT('',(-1.67919758064464E-17,1.001,-3.13147963177855E-15));
#2739=DIRECTION('',(-1.46144262893354E-17,-1.0,-1.2724121478279E-17));
#2740=DIRECTION('',(-2.77555756156289E-16,1.2724121478279E-17,-1.0));
#2741=ORIENTED_EDGE('',*,*,#4116,.F.);
#2742=ORIENTED_EDGE('',*,*,#4117,.F.);
#2743=ORIENTED_EDGE('',*,*,#4118,.F.);
#2744=ORIENTED_EDGE('',*,*,#4119,.F.);
#2745=CARTESIAN_POINT('',(-3.14210165220711E-17,-8.88178419700125E-16,-3.14421647737831E-15));
#2746=DIRECTION('',(-1.46144262893354E-17,-1.0,-1.2724121478279E-17));
#2747=DIRECTION('',(-2.77555756156289E-16,1.2724121478279E-17,-1.0));
#2748=ORIENTED_EDGE('',*,*,#4120,.F.);
#2749=ORIENTED_EDGE('',*,*,#4121,.F.);
#2750=ORIENTED_EDGE('',*,*,#4122,.F.);
#2751=ORIENTED_EDGE('',*,*,#4123,.F.);
#2752=CARTESIAN_POINT('',(-3.14210165220711E-17,-8.88178419700125E-16,-3.14421647737831E-15));
#2753=DIRECTION('',(-1.46144262893354E-17,-1.0,-1.2724121478279E-17));
#2754=DIRECTION('',(-2.77555756156289E-16,1.2724121478279E-17,-1.0));
#2755=ORIENTED_EDGE('',*,*,#4124,.F.);
#2756=ORIENTED_EDGE('',*,*,#4125,.F.);
#2757=ORIENTED_EDGE('',*,*,#4126,.F.);
#2758=ORIENTED_EDGE('',*,*,#4127,.F.);
#2759=CARTESIAN_POINT('',(-3.14210165220711E-17,-8.88178419700125E-16,-3.14421647737831E-15));
#2760=DIRECTION('',(-1.46144262893354E-17,-1.0,-1.2724121478279E-17));
#2761=DIRECTION('',(-2.77555756156289E-16,1.2724121478279E-17,-1.0));
#2762=ORIENTED_EDGE('',*,*,#4128,.F.);
#2763=ORIENTED_EDGE('',*,*,#4129,.F.);
#2764=ORIENTED_EDGE('',*,*,#4130,.F.);
#2765=ORIENTED_EDGE('',*,*,#4131,.F.);
#2766=CARTESIAN_POINT('',(-3.14210165220711E-17,-8.88178419700125E-16,-3.14421647737831E-15));
#2767=DIRECTION('',(-1.46144262893354E-17,-1.0,-1.2724121478279E-17));
#2768=DIRECTION('',(-2.77555756156289E-16,1.2724121478279E-17,-1.0));
#2769=ORIENTED_EDGE('',*,*,#4132,.F.);
#2770=ORIENTED_EDGE('',*,*,#4119,.T.);
#2771=ORIENTED_EDGE('',*,*,#4133,.T.);
#2772=ORIENTED_EDGE('',*,*,#4134,.F.);
#2773=CARTESIAN_POINT('',(3.7,0.299999999999999,0.799999999999996));
#2774=DIRECTION('',(1.0,-3.45309814991954E-17,-2.77555756156289E-16));
#2775=DIRECTION('',(3.45309814991954E-17,1.0,1.2724121478279E-17));
#2776=ORIENTED_EDGE('',*,*,#4135,.F.);
#2777=ORIENTED_EDGE('',*,*,#4116,.T.);
#2778=ORIENTED_EDGE('',*,*,#4132,.T.);
#2779=ORIENTED_EDGE('',*,*,#4136,.F.);
#2780=CARTESIAN_POINT('',(3.7,0.299999999999999,1.2));
#2781=DIRECTION('',(2.77555756156289E-16,-1.2724121478279E-17,1.0));
#2782=DIRECTION('',(-1.0,3.45309814991954E-17,2.77555756156289E-16));
#2783=ORIENTED_EDGE('',*,*,#4137,.F.);
#2784=ORIENTED_EDGE('',*,*,#4117,.T.);
#2785=ORIENTED_EDGE('',*,*,#4135,.T.);
#2786=ORIENTED_EDGE('',*,*,#4138,.F.);
#2787=CARTESIAN_POINT('',(3.3,0.299999999999999,1.2));
#2788=DIRECTION('',(-1.0,3.45309814991954E-17,2.77555756156289E-16));
#2789=DIRECTION('',(2.77555756156289E-16,-1.2724121478279E-17,1.0));
#2790=ORIENTED_EDGE('',*,*,#4133,.F.);
#2791=ORIENTED_EDGE('',*,*,#4118,.T.);
#2792=ORIENTED_EDGE('',*,*,#4137,.T.);
#2793=ORIENTED_EDGE('',*,*,#4139,.F.);
#2794=CARTESIAN_POINT('',(3.3,0.299999999999999,0.799999999999996));
#2795=DIRECTION('',(-2.77555756156289E-16,1.2724121478279E-17,-1.0));
#2796=DIRECTION('',(-1.46144262893354E-17,-1.0,-1.2724121478279E-17));
#2797=ORIENTED_EDGE('',*,*,#4140,.F.);
#2798=ORIENTED_EDGE('',*,*,#4123,.T.);
#2799=ORIENTED_EDGE('',*,*,#4141,.T.);
#2800=ORIENTED_EDGE('',*,*,#4142,.F.);
#2801=CARTESIAN_POINT('',(-3.3,0.299999999999999,0.799999999999998));
#2802=DIRECTION('',(1.0,-3.45309814991954E-17,-2.77555756156289E-16));
#2803=DIRECTION('',(3.45309814991954E-17,1.0,1.2724121478279E-17));
#2804=ORIENTED_EDGE('',*,*,#4143,.F.);
#2805=ORIENTED_EDGE('',*,*,#4120,.T.);
#2806=ORIENTED_EDGE('',*,*,#4140,.T.);
#2807=ORIENTED_EDGE('',*,*,#4144,.F.);
#2808=CARTESIAN_POINT('',(-3.3,0.299999999999999,1.2));
#2809=DIRECTION('',(2.77555756156289E-16,-1.2724121478279E-17,1.0));
#2810=DIRECTION('',(-1.0,3.45309814991954E-17,2.77555756156289E-16));
#2811=ORIENTED_EDGE('',*,*,#4145,.F.);
#2812=ORIENTED_EDGE('',*,*,#4121,.T.);
#2813=ORIENTED_EDGE('',*,*,#4143,.T.);
#2814=ORIENTED_EDGE('',*,*,#4146,.F.);
#2815=CARTESIAN_POINT('',(-3.7,0.299999999999999,1.2));
#2816=DIRECTION('',(-1.0,3.45309814991954E-17,2.77555756156289E-16));
#2817=DIRECTION('',(2.77555756156289E-16,-1.2724121478279E-17,1.0));
#2818=ORIENTED_EDGE('',*,*,#4141,.F.);
#2819=ORIENTED_EDGE('',*,*,#4122,.T.);
#2820=ORIENTED_EDGE('',*,*,#4145,.T.);
#2821=ORIENTED_EDGE('',*,*,#4147,.F.);
#2822=CARTESIAN_POINT('',(-3.7,0.299999999999999,0.799999999999998));
#2823=DIRECTION('',(-2.77555756156289E-16,1.2724121478279E-17,-1.0));
#2824=DIRECTION('',(-1.46144262893354E-17,-1.0,-1.2724121478279E-17));
#2825=ORIENTED_EDGE('',*,*,#4148,.F.);
#2826=ORIENTED_EDGE('',*,*,#4127,.T.);
#2827=ORIENTED_EDGE('',*,*,#4149,.T.);
#2828=ORIENTED_EDGE('',*,*,#4150,.F.);
#2829=CARTESIAN_POINT('',(-3.3,0.299999999999999,-1.2));
#2830=DIRECTION('',(1.0,-3.45309814991954E-17,-2.77555756156289E-16));
#2831=DIRECTION('',(3.45309814991954E-17,1.0,1.2724121478279E-17));
#2832=ORIENTED_EDGE('',*,*,#4151,.F.);
#2833=ORIENTED_EDGE('',*,*,#4124,.T.);
#2834=ORIENTED_EDGE('',*,*,#4148,.T.);
#2835=ORIENTED_EDGE('',*,*,#4152,.F.);
#2836=CARTESIAN_POINT('',(-3.3,0.299999999999999,-0.800000000000002));
#2837=DIRECTION('',(2.77555756156289E-16,-1.2724121478279E-17,1.0));
#2838=DIRECTION('',(-1.0,3.45309814991954E-17,2.77555756156289E-16));
#2839=ORIENTED_EDGE('',*,*,#4153,.F.);
#2840=ORIENTED_EDGE('',*,*,#4125,.T.);
#2841=ORIENTED_EDGE('',*,*,#4151,.T.);
#2842=ORIENTED_EDGE('',*,*,#4154,.F.);
#2843=CARTESIAN_POINT('',(-3.7,0.299999999999999,-0.800000000000002));
#2844=DIRECTION('',(-1.0,3.45309814991954E-17,2.77555756156289E-16));
#2845=DIRECTION('',(2.77555756156289E-16,-1.2724121478279E-17,1.0));
#2846=ORIENTED_EDGE('',*,*,#4149,.F.);
#2847=ORIENTED_EDGE('',*,*,#4126,.T.);
#2848=ORIENTED_EDGE('',*,*,#4153,.T.);
#2849=ORIENTED_EDGE('',*,*,#4155,.F.);
#2850=CARTESIAN_POINT('',(-3.7,0.299999999999999,-1.2));
#2851=DIRECTION('',(-2.77555756156289E-16,1.2724121478279E-17,-1.0));
#2852=DIRECTION('',(-1.46144262893354E-17,-1.0,-1.2724121478279E-17));
#2853=ORIENTED_EDGE('',*,*,#4156,.F.);
#2854=ORIENTED_EDGE('',*,*,#4131,.T.);
#2855=ORIENTED_EDGE('',*,*,#4157,.T.);
#2856=ORIENTED_EDGE('',*,*,#4158,.F.);
#2857=CARTESIAN_POINT('',(3.7,0.299999999999999,-1.2));
#2858=DIRECTION('',(1.0,-3.45309814991954E-17,-2.77555756156289E-16));
#2859=DIRECTION('',(3.45309814991954E-17,1.0,1.2724121478279E-17));
#2860=ORIENTED_EDGE('',*,*,#4159,.F.);
#2861=ORIENTED_EDGE('',*,*,#4128,.T.);
#2862=ORIENTED_EDGE('',*,*,#4156,.T.);
#2863=ORIENTED_EDGE('',*,*,#4160,.F.);
#2864=CARTESIAN_POINT('',(3.7,0.299999999999999,-0.800000000000004));
#2865=DIRECTION('',(2.77555756156289E-16,-1.2724121478279E-17,1.0));
#2866=DIRECTION('',(-1.0,3.45309814991954E-17,2.77555756156289E-16));
#2867=ORIENTED_EDGE('',*,*,#4161,.F.);
#2868=ORIENTED_EDGE('',*,*,#4129,.T.);
#2869=ORIENTED_EDGE('',*,*,#4159,.T.);
#2870=ORIENTED_EDGE('',*,*,#4162,.F.);
#2871=CARTESIAN_POINT('',(3.3,0.299999999999999,-0.800000000000004));
#2872=DIRECTION('',(-1.0,3.45309814991954E-17,2.77555756156289E-16));
#2873=DIRECTION('',(2.77555756156289E-16,-1.2724121478279E-17,1.0));
#2874=ORIENTED_EDGE('',*,*,#4157,.F.);
#2875=ORIENTED_EDGE('',*,*,#4130,.T.);
#2876=ORIENTED_EDGE('',*,*,#4161,.T.);
#2877=ORIENTED_EDGE('',*,*,#4163,.F.);
#2878=CARTESIAN_POINT('',(3.3,0.299999999999999,-1.2));
#2879=DIRECTION('',(-2.77555756156289E-16,1.2724121478279E-17,-1.0));
#2880=DIRECTION('',(-1.46144262893354E-17,-1.0,-1.2724121478279E-17));
#2881=ORIENTED_EDGE('',*,*,#4164,.F.);
#2882=ORIENTED_EDGE('',*,*,#4165,.F.);
#2883=ORIENTED_EDGE('',*,*,#4166,.T.);
#2884=ORIENTED_EDGE('',*,*,#4167,.T.);
#2885=CARTESIAN_POINT('',(-1.25684066088284E-17,1.29,-3.12780236067133E-15));
#2886=DIRECTION('',(-1.46144262893354E-17,-1.0,-1.2724121478279E-17));
#2887=DIRECTION('',(-2.77555756156289E-16,1.2724121478279E-17,-1.0));
#2888=ORIENTED_EDGE('',*,*,#4168,.F.);
#2889=ORIENTED_EDGE('',*,*,#4169,.T.);
#2890=ORIENTED_EDGE('',*,*,#4170,.F.);
#2891=ORIENTED_EDGE('',*,*,#4171,.T.);
#2892=CARTESIAN_POINT('',(-1.25684066088284E-17,1.29,-3.12780236067133E-15));
#2893=DIRECTION('',(-1.46144262893354E-17,-1.0,-1.2724121478279E-17));
#2894=DIRECTION('',(-2.77555756156289E-16,1.2724121478279E-17,-1.0));
#2895=ORIENTED_EDGE('',*,*,#4172,.T.);
#2896=ORIENTED_EDGE('',*,*,#4164,.T.);
#2897=ORIENTED_EDGE('',*,*,#4173,.T.);
#2898=ORIENTED_EDGE('',*,*,#4174,.F.);
#2899=CARTESIAN_POINT('',(-3.84052348335953,3.0,-1.28197755712141));
#2900=DIRECTION('',(-2.77555756156289E-16,1.2724121478279E-17,-1.0));
#2901=DIRECTION('',(-1.46144262893354E-17,-1.0,-1.2724121478279E-17));
#2902=ORIENTED_EDGE('',*,*,#4175,.T.);
#2903=ORIENTED_EDGE('',*,*,#4168,.T.);
#2904=ORIENTED_EDGE('',*,*,#4176,.T.);
#2905=ORIENTED_EDGE('',*,*,#4177,.F.);
#2906=CARTESIAN_POINT('',(-3.84052348335953,3.0,1.33606943716875));
#2907=DIRECTION('',(2.77555756156289E-16,-1.2724121478279E-17,1.0));
#2908=DIRECTION('',(-1.0,3.45309814991954E-17,2.77555756156289E-16));
#2909=ORIENTED_EDGE('',*,*,#4178,.F.);
#2910=ORIENTED_EDGE('',*,*,#4179,.T.);
#2911=ORIENTED_EDGE('',*,*,#4180,.F.);
#2912=ORIENTED_EDGE('',*,*,#4181,.T.);
#2913=CARTESIAN_POINT('',(2.183652640088,0.299999999999999,2.929669331122));
#2914=DIRECTION('',(-1.0,3.45309814991954E-17,2.77555756156289E-16));
#2915=DIRECTION('',(3.45309814991954E-17,1.0,1.2724121478279E-17));
#2916=ORIENTED_EDGE('',*,*,#4182,.T.);
#2917=ORIENTED_EDGE('',*,*,#4183,.T.);
#2918=ORIENTED_EDGE('',*,*,#4184,.T.);
#2919=ORIENTED_EDGE('',*,*,#4180,.T.);
#2920=CARTESIAN_POINT('',(2.2,0.699999999999999,1.905174986067));
#2921=DIRECTION('',(1.79290973042882E-16,0.796984805804849,0.603999353738237));
#2922=DIRECTION('',(-1.0,2.18802887462438E-17,2.67968358515242E-16));
#2923=ORIENTED_EDGE('',*,*,#4185,.T.);
#2924=ORIENTED_EDGE('',*,*,#4186,.F.);
#2925=ORIENTED_EDGE('',*,*,#4187,.T.);
#2926=ORIENTED_EDGE('',*,*,#4183,.F.);
#2927=CARTESIAN_POINT('',(2.819132074425,0.399999999999999,1.804339516821));
#2928=DIRECTION('',(1.0,-3.45309814991954E-17,-2.77555756156289E-16));
#2929=DIRECTION('',(-1.95164164929113E-16,-0.796984805804849,-0.603999353738237));
#2930=ORIENTED_EDGE('',*,*,#4188,.F.);
#2931=ORIENTED_EDGE('',*,*,#4189,.T.);
#2932=ORIENTED_EDGE('',*,*,#4190,.F.);
#2933=ORIENTED_EDGE('',*,*,#4191,.T.);
#2934=CARTESIAN_POINT('',(2.183652640088,0.499999999999999,1.837951339903));
#2935=DIRECTION('',(-1.0,3.45309814991954E-17,2.77555756156289E-16));
#2936=DIRECTION('',(-3.45309814991954E-17,-1.0,-1.2724121478279E-17));
#2937=ORIENTED_EDGE('',*,*,#4192,.T.);
#2938=ORIENTED_EDGE('',*,*,#4193,.T.);
#2939=ORIENTED_EDGE('',*,*,#4194,.T.);
#2940=ORIENTED_EDGE('',*,*,#4190,.T.);
#2941=CARTESIAN_POINT('',(2.2,0.299999999999999,2.929669331122));
#2942=DIRECTION('',(-1.79290973042882E-16,-0.796984805804849,-0.603999353738237));
#2943=DIRECTION('',(-2.12380616386224E-16,0.603999353738237,-0.796984805804849));
#2944=ORIENTED_EDGE('',*,*,#4195,.T.);
#2945=ORIENTED_EDGE('',*,*,#4196,.F.);
#2946=ORIENTED_EDGE('',*,*,#4197,.T.);
#2947=ORIENTED_EDGE('',*,*,#4193,.F.);
#2948=CARTESIAN_POINT('',(2.819132074425,0.799999999999999,3.097728446532));
#2949=DIRECTION('',(1.0,-3.45309814991954E-17,-2.77555756156289E-16));
#2950=DIRECTION('',(1.95164164929113E-16,0.796984805804849,0.603999353738237));
#2951=ORIENTED_EDGE('',*,*,#4198,.T.);
#2952=ORIENTED_EDGE('',*,*,#4199,.F.);
#2953=ORIENTED_EDGE('',*,*,#4200,.F.);
#2954=ORIENTED_EDGE('',*,*,#4196,.T.);
#2955=CARTESIAN_POINT('',(2.2,0.299999999999999,3.75));
#2956=DIRECTION('',(-1.46144262893354E-17,-1.0,-1.2724121478279E-17));
#2957=DIRECTION('',(-2.77555756156289E-16,1.2724121478279E-17,-1.0));
#2958=ORIENTED_EDGE('',*,*,#4201,.F.);
#2959=ORIENTED_EDGE('',*,*,#4202,.F.);
#2960=ORIENTED_EDGE('',*,*,#4199,.T.);
#2961=ORIENTED_EDGE('',*,*,#4203,.T.);
#2962=CARTESIAN_POINT('',(2.2,-8.88178419700125E-16,3.75));
#2963=DIRECTION('',(-2.77555756156289E-16,1.2724121478279E-17,-1.0));
#2964=DIRECTION('',(-1.46144262893354E-17,-1.0,-1.2724121478279E-17));
#2965=ORIENTED_EDGE('',*,*,#4204,.F.);
#2966=ORIENTED_EDGE('',*,*,#4201,.T.);
#2967=ORIENTED_EDGE('',*,*,#4205,.T.);
#2968=ORIENTED_EDGE('',*,*,#4178,.T.);
#2969=CARTESIAN_POINT('',(2.2,-8.88178419700125E-16,2.828833861876));
#2970=DIRECTION('',(1.46144262893354E-17,1.0,1.2724121478279E-17));
#2971=DIRECTION('',(-1.0,1.46144262893354E-17,2.77555756156289E-16));
#2972=ORIENTED_EDGE('',*,*,#4206,.F.);
#2973=ORIENTED_EDGE('',*,*,#4207,.T.);
#2974=ORIENTED_EDGE('',*,*,#4208,.F.);
#2975=ORIENTED_EDGE('',*,*,#4209,.T.);
#2976=CARTESIAN_POINT('',(-2.819132074425,0.299999999999999,2.929669331122));
#2977=DIRECTION('',(-1.0,3.45309814991954E-17,2.77555756156289E-16));
#2978=DIRECTION('',(3.45309814991954E-17,1.0,1.2724121478279E-17));
#2979=ORIENTED_EDGE('',*,*,#4210,.T.);
#2980=ORIENTED_EDGE('',*,*,#4211,.T.);
#2981=ORIENTED_EDGE('',*,*,#4212,.T.);
#2982=ORIENTED_EDGE('',*,*,#4208,.T.);
#2983=CARTESIAN_POINT('',(-2.2,0.699999999999999,1.905174986067));
#2984=DIRECTION('',(-1.79290973042882E-16,-0.796984805804849,-0.603999353738237));
#2985=DIRECTION('',(-2.12380616386224E-16,0.603999353738237,-0.796984805804849));
#2986=ORIENTED_EDGE('',*,*,#4213,.T.);
#2987=ORIENTED_EDGE('',*,*,#4214,.F.);
#2988=ORIENTED_EDGE('',*,*,#4215,.T.);
#2989=ORIENTED_EDGE('',*,*,#4211,.F.);
#2990=CARTESIAN_POINT('',(-2.183652640088,0.399999999999999,1.804339516821));
#2991=DIRECTION('',(1.0,-3.45309814991954E-17,-2.77555756156289E-16));
#2992=DIRECTION('',(-1.95164164929113E-16,-0.796984805804849,-0.603999353738237));
#2993=ORIENTED_EDGE('',*,*,#4216,.F.);
#2994=ORIENTED_EDGE('',*,*,#4217,.T.);
#2995=ORIENTED_EDGE('',*,*,#4218,.F.);
#2996=ORIENTED_EDGE('',*,*,#4219,.T.);
#2997=CARTESIAN_POINT('',(-2.828219809778,0.499999999999999,1.837951339903));
#2998=DIRECTION('',(-1.0,3.45309814991954E-17,2.77555756156289E-16));
#2999=DIRECTION('',(-3.45309814991954E-17,-1.0,-1.2724121478279E-17));
#3000=ORIENTED_EDGE('',*,*,#4220,.T.);
#3001=ORIENTED_EDGE('',*,*,#4221,.T.);
#3002=ORIENTED_EDGE('',*,*,#4222,.T.);
#3003=ORIENTED_EDGE('',*,*,#4218,.T.);
#3004=CARTESIAN_POINT('',(-2.2,0.299999999999999,2.929669331122));
#3005=DIRECTION('',(1.79290973042882E-16,0.796984805804849,0.603999353738237));
#3006=DIRECTION('',(-1.0,2.18802887462438E-17,2.67968358515242E-16));
#3007=ORIENTED_EDGE('',*,*,#4223,.T.);
#3008=ORIENTED_EDGE('',*,*,#4224,.F.);
#3009=ORIENTED_EDGE('',*,*,#4225,.T.);
#3010=ORIENTED_EDGE('',*,*,#4221,.F.);
#3011=CARTESIAN_POINT('',(-2.183652640088,0.799999999999999,3.097728446532));
#3012=DIRECTION('',(1.0,-3.45309814991954E-17,-2.77555756156289E-16));
#3013=DIRECTION('',(1.95164164929113E-16,0.796984805804849,0.603999353738237));
#3014=ORIENTED_EDGE('',*,*,#4226,.T.);
#3015=ORIENTED_EDGE('',*,*,#4227,.T.);
#3016=ORIENTED_EDGE('',*,*,#4228,.F.);
#3017=ORIENTED_EDGE('',*,*,#4224,.T.);
#3018=CARTESIAN_POINT('',(-2.2,0.299999999999999,3.75));
#3019=DIRECTION('',(1.46144262893354E-17,1.0,1.2724121478279E-17));
#3020=DIRECTION('',(-1.0,1.46144262893354E-17,2.77555756156289E-16));
#3021=ORIENTED_EDGE('',*,*,#4227,.F.);
#3022=ORIENTED_EDGE('',*,*,#4229,.T.);
#3023=ORIENTED_EDGE('',*,*,#4230,.T.);
#3024=ORIENTED_EDGE('',*,*,#4231,.F.);
#3025=CARTESIAN_POINT('',(-2.2,-8.88178419700125E-16,3.75));
#3026=DIRECTION('',(2.77555756156289E-16,-1.2724121478279E-17,1.0));
#3027=DIRECTION('',(-1.0,3.45309814991954E-17,2.77555756156289E-16));
#3028=ORIENTED_EDGE('',*,*,#4232,.F.);
#3029=ORIENTED_EDGE('',*,*,#4230,.F.);
#3030=ORIENTED_EDGE('',*,*,#4233,.T.);
#3031=ORIENTED_EDGE('',*,*,#4206,.T.);
#3032=CARTESIAN_POINT('',(-2.2,-8.88178419700125E-16,2.828833861876));
#3033=DIRECTION('',(-1.46144262893354E-17,-1.0,-1.2724121478279E-17));
#3034=DIRECTION('',(-2.77555756156289E-16,1.2724121478279E-17,-1.0));
#3035=ORIENTED_EDGE('',*,*,#4234,.F.);
#3036=ORIENTED_EDGE('',*,*,#4235,.T.);
#3037=ORIENTED_EDGE('',*,*,#4236,.F.);
#3038=ORIENTED_EDGE('',*,*,#4237,.T.);
#3039=CARTESIAN_POINT('',(-0.319132074425501,0.299999999999999,-2.929669331122));
#3040=DIRECTION('',(-1.0,3.45309814991954E-17,2.77555756156289E-16));
#3041=DIRECTION('',(-1.40122829760325E-16,0.796984805804885,-0.603999353738189));
#3042=ORIENTED_EDGE('',*,*,#4238,.T.);
#3043=ORIENTED_EDGE('',*,*,#4239,.T.);
#3044=ORIENTED_EDGE('',*,*,#4240,.T.);
#3045=ORIENTED_EDGE('',*,*,#4234,.T.);
#3046=CARTESIAN_POINT('',(0.299999999999999,-8.88178419700125E-16,-2.828833861876));
#3047=DIRECTION('',(1.55996021646557E-16,-0.796984805804885,0.603999353738189));
#3048=DIRECTION('',(1.0,-2.18802887462427E-17,-2.87143153797336E-16));
#3049=ORIENTED_EDGE('',*,*,#4241,.T.);
#3050=ORIENTED_EDGE('',*,*,#4239,.F.);
#3051=ORIENTED_EDGE('',*,*,#4242,.T.);
#3052=ORIENTED_EDGE('',*,*,#4243,.F.);
#3053=CARTESIAN_POINT('',(0.3163473599117,0.399999999999999,-1.804339516821));
#3054=DIRECTION('',(1.0,-3.45309814991954E-17,-2.77555756156289E-16));
#3055=DIRECTION('',(-3.45309814991954E-17,-1.0,-1.2724121478279E-17));
#3056=ORIENTED_EDGE('',*,*,#4244,.F.);
#3057=ORIENTED_EDGE('',*,*,#4245,.T.);
#3058=ORIENTED_EDGE('',*,*,#4246,.F.);
#3059=ORIENTED_EDGE('',*,*,#4247,.T.);
#3060=CARTESIAN_POINT('',(-0.319132074425501,0.499999999999999,-1.837951339903));
#3061=DIRECTION('',(-1.0,3.45309814991954E-17,2.77555756156289E-16));
#3062=DIRECTION('',(1.40122829760325E-16,-0.796984805804885,0.603999353738189));
#3063=ORIENTED_EDGE('',*,*,#4248,.T.);
#3064=ORIENTED_EDGE('',*,*,#4249,.T.);
#3065=ORIENTED_EDGE('',*,*,#4250,.T.);
#3066=ORIENTED_EDGE('',*,*,#4244,.T.);
#3067=CARTESIAN_POINT('',(0.299999999999999,0.999999999999999,-2.006010455313));
#3068=DIRECTION('',(-1.55996021646557E-16,0.796984805804885,-0.603999353738189));
#3069=DIRECTION('',(1.0,-2.18802887462427E-17,-2.87143153797336E-16));
#3070=ORIENTED_EDGE('',*,*,#4251,.T.);
#3071=ORIENTED_EDGE('',*,*,#4249,.F.);
#3072=ORIENTED_EDGE('',*,*,#4252,.T.);
#3073=ORIENTED_EDGE('',*,*,#4253,.F.);
#3074=CARTESIAN_POINT('',(0.316347359911699,0.799999999999999,-3.097728446532));
#3075=DIRECTION('',(1.0,-3.45309814991954E-17,-2.77555756156289E-16));
#3076=DIRECTION('',(3.45309814991954E-17,1.0,1.2724121478279E-17));
#3077=ORIENTED_EDGE('',*,*,#4254,.F.);
#3078=ORIENTED_EDGE('',*,*,#4255,.F.);
#3079=ORIENTED_EDGE('',*,*,#4256,.T.);
#3080=ORIENTED_EDGE('',*,*,#4253,.T.);
#3081=CARTESIAN_POINT('',(0.299999999999999,0.299999999999999,-2.929669331122));
#3082=DIRECTION('',(1.46144262893354E-17,1.0,1.2724121478279E-17));
#3083=DIRECTION('',(-1.0,1.46144262893354E-17,2.77555756156289E-16));
#3084=ORIENTED_EDGE('',*,*,#4257,.F.);
#3085=ORIENTED_EDGE('',*,*,#4258,.T.);
#3086=ORIENTED_EDGE('',*,*,#4255,.T.);
#3087=ORIENTED_EDGE('',*,*,#4259,.F.);
#3088=CARTESIAN_POINT('',(0.299999999999999,0.299999999999999,-3.75));
#3089=DIRECTION('',(-2.77555756156289E-16,-1.03493574416917E-14,-1.0));
#3090=DIRECTION('',(-1.46144262893325E-17,-1.0,1.03493574416917E-14));
#3091=ORIENTED_EDGE('',*,*,#4260,.T.);
#3092=ORIENTED_EDGE('',*,*,#4257,.T.);
#3093=ORIENTED_EDGE('',*,*,#4261,.F.);
#3094=ORIENTED_EDGE('',*,*,#4236,.T.);
#3095=CARTESIAN_POINT('',(0.299999999999999,-8.88178419700125E-16,-3.75));
#3096=DIRECTION('',(-1.46144262893354E-17,-1.0,-1.2724121478279E-17));
#3097=DIRECTION('',(-2.77555756156289E-16,1.2724121478279E-17,-1.0));
#3098=ORIENTED_EDGE('',*,*,#4262,.T.);
#3099=ORIENTED_EDGE('',*,*,#4263,.F.);
#3100=ORIENTED_EDGE('',*,*,#4264,.F.);
#3101=ORIENTED_EDGE('',*,*,#4186,.T.);
#3102=CARTESIAN_POINT('',(2.2,0.699999999999999,1.435408615072));
#3103=DIRECTION('',(1.46144262893354E-17,1.0,1.2724121478279E-17));
#3104=DIRECTION('',(-1.0,1.46144262893354E-17,2.77555756156289E-16));
#3105=ORIENTED_EDGE('',*,*,#4265,.T.);
#3106=ORIENTED_EDGE('',*,*,#4266,.T.);
#3107=ORIENTED_EDGE('',*,*,#4267,.F.);
#3108=ORIENTED_EDGE('',*,*,#4214,.T.);
#3109=CARTESIAN_POINT('',(-2.2,0.699999999999999,1.435408615072));
#3110=DIRECTION('',(-1.46144262893354E-17,-1.0,-1.2724121478279E-17));
#3111=DIRECTION('',(-2.77555756156289E-16,1.2724121478279E-17,-1.0));
#3112=ORIENTED_EDGE('',*,*,#4268,.F.);
#3113=ORIENTED_EDGE('',*,*,#4269,.F.);
#3114=ORIENTED_EDGE('',*,*,#4270,.T.);
#3115=ORIENTED_EDGE('',*,*,#4243,.T.);
#3116=CARTESIAN_POINT('',(0.299999999999999,0.699999999999999,-1.905174986067));
#3117=DIRECTION('',(-1.46144262893354E-17,-1.0,-1.2724121478279E-17));
#3118=DIRECTION('',(-2.77555756156289E-16,1.2724121478279E-17,-1.0));
#3119=ORIENTED_EDGE('',*,*,#4271,.F.);
#3120=ORIENTED_EDGE('',*,*,#4272,.F.);
#3121=ORIENTED_EDGE('',*,*,#4273,.F.);
#3122=ORIENTED_EDGE('',*,*,#4274,.F.);
#3123=ORIENTED_EDGE('',*,*,#4163,.T.);
#3124=ORIENTED_EDGE('',*,*,#4162,.T.);
#3125=ORIENTED_EDGE('',*,*,#4160,.T.);
#3126=ORIENTED_EDGE('',*,*,#4158,.T.);
#3127=ORIENTED_EDGE('',*,*,#4155,.T.);
#3128=ORIENTED_EDGE('',*,*,#4154,.T.);
#3129=ORIENTED_EDGE('',*,*,#4152,.T.);
#3130=ORIENTED_EDGE('',*,*,#4150,.T.);
#3131=ORIENTED_EDGE('',*,*,#4147,.T.);
#3132=ORIENTED_EDGE('',*,*,#4146,.T.);
#3133=ORIENTED_EDGE('',*,*,#4144,.T.);
#3134=ORIENTED_EDGE('',*,*,#4142,.T.);
#3135=ORIENTED_EDGE('',*,*,#4139,.T.);
#3136=ORIENTED_EDGE('',*,*,#4138,.T.);
#3137=ORIENTED_EDGE('',*,*,#4136,.T.);
#3138=ORIENTED_EDGE('',*,*,#4134,.T.);
#3139=CARTESIAN_POINT('',(-2.70366886352705E-17,0.299999999999999,-3.14039924093483E-15));
#3140=DIRECTION('',(-1.46144262893354E-17,-1.0,-1.2724121478279E-17));
#3141=DIRECTION('',(-2.77555756156289E-16,1.2724121478279E-17,-1.0));
#3142=ORIENTED_EDGE('',*,*,#4111,.T.);
#3143=ORIENTED_EDGE('',*,*,#4275,.T.);
#3144=ORIENTED_EDGE('',*,*,#4166,.F.);
#3145=ORIENTED_EDGE('',*,*,#4276,.F.);
#3146=CARTESIAN_POINT('',(3.7,3.3,-1.45));
#3147=DIRECTION('',(-2.77555756156289E-16,1.2724121478279E-17,-1.0));
#3148=DIRECTION('',(-1.46144262893354E-17,-1.0,-1.2724121478279E-17));
#3149=ORIENTED_EDGE('',*,*,#4115,.T.);
#3150=ORIENTED_EDGE('',*,*,#4277,.T.);
#3151=ORIENTED_EDGE('',*,*,#4170,.T.);
#3152=ORIENTED_EDGE('',*,*,#4278,.F.);
#3153=CARTESIAN_POINT('',(-3.7,3.3,1.45));
#3154=DIRECTION('',(2.77555756156289E-16,-1.2724121478279E-17,1.0));
#3155=DIRECTION('',(-1.0,3.45309814991954E-17,2.77555756156289E-16));
#3156=ORIENTED_EDGE('',*,*,#4279,.F.);
#3157=ORIENTED_EDGE('',*,*,#4280,.T.);
#3158=ORIENTED_EDGE('',*,*,#4281,.F.);
#3159=ORIENTED_EDGE('',*,*,#4269,.T.);
#3160=ORIENTED_EDGE('',*,*,#4282,.T.);
#3161=ORIENTED_EDGE('',*,*,#4283,.T.);
#3162=ORIENTED_EDGE('',*,*,#4284,.T.);
#3163=ORIENTED_EDGE('',*,*,#4285,.F.);
#3164=ORIENTED_EDGE('',*,*,#4286,.F.);
#3165=ORIENTED_EDGE('',*,*,#4287,.T.);
#3166=ORIENTED_EDGE('',*,*,#4288,.T.);
#3167=ORIENTED_EDGE('',*,*,#4110,.T.);
#3168=ORIENTED_EDGE('',*,*,#4289,.F.);
#3169=ORIENTED_EDGE('',*,*,#4273,.T.);
#3170=ORIENTED_EDGE('',*,*,#4290,.T.);
#3171=ORIENTED_EDGE('',*,*,#4112,.T.);
#3172=ORIENTED_EDGE('',*,*,#4291,.F.);
#3173=ORIENTED_EDGE('',*,*,#4292,.T.);
#3174=ORIENTED_EDGE('',*,*,#4293,.T.);
#3175=ORIENTED_EDGE('',*,*,#4294,.F.);
#3176=CARTESIAN_POINT('',(-3.95,0.999999999999999,-1.45));
#3177=DIRECTION('',(-2.77555756156289E-16,1.2724121478279E-17,-1.0));
#3178=DIRECTION('',(-1.46144262893354E-17,-1.0,-1.2724121478279E-17));
#3179=ORIENTED_EDGE('',*,*,#4295,.F.);
#3180=ORIENTED_EDGE('',*,*,#4274,.T.);
#3181=ORIENTED_EDGE('',*,*,#4289,.T.);
#3182=ORIENTED_EDGE('',*,*,#4109,.T.);
#3183=CARTESIAN_POINT('',(3.95,0.999999999999999,-1.45));
#3184=DIRECTION('',(1.0,-3.45309814991954E-17,-2.77555756156289E-16));
#3185=DIRECTION('',(3.45309814991954E-17,1.0,1.2724121478279E-17));
#3186=ORIENTED_EDGE('',*,*,#4296,.F.);
#3187=ORIENTED_EDGE('',*,*,#4297,.T.);
#3188=ORIENTED_EDGE('',*,*,#4298,.T.);
#3189=ORIENTED_EDGE('',*,*,#4299,.F.);
#3190=ORIENTED_EDGE('',*,*,#4300,.F.);
#3191=ORIENTED_EDGE('',*,*,#4266,.F.);
#3192=ORIENTED_EDGE('',*,*,#4301,.T.);
#3193=ORIENTED_EDGE('',*,*,#4302,.F.);
#3194=ORIENTED_EDGE('',*,*,#4303,.T.);
#3195=ORIENTED_EDGE('',*,*,#4114,.T.);
#3196=ORIENTED_EDGE('',*,*,#4304,.F.);
#3197=ORIENTED_EDGE('',*,*,#4271,.T.);
#3198=ORIENTED_EDGE('',*,*,#4295,.T.);
#3199=ORIENTED_EDGE('',*,*,#4108,.T.);
#3200=ORIENTED_EDGE('',*,*,#4305,.F.);
#3201=ORIENTED_EDGE('',*,*,#4306,.F.);
#3202=ORIENTED_EDGE('',*,*,#4307,.F.);
#3203=ORIENTED_EDGE('',*,*,#4263,.T.);
#3204=ORIENTED_EDGE('',*,*,#4308,.T.);
#3205=ORIENTED_EDGE('',*,*,#4309,.F.);
#3206=CARTESIAN_POINT('',(3.95,0.999999999999999,1.45));
#3207=DIRECTION('',(2.77555756156289E-16,-1.2724121478279E-17,1.0));
#3208=DIRECTION('',(-1.0,3.45309814991954E-17,2.77555756156289E-16));
#3209=ORIENTED_EDGE('',*,*,#4261,.T.);
#3210=ORIENTED_EDGE('',*,*,#4259,.T.);
#3211=ORIENTED_EDGE('',*,*,#4254,.T.);
#3212=ORIENTED_EDGE('',*,*,#4252,.F.);
#3213=ORIENTED_EDGE('',*,*,#4248,.F.);
#3214=ORIENTED_EDGE('',*,*,#4247,.F.);
#3215=ORIENTED_EDGE('',*,*,#4310,.T.);
#3216=ORIENTED_EDGE('',*,*,#4282,.F.);
#3217=ORIENTED_EDGE('',*,*,#4268,.T.);
#3218=ORIENTED_EDGE('',*,*,#4242,.F.);
#3219=ORIENTED_EDGE('',*,*,#4238,.F.);
#3220=ORIENTED_EDGE('',*,*,#4237,.F.);
#3221=CARTESIAN_POINT('',(0.3,2.15,-3.2001263430469E-15));
#3222=DIRECTION('',(-1.0,3.45309814991954E-17,2.77555756156289E-16));
#3223=DIRECTION('',(2.77555756156289E-16,-1.2724121478279E-17,1.0));
#3224=ORIENTED_EDGE('',*,*,#4240,.F.);
#3225=ORIENTED_EDGE('',*,*,#4241,.F.);
#3226=ORIENTED_EDGE('',*,*,#4270,.F.);
#3227=ORIENTED_EDGE('',*,*,#4281,.T.);
#3228=ORIENTED_EDGE('',*,*,#4311,.T.);
#3229=ORIENTED_EDGE('',*,*,#4245,.F.);
#3230=ORIENTED_EDGE('',*,*,#4250,.F.);
#3231=ORIENTED_EDGE('',*,*,#4251,.F.);
#3232=ORIENTED_EDGE('',*,*,#4256,.F.);
#3233=ORIENTED_EDGE('',*,*,#4258,.F.);
#3234=ORIENTED_EDGE('',*,*,#4260,.F.);
#3235=ORIENTED_EDGE('',*,*,#4235,.F.);
#3236=CARTESIAN_POINT('',(-0.3,2.15,-3.03359288935312E-15));
#3237=DIRECTION('',(-1.0,3.45309814991954E-17,2.77555756156289E-16));
#3238=DIRECTION('',(2.77555756156289E-16,-1.2724121478279E-17,1.0));
#3239=ORIENTED_EDGE('',*,*,#4290,.F.);
#3240=ORIENTED_EDGE('',*,*,#4272,.T.);
#3241=ORIENTED_EDGE('',*,*,#4304,.T.);
#3242=ORIENTED_EDGE('',*,*,#4113,.T.);
#3243=CARTESIAN_POINT('',(-3.95,0.999999999999999,1.45));
#3244=DIRECTION('',(-1.0,3.45309814991954E-17,2.77555756156289E-16));
#3245=DIRECTION('',(2.77555756156289E-16,-1.2724121478279E-17,1.0));
#3246=ORIENTED_EDGE('',*,*,#4233,.F.);
#3247=ORIENTED_EDGE('',*,*,#4229,.F.);
#3248=ORIENTED_EDGE('',*,*,#4226,.F.);
#3249=ORIENTED_EDGE('',*,*,#4223,.F.);
#3250=ORIENTED_EDGE('',*,*,#4220,.F.);
#3251=ORIENTED_EDGE('',*,*,#4217,.F.);
#3252=ORIENTED_EDGE('',*,*,#4312,.F.);
#3253=ORIENTED_EDGE('',*,*,#4301,.F.);
#3254=ORIENTED_EDGE('',*,*,#4265,.F.);
#3255=ORIENTED_EDGE('',*,*,#4213,.F.);
#3256=ORIENTED_EDGE('',*,*,#4210,.F.);
#3257=ORIENTED_EDGE('',*,*,#4207,.F.);
#3258=CARTESIAN_POINT('',(-2.8,2.15,-2.3397034989624E-15));
#3259=DIRECTION('',(-1.0,3.45309814991954E-17,2.77555756156289E-16));
#3260=DIRECTION('',(2.77555756156289E-16,-1.2724121478279E-17,1.0));
#3261=ORIENTED_EDGE('',*,*,#4212,.F.);
#3262=ORIENTED_EDGE('',*,*,#4215,.F.);
#3263=ORIENTED_EDGE('',*,*,#4267,.T.);
#3264=ORIENTED_EDGE('',*,*,#4300,.T.);
#3265=ORIENTED_EDGE('',*,*,#4313,.T.);
#3266=ORIENTED_EDGE('',*,*,#4219,.F.);
#3267=ORIENTED_EDGE('',*,*,#4222,.F.);
#3268=ORIENTED_EDGE('',*,*,#4225,.F.);
#3269=ORIENTED_EDGE('',*,*,#4228,.T.);
#3270=ORIENTED_EDGE('',*,*,#4231,.T.);
#3271=ORIENTED_EDGE('',*,*,#4232,.T.);
#3272=ORIENTED_EDGE('',*,*,#4209,.F.);
#3273=CARTESIAN_POINT('',(-2.2,2.15,-2.50623695265617E-15));
#3274=DIRECTION('',(-1.0,3.45309814991954E-17,2.77555756156289E-16));
#3275=DIRECTION('',(2.77555756156289E-16,-1.2724121478279E-17,1.0));
#3276=ORIENTED_EDGE('',*,*,#4205,.F.);
#3277=ORIENTED_EDGE('',*,*,#4203,.F.);
#3278=ORIENTED_EDGE('',*,*,#4198,.F.);
#3279=ORIENTED_EDGE('',*,*,#4195,.F.);
#3280=ORIENTED_EDGE('',*,*,#4192,.F.);
#3281=ORIENTED_EDGE('',*,*,#4189,.F.);
#3282=ORIENTED_EDGE('',*,*,#4314,.F.);
#3283=ORIENTED_EDGE('',*,*,#4308,.F.);
#3284=ORIENTED_EDGE('',*,*,#4262,.F.);
#3285=ORIENTED_EDGE('',*,*,#4185,.F.);
#3286=ORIENTED_EDGE('',*,*,#4182,.F.);
#3287=ORIENTED_EDGE('',*,*,#4179,.F.);
#3288=CARTESIAN_POINT('',(2.2,2.15,-3.72748227974384E-15));
#3289=DIRECTION('',(-1.0,3.45309814991954E-17,2.77555756156289E-16));
#3290=DIRECTION('',(2.77555756156289E-16,-1.2724121478279E-17,1.0));
#3291=ORIENTED_EDGE('',*,*,#4184,.F.);
#3292=ORIENTED_EDGE('',*,*,#4187,.F.);
#3293=ORIENTED_EDGE('',*,*,#4264,.T.);
#3294=ORIENTED_EDGE('',*,*,#4307,.T.);
#3295=ORIENTED_EDGE('',*,*,#4315,.T.);
#3296=ORIENTED_EDGE('',*,*,#4191,.F.);
#3297=ORIENTED_EDGE('',*,*,#4194,.F.);
#3298=ORIENTED_EDGE('',*,*,#4197,.F.);
#3299=ORIENTED_EDGE('',*,*,#4200,.T.);
#3300=ORIENTED_EDGE('',*,*,#4202,.T.);
#3301=ORIENTED_EDGE('',*,*,#4204,.T.);
#3302=ORIENTED_EDGE('',*,*,#4181,.F.);
#3303=CARTESIAN_POINT('',(2.8,2.15,-3.89401573343762E-15));
#3304=DIRECTION('',(-1.0,3.45309814991954E-17,2.77555756156289E-16));
#3305=DIRECTION('',(2.77555756156289E-16,-1.2724121478279E-17,1.0));
#3306=ORIENTED_EDGE('',*,*,#4316,.F.);
#3307=ORIENTED_EDGE('',*,*,#4177,.T.);
#3308=ORIENTED_EDGE('',*,*,#4317,.F.);
#3309=ORIENTED_EDGE('',*,*,#4302,.T.);
#3310=ORIENTED_EDGE('',*,*,#4312,.T.);
#3311=ORIENTED_EDGE('',*,*,#4216,.T.);
#3312=ORIENTED_EDGE('',*,*,#4313,.F.);
#3313=ORIENTED_EDGE('',*,*,#4299,.T.);
#3314=ORIENTED_EDGE('',*,*,#4318,.T.);
#3315=ORIENTED_EDGE('',*,*,#4319,.F.);
#3316=ORIENTED_EDGE('',*,*,#4320,.F.);
#3317=ORIENTED_EDGE('',*,*,#4309,.T.);
#3318=ORIENTED_EDGE('',*,*,#4314,.T.);
#3319=ORIENTED_EDGE('',*,*,#4188,.T.);
#3320=ORIENTED_EDGE('',*,*,#4315,.F.);
#3321=ORIENTED_EDGE('',*,*,#4306,.T.);
#3322=CARTESIAN_POINT('',(-1.68065902327357E-17,0.999999999999999,-3.13149235590003E-15));
#3323=DIRECTION('',(1.46144262893354E-17,1.0,1.2724121478279E-17));
#3324=DIRECTION('',(-1.0,1.46144262893354E-17,2.77555756156289E-16));
#3325=ORIENTED_EDGE('',*,*,#4321,.F.);
#3326=ORIENTED_EDGE('',*,*,#4174,.T.);
#3327=ORIENTED_EDGE('',*,*,#4322,.F.);
#3328=ORIENTED_EDGE('',*,*,#4287,.F.);
#3329=ORIENTED_EDGE('',*,*,#4323,.F.);
#3330=ORIENTED_EDGE('',*,*,#4324,.T.);
#3331=ORIENTED_EDGE('',*,*,#4325,.T.);
#3332=ORIENTED_EDGE('',*,*,#4283,.F.);
#3333=ORIENTED_EDGE('',*,*,#4310,.F.);
#3334=ORIENTED_EDGE('',*,*,#4246,.T.);
#3335=ORIENTED_EDGE('',*,*,#4311,.F.);
#3336=ORIENTED_EDGE('',*,*,#4280,.F.);
#3337=ORIENTED_EDGE('',*,*,#4326,.F.);
#3338=ORIENTED_EDGE('',*,*,#4327,.T.);
#3339=ORIENTED_EDGE('',*,*,#4328,.T.);
#3340=ORIENTED_EDGE('',*,*,#4292,.F.);
#3341=CARTESIAN_POINT('',(-1.68065902327357E-17,0.999999999999999,-3.13149235590003E-15));
#3342=DIRECTION('',(1.46144262893354E-17,1.0,1.2724121478279E-17));
#3343=DIRECTION('',(-1.0,1.46144262893354E-17,2.77555756156289E-16));
#3344=ORIENTED_EDGE('',*,*,#4169,.F.);
#3345=ORIENTED_EDGE('',*,*,#4175,.F.);
#3346=ORIENTED_EDGE('',*,*,#4316,.T.);
#3347=ORIENTED_EDGE('',*,*,#4305,.T.);
#3348=ORIENTED_EDGE('',*,*,#4278,.T.);
#3349=CARTESIAN_POINT('',(3.7,3.3,1.45));
#3350=DIRECTION('',(1.0,-3.45309814991954E-17,-2.77555756156289E-16));
#3351=DIRECTION('',(3.45309814991954E-17,1.0,1.2724121478279E-17));
#3352=ORIENTED_EDGE('',*,*,#4165,.T.);
#3353=ORIENTED_EDGE('',*,*,#4172,.F.);
#3354=ORIENTED_EDGE('',*,*,#4321,.T.);
#3355=ORIENTED_EDGE('',*,*,#4291,.T.);
#3356=ORIENTED_EDGE('',*,*,#4276,.T.);
#3357=CARTESIAN_POINT('',(-3.7,3.3,-1.45));
#3358=DIRECTION('',(-1.0,3.45309814991954E-17,2.77555756156289E-16));
#3359=DIRECTION('',(2.77555756156289E-16,-1.2724121478279E-17,1.0));
#3360=ORIENTED_EDGE('',*,*,#4167,.F.);
#3361=ORIENTED_EDGE('',*,*,#4275,.F.);
#3362=ORIENTED_EDGE('',*,*,#4288,.F.);
#3363=ORIENTED_EDGE('',*,*,#4322,.T.);
#3364=ORIENTED_EDGE('',*,*,#4173,.F.);
#3365=CARTESIAN_POINT('',(3.7,3.3,1.45));
#3366=DIRECTION('',(1.0,-3.45309814991954E-17,-2.77555756156289E-16));
#3367=DIRECTION('',(3.45309814991954E-17,1.0,1.2724121478279E-17));
#3368=ORIENTED_EDGE('',*,*,#4171,.F.);
#3369=ORIENTED_EDGE('',*,*,#4277,.F.);
#3370=ORIENTED_EDGE('',*,*,#4303,.F.);
#3371=ORIENTED_EDGE('',*,*,#4317,.T.);
#3372=ORIENTED_EDGE('',*,*,#4176,.F.);
#3373=CARTESIAN_POINT('',(-3.7,3.3,-1.45));
#3374=DIRECTION('',(-1.0,3.45309814991954E-17,2.77555756156289E-16));
#3375=DIRECTION('',(2.77555756156289E-16,-1.2724121478279E-17,1.0));
#3376=ORIENTED_EDGE('',*,*,#4329,.T.);
#3377=ORIENTED_EDGE('',*,*,#4330,.F.);
#3378=ORIENTED_EDGE('',*,*,#4331,.F.);
#3379=ORIENTED_EDGE('',*,*,#4332,.T.);
#3380=CARTESIAN_POINT('',(0.300000000000001,0.299999999999999,2.929669331122));
#3381=DIRECTION('',(1.0,-3.45309814991954E-17,-2.77555756156289E-16));
#3382=DIRECTION('',(-3.45309814991954E-17,-1.0,-1.2724121478279E-17));
#3383=ORIENTED_EDGE('',*,*,#4333,.T.);
#3384=ORIENTED_EDGE('',*,*,#4334,.F.);
#3385=ORIENTED_EDGE('',*,*,#4335,.F.);
#3386=ORIENTED_EDGE('',*,*,#4330,.T.);
#3387=CARTESIAN_POINT('',(0.300000000000001,0.060904558259999,2.748469524998));
#3388=DIRECTION('',(1.7929097304306E-16,0.796984805804341,0.603999353738907));
#3389=DIRECTION('',(-1.0,2.188028874626E-17,2.67968358515238E-16));
#3390=ORIENTED_EDGE('',*,*,#4336,.T.);
#3391=ORIENTED_EDGE('',*,*,#4337,.F.);
#3392=ORIENTED_EDGE('',*,*,#4338,.F.);
#3393=ORIENTED_EDGE('',*,*,#4334,.T.);
#3394=CARTESIAN_POINT('',(0.3,0.399999999999999,1.804339516821));
#3395=DIRECTION('',(1.0,-3.45309814991954E-17,-2.77555756156289E-16));
#3396=DIRECTION('',(-3.45309814991954E-17,-1.0,-1.2724121478279E-17));
#3397=ORIENTED_EDGE('',*,*,#4339,.T.);
#3398=ORIENTED_EDGE('',*,*,#4297,.F.);
#3399=ORIENTED_EDGE('',*,*,#4340,.F.);
#3400=ORIENTED_EDGE('',*,*,#4337,.T.);
#3401=CARTESIAN_POINT('',(0.3,0.700000000000062,1.804339516821));
#3402=DIRECTION('',(1.46144262892863E-17,1.0,-1.76842756553908E-13));
#3403=DIRECTION('',(-2.77555756156292E-16,-1.76842756553908E-13,-1.0));
#3404=ORIENTED_EDGE('',*,*,#4341,.T.);
#3405=ORIENTED_EDGE('',*,*,#4342,.F.);
#3406=ORIENTED_EDGE('',*,*,#4343,.F.);
#3407=ORIENTED_EDGE('',*,*,#4319,.T.);
#3408=CARTESIAN_POINT('',(0.3,0.499999999999999,1.837951339903));
#3409=DIRECTION('',(1.0,-3.45309814991954E-17,-2.77555756156289E-16));
#3410=DIRECTION('',(-3.45309814991954E-17,-1.0,-1.2724121478279E-17));
#3411=ORIENTED_EDGE('',*,*,#4344,.T.);
#3412=ORIENTED_EDGE('',*,*,#4345,.F.);
#3413=ORIENTED_EDGE('',*,*,#4346,.F.);
#3414=ORIENTED_EDGE('',*,*,#4342,.T.);
#3415=CARTESIAN_POINT('',(0.300000000000001,0.898492402902162,2.13995101677212));
#3416=DIRECTION('',(-1.79290973042977E-16,-0.796984805804578,-0.603999353738593));
#3417=DIRECTION('',(-2.12380616386144E-16,0.603999353738593,-0.796984805804578));
#3418=ORIENTED_EDGE('',*,*,#4347,.T.);
#3419=ORIENTED_EDGE('',*,*,#4348,.F.);
#3420=ORIENTED_EDGE('',*,*,#4349,.F.);
#3421=ORIENTED_EDGE('',*,*,#4345,.T.);
#3422=CARTESIAN_POINT('',(0.300000000000001,0.799999999999999,3.097728446532));
#3423=DIRECTION('',(1.0,-3.45309814991954E-17,-2.77555756156289E-16));
#3424=DIRECTION('',(-3.45309814991954E-17,-1.0,-1.2724121478279E-17));
#3425=ORIENTED_EDGE('',*,*,#4350,.T.);
#3426=ORIENTED_EDGE('',*,*,#4351,.F.);
#3427=ORIENTED_EDGE('',*,*,#4352,.F.);
#3428=ORIENTED_EDGE('',*,*,#4348,.T.);
#3429=CARTESIAN_POINT('',(0.300000000000001,0.299999999999914,3.097728446532));
#3430=DIRECTION('',(-1.46144262892994E-17,-1.0,1.29638444941835E-13));
#3431=DIRECTION('',(1.0,-1.46144262893354E-17,-2.77555756156292E-16));
#3432=ORIENTED_EDGE('',*,*,#4353,.T.);
#3433=ORIENTED_EDGE('',*,*,#4354,.F.);
#3434=ORIENTED_EDGE('',*,*,#4355,.F.);
#3435=ORIENTED_EDGE('',*,*,#4351,.T.);
#3436=CARTESIAN_POINT('',(0.300000000000001,0.299999999999999,3.75));
#3437=DIRECTION('',(-2.77555756156289E-16,1.2724121478279E-17,-1.0));
#3438=DIRECTION('',(-1.46144262893354E-17,-1.0,-1.2724121478279E-17));
#3439=ORIENTED_EDGE('',*,*,#4356,.T.);
#3440=ORIENTED_EDGE('',*,*,#4332,.F.);
#3441=ORIENTED_EDGE('',*,*,#4357,.F.);
#3442=ORIENTED_EDGE('',*,*,#4354,.T.);
#3443=CARTESIAN_POINT('',(0.300000000000001,-8.88178419700125E-16,3.75));
#3444=DIRECTION('',(1.46144262893354E-17,1.0,1.2724121478279E-17));
#3445=DIRECTION('',(-1.0,1.46144262893354E-17,2.77555756156289E-16));
#3446=ORIENTED_EDGE('',*,*,#4331,.T.);
#3447=ORIENTED_EDGE('',*,*,#4335,.T.);
#3448=ORIENTED_EDGE('',*,*,#4338,.T.);
#3449=ORIENTED_EDGE('',*,*,#4340,.T.);
#3450=ORIENTED_EDGE('',*,*,#4296,.T.);
#3451=ORIENTED_EDGE('',*,*,#4320,.T.);
#3452=ORIENTED_EDGE('',*,*,#4343,.T.);
#3453=ORIENTED_EDGE('',*,*,#4346,.T.);
#3454=ORIENTED_EDGE('',*,*,#4349,.T.);
#3455=ORIENTED_EDGE('',*,*,#4352,.T.);
#3456=ORIENTED_EDGE('',*,*,#4355,.T.);
#3457=ORIENTED_EDGE('',*,*,#4357,.T.);
#3458=CARTESIAN_POINT('',(0.300000000000001,0.299999999999999,2.929669331122));
#3459=DIRECTION('',(1.0,-3.45309814991954E-17,-2.77555756156289E-16));
#3460=DIRECTION('',(3.45309814991954E-17,1.0,1.2724121478279E-17));
#3461=ORIENTED_EDGE('',*,*,#4329,.F.);
#3462=ORIENTED_EDGE('',*,*,#4356,.F.);
#3463=ORIENTED_EDGE('',*,*,#4353,.F.);
#3464=ORIENTED_EDGE('',*,*,#4350,.F.);
#3465=ORIENTED_EDGE('',*,*,#4347,.F.);
#3466=ORIENTED_EDGE('',*,*,#4344,.F.);
#3467=ORIENTED_EDGE('',*,*,#4341,.F.);
#3468=ORIENTED_EDGE('',*,*,#4318,.F.);
#3469=ORIENTED_EDGE('',*,*,#4298,.F.);
#3470=ORIENTED_EDGE('',*,*,#4339,.F.);
#3471=ORIENTED_EDGE('',*,*,#4336,.F.);
#3472=ORIENTED_EDGE('',*,*,#4333,.F.);
#3473=CARTESIAN_POINT('',(-0.299999999999999,0.299999999999999,2.929669331122));
#3474=DIRECTION('',(1.0,-3.45309814991954E-17,-2.77555756156289E-16));
#3475=DIRECTION('',(3.45309814991954E-17,1.0,1.2724121478279E-17));
#3476=ORIENTED_EDGE('',*,*,#4358,.T.);
#3477=ORIENTED_EDGE('',*,*,#4359,.F.);
#3478=ORIENTED_EDGE('',*,*,#4360,.F.);
#3479=ORIENTED_EDGE('',*,*,#4361,.T.);
#3480=CARTESIAN_POINT('',(2.8,0.299999999999999,-2.929669331122));
#3481=DIRECTION('',(1.0,-3.45309814991954E-17,-2.77555756156289E-16));
#3482=DIRECTION('',(-3.45309814991954E-17,-1.0,-1.2724121478279E-17));
#3483=ORIENTED_EDGE('',*,*,#4362,.T.);
#3484=ORIENTED_EDGE('',*,*,#4363,.F.);
#3485=ORIENTED_EDGE('',*,*,#4364,.F.);
#3486=ORIENTED_EDGE('',*,*,#4359,.T.);
#3487=CARTESIAN_POINT('',(2.8,-8.88178419700125E-16,-2.929669331122));
#3488=DIRECTION('',(1.46144262893354E-17,1.0,1.2724121478279E-17));
#3489=DIRECTION('',(-1.0,1.46144262893354E-17,2.77555756156289E-16));
#3490=ORIENTED_EDGE('',*,*,#4365,.T.);
#3491=ORIENTED_EDGE('',*,*,#4366,.F.);
#3492=ORIENTED_EDGE('',*,*,#4367,.F.);
#3493=ORIENTED_EDGE('',*,*,#4363,.T.);
#3494=CARTESIAN_POINT('',(2.8,-8.88178419700125E-16,-3.75));
#3495=DIRECTION('',(2.77555756156289E-16,-1.2724121478279E-17,1.0));
#3496=DIRECTION('',(-1.0,3.45309814991954E-17,2.77555756156289E-16));
#3497=ORIENTED_EDGE('',*,*,#4368,.T.);
#3498=ORIENTED_EDGE('',*,*,#4369,.F.);
#3499=ORIENTED_EDGE('',*,*,#4370,.F.);
#3500=ORIENTED_EDGE('',*,*,#4366,.T.);
#3501=CARTESIAN_POINT('',(2.8,0.299999999999999,-3.75));
#3502=DIRECTION('',(-1.46144262893354E-17,-1.0,-1.2724121478279E-17));
#3503=DIRECTION('',(-2.77555756156289E-16,1.2724121478279E-17,-1.0));
#3504=ORIENTED_EDGE('',*,*,#4371,.T.);
#3505=ORIENTED_EDGE('',*,*,#4372,.F.);
#3506=ORIENTED_EDGE('',*,*,#4373,.F.);
#3507=ORIENTED_EDGE('',*,*,#4369,.T.);
#3508=CARTESIAN_POINT('',(2.8,0.799999999999999,-3.097728446532));
#3509=DIRECTION('',(1.0,-3.45309814991954E-17,-2.77555756156289E-16));
#3510=DIRECTION('',(-3.45309814991954E-17,-1.0,-1.2724121478279E-17));
#3511=ORIENTED_EDGE('',*,*,#4374,.T.);
#3512=ORIENTED_EDGE('',*,*,#4375,.F.);
#3513=ORIENTED_EDGE('',*,*,#4376,.F.);
#3514=ORIENTED_EDGE('',*,*,#4372,.T.);
#3515=CARTESIAN_POINT('',(2.8,0.401507597097836,-2.79572876966288));
#3516=DIRECTION('',(1.55996021646674E-16,-0.796984805804578,0.603999353738593));
#3517=DIRECTION('',(1.0,-2.18802887462524E-17,-2.87143153797339E-16));
#3518=ORIENTED_EDGE('',*,*,#4377,.T.);
#3519=ORIENTED_EDGE('',*,*,#4324,.F.);
#3520=ORIENTED_EDGE('',*,*,#4378,.F.);
#3521=ORIENTED_EDGE('',*,*,#4375,.T.);
#3522=CARTESIAN_POINT('',(2.8,0.499999999999999,-1.837951339903));
#3523=DIRECTION('',(1.0,-3.45309814991954E-17,-2.77555756156289E-16));
#3524=DIRECTION('',(-3.45309814991954E-17,-1.0,-1.2724121478279E-17));
#3525=ORIENTED_EDGE('',*,*,#4379,.T.);
#3526=ORIENTED_EDGE('',*,*,#4380,.F.);
#3527=ORIENTED_EDGE('',*,*,#4381,.F.);
#3528=ORIENTED_EDGE('',*,*,#4285,.T.);
#3529=CARTESIAN_POINT('',(2.8,0.699999999999999,-1.45));
#3530=DIRECTION('',(1.46144262893354E-17,1.0,1.2724121478279E-17));
#3531=DIRECTION('',(-1.0,1.46144262893354E-17,2.77555756156289E-16));
#3532=ORIENTED_EDGE('',*,*,#4382,.T.);
#3533=ORIENTED_EDGE('',*,*,#4383,.F.);
#3534=ORIENTED_EDGE('',*,*,#4384,.F.);
#3535=ORIENTED_EDGE('',*,*,#4380,.T.);
#3536=CARTESIAN_POINT('',(2.8,0.399999999999999,-1.804339516821));
#3537=DIRECTION('',(1.0,-3.45309814991954E-17,-2.77555756156289E-16));
#3538=DIRECTION('',(-3.45309814991954E-17,-1.0,-1.2724121478279E-17));
#3539=ORIENTED_EDGE('',*,*,#4385,.T.);
#3540=ORIENTED_EDGE('',*,*,#4361,.F.);
#3541=ORIENTED_EDGE('',*,*,#4386,.F.);
#3542=ORIENTED_EDGE('',*,*,#4383,.T.);
#3543=CARTESIAN_POINT('',(2.8,0.639095441741016,-1.98553932294302));
#3544=DIRECTION('',(-1.55996021646671E-16,0.796984805804587,-0.603999353738582));
#3545=DIRECTION('',(1.0,-2.18802887462522E-17,-2.87143153797338E-16));
#3546=ORIENTED_EDGE('',*,*,#4360,.T.);
#3547=ORIENTED_EDGE('',*,*,#4364,.T.);
#3548=ORIENTED_EDGE('',*,*,#4367,.T.);
#3549=ORIENTED_EDGE('',*,*,#4370,.T.);
#3550=ORIENTED_EDGE('',*,*,#4373,.T.);
#3551=ORIENTED_EDGE('',*,*,#4376,.T.);
#3552=ORIENTED_EDGE('',*,*,#4378,.T.);
#3553=ORIENTED_EDGE('',*,*,#4323,.T.);
#3554=ORIENTED_EDGE('',*,*,#4286,.T.);
#3555=ORIENTED_EDGE('',*,*,#4381,.T.);
#3556=ORIENTED_EDGE('',*,*,#4384,.T.);
#3557=ORIENTED_EDGE('',*,*,#4386,.T.);
#3558=CARTESIAN_POINT('',(2.8,0.299999999999999,-2.929669331122));
#3559=DIRECTION('',(1.0,-3.45309814991954E-17,-2.77555756156289E-16));
#3560=DIRECTION('',(3.45309814991954E-17,1.0,1.2724121478279E-17));
#3561=ORIENTED_EDGE('',*,*,#4358,.F.);
#3562=ORIENTED_EDGE('',*,*,#4385,.F.);
#3563=ORIENTED_EDGE('',*,*,#4382,.F.);
#3564=ORIENTED_EDGE('',*,*,#4379,.F.);
#3565=ORIENTED_EDGE('',*,*,#4284,.F.);
#3566=ORIENTED_EDGE('',*,*,#4325,.F.);
#3567=ORIENTED_EDGE('',*,*,#4377,.F.);
#3568=ORIENTED_EDGE('',*,*,#4374,.F.);
#3569=ORIENTED_EDGE('',*,*,#4371,.F.);
#3570=ORIENTED_EDGE('',*,*,#4368,.F.);
#3571=ORIENTED_EDGE('',*,*,#4365,.F.);
#3572=ORIENTED_EDGE('',*,*,#4362,.F.);
#3573=CARTESIAN_POINT('',(2.2,0.299999999999999,-2.929669331122));
#3574=DIRECTION('',(1.0,-3.45309814991954E-17,-2.77555756156289E-16));
#3575=DIRECTION('',(3.45309814991954E-17,1.0,1.2724121478279E-17));
#3576=ORIENTED_EDGE('',*,*,#4387,.T.);
#3577=ORIENTED_EDGE('',*,*,#4388,.F.);
#3578=ORIENTED_EDGE('',*,*,#4389,.F.);
#3579=ORIENTED_EDGE('',*,*,#4390,.T.);
#3580=CARTESIAN_POINT('',(-2.2,0.299999999999999,-2.929669331122));
#3581=DIRECTION('',(1.0,-3.45309814991954E-17,-2.77555756156289E-16));
#3582=DIRECTION('',(-3.45309814991954E-17,-1.0,-1.2724121478279E-17));
#3583=ORIENTED_EDGE('',*,*,#4391,.T.);
#3584=ORIENTED_EDGE('',*,*,#4392,.F.);
#3585=ORIENTED_EDGE('',*,*,#4393,.F.);
#3586=ORIENTED_EDGE('',*,*,#4388,.T.);
#3587=CARTESIAN_POINT('',(-2.2,-8.88178419700125E-16,-2.929669331122));
#3588=DIRECTION('',(1.46144262893354E-17,1.0,1.2724121478279E-17));
#3589=DIRECTION('',(-1.0,1.46144262893354E-17,2.77555756156289E-16));
#3590=ORIENTED_EDGE('',*,*,#4394,.T.);
#3591=ORIENTED_EDGE('',*,*,#4395,.F.);
#3592=ORIENTED_EDGE('',*,*,#4396,.F.);
#3593=ORIENTED_EDGE('',*,*,#4392,.T.);
#3594=CARTESIAN_POINT('',(-2.2,-8.88178419700125E-16,-3.75));
#3595=DIRECTION('',(2.77555756156289E-16,-1.2724121478279E-17,1.0));
#3596=DIRECTION('',(-1.0,3.45309814991954E-17,2.77555756156289E-16));
#3597=ORIENTED_EDGE('',*,*,#4397,.T.);
#3598=ORIENTED_EDGE('',*,*,#4398,.F.);
#3599=ORIENTED_EDGE('',*,*,#4399,.F.);
#3600=ORIENTED_EDGE('',*,*,#4395,.T.);
#3601=CARTESIAN_POINT('',(-2.2,0.299999999999999,-3.75));
#3602=DIRECTION('',(-1.46144262893354E-17,-1.0,-1.2724121478279E-17));
#3603=DIRECTION('',(-2.77555756156289E-16,1.2724121478279E-17,-1.0));
#3604=ORIENTED_EDGE('',*,*,#4400,.T.);
#3605=ORIENTED_EDGE('',*,*,#4401,.F.);
#3606=ORIENTED_EDGE('',*,*,#4402,.F.);
#3607=ORIENTED_EDGE('',*,*,#4398,.T.);
#3608=CARTESIAN_POINT('',(-2.2,0.799999999999999,-3.097728446532));
#3609=DIRECTION('',(1.0,-3.45309814991954E-17,-2.77555756156289E-16));
#3610=DIRECTION('',(-3.45309814991954E-17,-1.0,-1.2724121478279E-17));
#3611=ORIENTED_EDGE('',*,*,#4403,.T.);
#3612=ORIENTED_EDGE('',*,*,#4404,.F.);
#3613=ORIENTED_EDGE('',*,*,#4405,.F.);
#3614=ORIENTED_EDGE('',*,*,#4401,.T.);
#3615=CARTESIAN_POINT('',(-2.2,0.401507597097836,-2.79572876966288));
#3616=DIRECTION('',(1.55996021646674E-16,-0.796984805804578,0.603999353738593));
#3617=DIRECTION('',(1.0,-2.18802887462524E-17,-2.87143153797339E-16));
#3618=ORIENTED_EDGE('',*,*,#4406,.T.);
#3619=ORIENTED_EDGE('',*,*,#4327,.F.);
#3620=ORIENTED_EDGE('',*,*,#4407,.F.);
#3621=ORIENTED_EDGE('',*,*,#4404,.T.);
#3622=CARTESIAN_POINT('',(-2.2,0.499999999999999,-1.837951339903));
#3623=DIRECTION('',(1.0,-3.45309814991954E-17,-2.77555756156289E-16));
#3624=DIRECTION('',(-3.45309814991954E-17,-1.0,-1.2724121478279E-17));
#3625=ORIENTED_EDGE('',*,*,#4408,.T.);
#3626=ORIENTED_EDGE('',*,*,#4409,.F.);
#3627=ORIENTED_EDGE('',*,*,#4410,.F.);
#3628=ORIENTED_EDGE('',*,*,#4294,.T.);
#3629=CARTESIAN_POINT('',(-2.2,0.699999999999999,-1.45));
#3630=DIRECTION('',(1.46144262893354E-17,1.0,1.2724121478279E-17));
#3631=DIRECTION('',(-1.0,1.46144262893354E-17,2.77555756156289E-16));
#3632=ORIENTED_EDGE('',*,*,#4411,.T.);
#3633=ORIENTED_EDGE('',*,*,#4412,.F.);
#3634=ORIENTED_EDGE('',*,*,#4413,.F.);
#3635=ORIENTED_EDGE('',*,*,#4409,.T.);
#3636=CARTESIAN_POINT('',(-2.2,0.399999999999999,-1.804339516821));
#3637=DIRECTION('',(1.0,-3.45309814991954E-17,-2.77555756156289E-16));
#3638=DIRECTION('',(-3.45309814991954E-17,-1.0,-1.2724121478279E-17));
#3639=ORIENTED_EDGE('',*,*,#4414,.T.);
#3640=ORIENTED_EDGE('',*,*,#4390,.F.);
#3641=ORIENTED_EDGE('',*,*,#4415,.F.);
#3642=ORIENTED_EDGE('',*,*,#4412,.T.);
#3643=CARTESIAN_POINT('',(-2.2,0.639095441741016,-1.98553932294302));
#3644=DIRECTION('',(-1.55996021646671E-16,0.796984805804587,-0.603999353738582));
#3645=DIRECTION('',(1.0,-2.18802887462522E-17,-2.87143153797338E-16));
#3646=ORIENTED_EDGE('',*,*,#4389,.T.);
#3647=ORIENTED_EDGE('',*,*,#4393,.T.);
#3648=ORIENTED_EDGE('',*,*,#4396,.T.);
#3649=ORIENTED_EDGE('',*,*,#4399,.T.);
#3650=ORIENTED_EDGE('',*,*,#4402,.T.);
#3651=ORIENTED_EDGE('',*,*,#4405,.T.);
#3652=ORIENTED_EDGE('',*,*,#4407,.T.);
#3653=ORIENTED_EDGE('',*,*,#4326,.T.);
#3654=ORIENTED_EDGE('',*,*,#4279,.T.);
#3655=ORIENTED_EDGE('',*,*,#4410,.T.);
#3656=ORIENTED_EDGE('',*,*,#4413,.T.);
#3657=ORIENTED_EDGE('',*,*,#4415,.T.);
#3658=CARTESIAN_POINT('',(-2.2,0.299999999999999,-2.929669331122));
#3659=DIRECTION('',(1.0,-3.45309814991954E-17,-2.77555756156289E-16));
#3660=DIRECTION('',(3.45309814991954E-17,1.0,1.2724121478279E-17));
#3661=ORIENTED_EDGE('',*,*,#4387,.F.);
#3662=ORIENTED_EDGE('',*,*,#4414,.F.);
#3663=ORIENTED_EDGE('',*,*,#4411,.F.);
#3664=ORIENTED_EDGE('',*,*,#4408,.F.);
#3665=ORIENTED_EDGE('',*,*,#4293,.F.);
#3666=ORIENTED_EDGE('',*,*,#4328,.F.);
#3667=ORIENTED_EDGE('',*,*,#4406,.F.);
#3668=ORIENTED_EDGE('',*,*,#4403,.F.);
#3669=ORIENTED_EDGE('',*,*,#4400,.F.);
#3670=ORIENTED_EDGE('',*,*,#4397,.F.);
#3671=ORIENTED_EDGE('',*,*,#4394,.F.);
#3672=ORIENTED_EDGE('',*,*,#4391,.F.);
#3673=CARTESIAN_POINT('',(-2.8,0.299999999999999,-2.929669331122));
#3674=DIRECTION('',(1.0,-3.45309814991954E-17,-2.77555756156289E-16));
#3675=DIRECTION('',(3.45309814991954E-17,1.0,1.2724121478279E-17));
#3676=EDGE_CURVE('',#4416,#4417,#4418,.T.);
#3677=EDGE_CURVE('',#4417,#4419,#4420,.T.);
#3678=EDGE_CURVE('',#4419,#4421,#4422,.T.);
#3679=EDGE_CURVE('',#4421,#4416,#4423,.T.);
#3680=EDGE_CURVE('',#4421,#4424,#4425,.T.);
#3681=EDGE_CURVE('',#4424,#4426,#4427,.T.);
#3682=EDGE_CURVE('',#4416,#4426,#4428,.T.);
#3683=EDGE_CURVE('',#4419,#4429,#4430,.T.);
#3684=EDGE_CURVE('',#4429,#4424,#4431,.T.);
#3685=EDGE_CURVE('',#4417,#4432,#4433,.T.);
#3686=EDGE_CURVE('',#4432,#4429,#4434,.T.);
#3687=EDGE_CURVE('',#4426,#4432,#4435,.T.);
#3688=EDGE_CURVE('',#4436,#4437,#4438,.T.);
#3689=EDGE_CURVE('',#4439,#4437,#4440,.T.);
#3690=EDGE_CURVE('',#4441,#4439,#4442,.T.);
#3691=EDGE_CURVE('',#4443,#4441,#4444,.T.);
#3692=EDGE_CURVE('',#4443,#4445,#4446,.T.);
#3693=EDGE_CURVE('',#4445,#4447,#4448,.T.);
#3694=EDGE_CURVE('',#4447,#4449,#4450,.T.);
#3695=EDGE_CURVE('',#4449,#4451,#4452,.T.);
#3696=EDGE_CURVE('',#4453,#4451,#4454,.T.);
#3697=EDGE_CURVE('',#4455,#4453,#4456,.T.);
#3698=EDGE_CURVE('',#4455,#4457,#4458,.T.);
#3699=EDGE_CURVE('',#4457,#4459,#4460,.T.);
#3700=EDGE_CURVE('',#4461,#4459,#4462,.T.);
#3701=EDGE_CURVE('',#4463,#4461,#4464,.T.);
#3702=EDGE_CURVE('',#4463,#4465,#4466,.T.);
#3703=EDGE_CURVE('',#4436,#4465,#4467,.T.);
#3704=EDGE_CURVE('',#4468,#4469,#4470,.T.);
#3705=EDGE_CURVE('',#4471,#4469,#4472,.T.);
#3706=EDGE_CURVE('',#4473,#4471,#4474,.T.);
#3707=EDGE_CURVE('',#4475,#4473,#4476,.T.);
#3708=EDGE_CURVE('',#4477,#4475,#4478,.T.);
#3709=EDGE_CURVE('',#4477,#4479,#4480,.T.);
#3710=EDGE_CURVE('',#4479,#4481,#4482,.T.);
#3711=EDGE_CURVE('',#4481,#4483,#4484,.T.);
#3712=EDGE_CURVE('',#4485,#4483,#4486,.T.);
#3713=EDGE_CURVE('',#4487,#4485,#4488,.T.);
#3714=EDGE_CURVE('',#4487,#4489,#4490,.T.);
#3715=EDGE_CURVE('',#4489,#4491,#4492,.T.);
#3716=EDGE_CURVE('',#4491,#4493,#4494,.T.);
#3717=EDGE_CURVE('',#4495,#4493,#4496,.T.);
#3718=EDGE_CURVE('',#4495,#4497,#4498,.T.);
#3719=EDGE_CURVE('',#4497,#4499,#4500,.T.);
#3720=EDGE_CURVE('',#4501,#4499,#4502,.T.);
#3721=EDGE_CURVE('',#4503,#4501,#4504,.T.);
#3722=EDGE_CURVE('',#4503,#4505,#4506,.T.);
#3723=EDGE_CURVE('',#4468,#4505,#4507,.T.);
#3724=EDGE_CURVE('',#4437,#4471,#4508,.T.);
#3725=EDGE_CURVE('',#4509,#4436,#4510,.T.);
#3726=EDGE_CURVE('',#4511,#4509,#4512,.T.);
#3727=EDGE_CURVE('',#4513,#4511,#4514,.T.);
#3728=EDGE_CURVE('',#4513,#4515,#4516,.T.);
#3729=EDGE_CURVE('',#4473,#4515,#4517,.T.);
#3730=EDGE_CURVE('',#4469,#4439,#4518,.T.);
#3731=EDGE_CURVE('',#4519,#4468,#4520,.T.);
#3732=EDGE_CURVE('',#4521,#4519,#4522,.T.);
#3733=EDGE_CURVE('',#4521,#4523,#4524,.T.);
#3734=EDGE_CURVE('',#4523,#4525,#4526,.T.);
#3735=EDGE_CURVE('',#4441,#4525,#4527,.T.);
#3736=EDGE_CURVE('',#4511,#4528,#4529,.T.);
#3737=EDGE_CURVE('',#4528,#4530,#4531,.T.);
#3738=EDGE_CURVE('',#4455,#4530,#4532,.T.);
#3739=EDGE_CURVE('',#4453,#4533,#4534,.T.);
#3740=EDGE_CURVE('',#4533,#4535,#4536,.T.);
#3741=EDGE_CURVE('',#4523,#4535,#4537,.T.);
#3742=EDGE_CURVE('',#4521,#4538,#4539,.T.);
#3743=EDGE_CURVE('',#4538,#4540,#4541,.T.);
#3744=EDGE_CURVE('',#4495,#4540,#4542,.T.);
#3745=EDGE_CURVE('',#4543,#4493,#4544,.T.);
#3746=EDGE_CURVE('',#4543,#4545,#4546,.T.);
#3747=EDGE_CURVE('',#4487,#4545,#4547,.T.);
#3748=EDGE_CURVE('',#4485,#4548,#4549,.T.);
#3749=EDGE_CURVE('',#4548,#4550,#4551,.T.);
#3750=EDGE_CURVE('',#4513,#4550,#4552,.T.);
#3751=EDGE_CURVE('',#4553,#4523,#4554,.T.);
#3752=EDGE_CURVE('',#4555,#4553,#4556,.T.);
#3753=EDGE_CURVE('',#4525,#4555,#4557,.T.);
#3754=EDGE_CURVE('',#4535,#4558,#4559,.T.);
#3755=EDGE_CURVE('',#4533,#4560,#4561,.T.);
#3756=EDGE_CURVE('',#4560,#4558,#4562,.T.);
#3757=EDGE_CURVE('',#4563,#4513,#4564,.T.);
#3758=EDGE_CURVE('',#4563,#4565,#4566,.T.);
#3759=EDGE_CURVE('',#4515,#4565,#4567,.T.);
#3760=EDGE_CURVE('',#4550,#4568,#4569,.T.);
#3761=EDGE_CURVE('',#4548,#4570,#4571,.T.);
#3762=EDGE_CURVE('',#4570,#4568,#4572,.T.);
#3763=EDGE_CURVE('',#4573,#4574,#4575,.T.);
#3764=EDGE_CURVE('',#4573,#4545,#4576,.T.);
#3765=EDGE_CURVE('',#4574,#4543,#4577,.T.);
#3766=EDGE_CURVE('',#4578,#4579,#4580,.T.);
#3767=EDGE_CURVE('',#4578,#4581,#4582,.T.);
#3768=EDGE_CURVE('',#4583,#4581,#4584,.T.);
#3769=EDGE_CURVE('',#4583,#4579,#4585,.T.);
#3770=EDGE_CURVE('',#4586,#4587,#4588,.T.);
#3771=EDGE_CURVE('',#4586,#4589,#4590,.T.);
#3772=EDGE_CURVE('',#4591,#4589,#4592,.T.);
#3773=EDGE_CURVE('',#4591,#4593,#4594,.T.);
#3774=EDGE_CURVE('',#4595,#4593,#4596,.T.);
#3775=EDGE_CURVE('',#4595,#4597,#4598,.T.);
#3776=EDGE_CURVE('',#4597,#4599,#4600,.T.);
#3777=EDGE_CURVE('',#4599,#4601,#4602,.T.);
#3778=EDGE_CURVE('',#4601,#4603,#4604,.T.);
#3779=EDGE_CURVE('',#4603,#4605,#4606,.T.);
#3780=EDGE_CURVE('',#4607,#4605,#4608,.T.);
#3781=EDGE_CURVE('',#4607,#4609,#4610,.T.);
#3782=EDGE_CURVE('',#4611,#4609,#4612,.T.);
#3783=EDGE_CURVE('',#4611,#4613,#4614,.T.);
#3784=EDGE_CURVE('',#4615,#4613,#4616,.T.);
#3785=EDGE_CURVE('',#4615,#4617,#4618,.T.);
#3786=EDGE_CURVE('',#4619,#4617,#4620,.T.);
#3787=EDGE_CURVE('',#4619,#4621,#4622,.T.);
#3788=EDGE_CURVE('',#4623,#4621,#4624,.T.);
#3789=EDGE_CURVE('',#4625,#4623,#4626,.T.);
#3790=EDGE_CURVE('',#4625,#4627,#4628,.T.);
#3791=EDGE_CURVE('',#4627,#4629,#4630,.T.);
#3792=EDGE_CURVE('',#4631,#4629,#4632,.T.);
#3793=EDGE_CURVE('',#4631,#4633,#4634,.T.);
#3794=EDGE_CURVE('',#4635,#4633,#4636,.T.);
#3795=EDGE_CURVE('',#4635,#4637,#4638,.T.);
#3796=EDGE_CURVE('',#4639,#4637,#4640,.T.);
#3797=EDGE_CURVE('',#4639,#4641,#4642,.T.);
#3798=EDGE_CURVE('',#4641,#4643,#4644,.T.);
#3799=EDGE_CURVE('',#4643,#4645,#4646,.T.);
#3800=EDGE_CURVE('',#4645,#4647,#4648,.T.);
#3801=EDGE_CURVE('',#4647,#4649,#4650,.T.);
#3802=EDGE_CURVE('',#4651,#4649,#4652,.T.);
#3803=EDGE_CURVE('',#4651,#4653,#4654,.T.);
#3804=EDGE_CURVE('',#4655,#4653,#4656,.T.);
#3805=EDGE_CURVE('',#4655,#4657,#4658,.T.);
#3806=EDGE_CURVE('',#4659,#4657,#4660,.T.);
#3807=EDGE_CURVE('',#4659,#4661,#4662,.T.);
#3808=EDGE_CURVE('',#4663,#4661,#4664,.T.);
#3809=EDGE_CURVE('',#4663,#4587,#4665,.T.);
#3810=EDGE_CURVE('',#4666,#4667,#4668,.T.);
#3811=EDGE_CURVE('',#4669,#4666,#4670,.T.);
#3812=EDGE_CURVE('',#4671,#4669,#4672,.T.);
#3813=EDGE_CURVE('',#4667,#4671,#4673,.T.);
#3814=EDGE_CURVE('',#4583,#4674,#4675,.T.);
#3815=EDGE_CURVE('',#4674,#4676,#4677,.T.);
#3816=EDGE_CURVE('',#4676,#4579,#4678,.T.);
#3817=EDGE_CURVE('',#4674,#4679,#4680,.T.);
#3818=EDGE_CURVE('',#4679,#4681,#4682,.T.);
#3819=EDGE_CURVE('',#4681,#4676,#4683,.T.);
#3820=EDGE_CURVE('',#4684,#4681,#4685,.T.);
#3821=EDGE_CURVE('',#4679,#4686,#4687,.T.);
#3822=EDGE_CURVE('',#4686,#4684,#4688,.T.);
#3823=EDGE_CURVE('',#4689,#4684,#4690,.T.);
#3824=EDGE_CURVE('',#4686,#4691,#4692,.T.);
#3825=EDGE_CURVE('',#4689,#4691,#4693,.T.);
#3826=EDGE_CURVE('',#4694,#4689,#4695,.T.);
#3827=EDGE_CURVE('',#4691,#4696,#4697,.T.);
#3828=EDGE_CURVE('',#4696,#4694,#4698,.T.);
#3829=EDGE_CURVE('',#4699,#4700,#4701,.T.);
#3830=EDGE_CURVE('',#4702,#4700,#4703,.T.);
#3831=EDGE_CURVE('',#4702,#4704,#4705,.T.);
#3832=EDGE_CURVE('',#4699,#4704,#4706,.T.);
#3833=EDGE_CURVE('',#4578,#4699,#4707,.T.);
#3834=EDGE_CURVE('',#4704,#4581,#4708,.T.);
#3835=EDGE_CURVE('',#4709,#4710,#4711,.T.);
#3836=EDGE_CURVE('',#4709,#4694,#4712,.T.);
#3837=EDGE_CURVE('',#4696,#4710,#4713,.T.);
#3838=EDGE_CURVE('',#4714,#4715,#4716,.T.);
#3839=EDGE_CURVE('',#4717,#4714,#4718,.T.);
#3840=EDGE_CURVE('',#4719,#4717,#4720,.T.);
#3841=EDGE_CURVE('',#4715,#4719,#4721,.T.);
#3842=EDGE_CURVE('',#4717,#4722,#4723,.T.);
#3843=EDGE_CURVE('',#4724,#4714,#4725,.T.);
#3844=EDGE_CURVE('',#4724,#4722,#4726,.T.);
#3845=EDGE_CURVE('',#4724,#4727,#4728,.T.);
#3846=EDGE_CURVE('',#4729,#4727,#4730,.T.);
#3847=EDGE_CURVE('',#4729,#4722,#4731,.T.);
#3848=EDGE_CURVE('',#4727,#4732,#4733,.T.);
#3849=EDGE_CURVE('',#4732,#4734,#4735,.T.);
#3850=EDGE_CURVE('',#4734,#4729,#4736,.T.);
#3851=EDGE_CURVE('',#4732,#4737,#4738,.T.);
#3852=EDGE_CURVE('',#4739,#4737,#4740,.T.);
#3853=EDGE_CURVE('',#4739,#4734,#4741,.T.);
#3854=EDGE_CURVE('',#4742,#4739,#4743,.T.);
#3855=EDGE_CURVE('',#4737,#4744,#4745,.T.);
#3856=EDGE_CURVE('',#4744,#4742,#4746,.T.);
#3857=EDGE_CURVE('',#4747,#4748,#4749,.T.);
#3858=EDGE_CURVE('',#4748,#4750,#4751,.T.);
#3859=EDGE_CURVE('',#4750,#4752,#4753,.T.);
#3860=EDGE_CURVE('',#4752,#4747,#4754,.T.);
#3861=EDGE_CURVE('',#4748,#4755,#4756,.T.);
#3862=EDGE_CURVE('',#4757,#4755,#4758,.T.);
#3863=EDGE_CURVE('',#4757,#4750,#4759,.T.);
#3864=EDGE_CURVE('',#4760,#4757,#4761,.T.);
#3865=EDGE_CURVE('',#4755,#4762,#4763,.T.);
#3866=EDGE_CURVE('',#4762,#4760,#4764,.T.);
#3867=EDGE_CURVE('',#4765,#4760,#4766,.T.);
#3868=EDGE_CURVE('',#4762,#4767,#4768,.T.);
#3869=EDGE_CURVE('',#4765,#4767,#4769,.T.);
#3870=EDGE_CURVE('',#4770,#4767,#4771,.T.);
#3871=EDGE_CURVE('',#4770,#4772,#4773,.T.);
#3872=EDGE_CURVE('',#4772,#4765,#4774,.T.);
#3873=EDGE_CURVE('',#4775,#4770,#4776,.T.);
#3874=EDGE_CURVE('',#4777,#4775,#4778,.T.);
#3875=EDGE_CURVE('',#4772,#4777,#4779,.T.);
#3876=EDGE_CURVE('',#4775,#4780,#4781,.T.);
#3877=EDGE_CURVE('',#4780,#4782,#4783,.T.);
#3878=EDGE_CURVE('',#4777,#4782,#4784,.T.);
#3879=EDGE_CURVE('',#4782,#4785,#4786,.T.);
#3880=EDGE_CURVE('',#4787,#4780,#4788,.T.);
#3881=EDGE_CURVE('',#4785,#4787,#4789,.T.);
#3882=EDGE_CURVE('',#4787,#4790,#4791,.T.);
#3883=EDGE_CURVE('',#4790,#4792,#4793,.T.);
#3884=EDGE_CURVE('',#4792,#4785,#4794,.T.);
#3885=EDGE_CURVE('',#4795,#4790,#4796,.T.);
#3886=EDGE_CURVE('',#4797,#4795,#4798,.T.);
#3887=EDGE_CURVE('',#4792,#4797,#4799,.T.);
#3888=EDGE_CURVE('',#4719,#4797,#4800,.T.);
#3889=EDGE_CURVE('',#4795,#4715,#4801,.T.);
#3890=EDGE_CURVE('',#4802,#4709,#4803,.T.);
#3891=EDGE_CURVE('',#4804,#4802,#4805,.T.);
#3892=EDGE_CURVE('',#4700,#4804,#4806,.T.);
#3893=EDGE_CURVE('',#4804,#4807,#4808,.T.);
#3894=EDGE_CURVE('',#4809,#4807,#4810,.T.);
#3895=EDGE_CURVE('',#4809,#4702,#4811,.T.);
#3896=EDGE_CURVE('',#4809,#4812,#4813,.T.);
#3897=EDGE_CURVE('',#4710,#4812,#4814,.T.);
#3898=EDGE_CURVE('',#4812,#4815,#4816,.T.);
#3899=EDGE_CURVE('',#4815,#4802,#4817,.T.);
#3900=EDGE_CURVE('',#4818,#4742,#4819,.T.);
#3901=EDGE_CURVE('',#4744,#4820,#4821,.T.);
#3902=EDGE_CURVE('',#4818,#4820,#4822,.T.);
#3903=EDGE_CURVE('',#4823,#4818,#4824,.T.);
#3904=EDGE_CURVE('',#4823,#4825,#4826,.T.);
#3905=EDGE_CURVE('',#4825,#4827,#4828,.T.);
#3906=EDGE_CURVE('',#4752,#4827,#4829,.T.);
#3907=EDGE_CURVE('',#4830,#4827,#4831,.T.);
#3908=EDGE_CURVE('',#4830,#4747,#4832,.T.);
#3909=EDGE_CURVE('',#4833,#4830,#4834,.T.);
#3910=EDGE_CURVE('',#4833,#4835,#4836,.T.);
#3911=EDGE_CURVE('',#4820,#4835,#4837,.T.);
#3912=EDGE_CURVE('',#4838,#4627,#4839,.T.);
#3913=EDGE_CURVE('',#4629,#4838,#4840,.T.);
#3914=EDGE_CURVE('',#4625,#4841,#4842,.T.);
#3915=EDGE_CURVE('',#4841,#4802,#4843,.T.);
#3916=EDGE_CURVE('',#4815,#4838,#4844,.T.);
#3917=EDGE_CURVE('',#4841,#4623,#4845,.T.);
#3918=EDGE_CURVE('',#4603,#4835,#4846,.T.);
#3919=EDGE_CURVE('',#4833,#4605,#4847,.T.);
#3920=EDGE_CURVE('',#4621,#4848,#4849,.T.);
#3921=EDGE_CURVE('',#4848,#4850,#4851,.T.);
#3922=EDGE_CURVE('',#4850,#4841,#4852,.T.);
#3923=EDGE_CURVE('',#4850,#4853,#4854,.T.);
#3924=EDGE_CURVE('',#4804,#4853,#4855,.T.);
#3925=EDGE_CURVE('',#4856,#4807,#4857,.T.);
#3926=EDGE_CURVE('',#4853,#4856,#4858,.T.);
#3927=EDGE_CURVE('',#4859,#4856,#4860,.T.);
#3928=EDGE_CURVE('',#4838,#4859,#4861,.T.);
#3929=EDGE_CURVE('',#4862,#4859,#4863,.T.);
#3930=EDGE_CURVE('',#4862,#4631,#4864,.T.);
#3931=EDGE_CURVE('',#4865,#4866,#4867,.T.);
#3932=EDGE_CURVE('',#4866,#4635,#4868,.T.);
#3933=EDGE_CURVE('',#4633,#4865,#4869,.T.);
#3934=EDGE_CURVE('',#4870,#4871,#4872,.T.);
#3935=EDGE_CURVE('',#4870,#4639,#4873,.T.);
#3936=EDGE_CURVE('',#4637,#4871,#4874,.T.);
#3937=EDGE_CURVE('',#4653,#4875,#4876,.T.);
#3938=EDGE_CURVE('',#4877,#4875,#4878,.T.);
#3939=EDGE_CURVE('',#4877,#4655,#4879,.T.);
#3940=EDGE_CURVE('',#4657,#4880,#4881,.T.);
#3941=EDGE_CURVE('',#4880,#4882,#4883,.T.);
#3942=EDGE_CURVE('',#4882,#4659,#4884,.T.);
#3943=EDGE_CURVE('',#4885,#4886,#4887,.T.);
#3944=EDGE_CURVE('',#4885,#4663,#4888,.T.);
#3945=EDGE_CURVE('',#4661,#4886,#4889,.T.);
#3946=EDGE_CURVE('',#4890,#4891,#4892,.T.);
#3947=EDGE_CURVE('',#4890,#4586,#4893,.T.);
#3948=EDGE_CURVE('',#4587,#4891,#4894,.T.);
#3949=EDGE_CURVE('',#4589,#4895,#4896,.T.);
#3950=EDGE_CURVE('',#4897,#4895,#4898,.T.);
#3951=EDGE_CURVE('',#4897,#4591,#4899,.T.);
#3952=EDGE_CURVE('',#4593,#4900,#4901,.T.);
#3953=EDGE_CURVE('',#4902,#4900,#4903,.T.);
#3954=EDGE_CURVE('',#4902,#4595,#4904,.T.);
#3955=EDGE_CURVE('',#4905,#4906,#4907,.T.);
#3956=EDGE_CURVE('',#4905,#4599,#4908,.T.);
#3957=EDGE_CURVE('',#4597,#4906,#4909,.T.);
#3958=EDGE_CURVE('',#4601,#4910,#4911,.T.);
#3959=EDGE_CURVE('',#4912,#4910,#4913,.T.);
#3960=EDGE_CURVE('',#4823,#4912,#4914,.T.);
#3961=EDGE_CURVE('',#4915,#4825,#4916,.T.);
#3962=EDGE_CURVE('',#4915,#4912,#4917,.T.);
#3963=EDGE_CURVE('',#4918,#4915,#4919,.T.);
#3964=EDGE_CURVE('',#4918,#4607,#4920,.T.);
#3965=EDGE_CURVE('',#4609,#4921,#4922,.T.);
#3966=EDGE_CURVE('',#4923,#4921,#4924,.T.);
#3967=EDGE_CURVE('',#4923,#4611,#4925,.T.);
#3968=EDGE_CURVE('',#4926,#4927,#4928,.T.);
#3969=EDGE_CURVE('',#4927,#4615,#4929,.T.);
#3970=EDGE_CURVE('',#4613,#4926,#4930,.T.);
#3971=EDGE_CURVE('',#4931,#4932,#4933,.T.);
#3972=EDGE_CURVE('',#4931,#4619,#4934,.T.);
#3973=EDGE_CURVE('',#4617,#4932,#4935,.T.);
#3974=EDGE_CURVE('',#4936,#4937,#4938,.T.);
#3975=EDGE_CURVE('',#4936,#4643,#4939,.T.);
#3976=EDGE_CURVE('',#4641,#4937,#4940,.T.);
#3977=EDGE_CURVE('',#4647,#4941,#4942,.T.);
#3978=EDGE_CURVE('',#4943,#4941,#4944,.T.);
#3979=EDGE_CURVE('',#4943,#4649,#4945,.T.);
#3980=EDGE_CURVE('',#4946,#4947,#4948,.T.);
#3981=EDGE_CURVE('',#4949,#4947,#4950,.T.);
#3982=EDGE_CURVE('',#4951,#4949,#4952,.T.);
#3983=EDGE_CURVE('',#4953,#4951,#4954,.T.);
#3984=EDGE_CURVE('',#4953,#4651,#4955,.T.);
#3985=EDGE_CURVE('',#4943,#4946,#4956,.T.);
#3986=EDGE_CURVE('',#4957,#4958,#4959,.T.);
#3987=EDGE_CURVE('',#4958,#4960,#4961,.T.);
#3988=EDGE_CURVE('',#4962,#4960,#4963,.T.);
#3989=EDGE_CURVE('',#4962,#4964,#4965,.T.);
#3990=EDGE_CURVE('',#4966,#4964,#4967,.T.);
#3991=EDGE_CURVE('',#4966,#4968,#4969,.T.);
#3992=EDGE_CURVE('',#4968,#4970,#4971,.T.);
#3993=EDGE_CURVE('',#4972,#4970,#4973,.T.);
#3994=EDGE_CURVE('',#4974,#4972,#4975,.T.);
#3995=EDGE_CURVE('',#4976,#4974,#4977,.T.);
#3996=EDGE_CURVE('',#4978,#4976,#4979,.T.);
#3997=EDGE_CURVE('',#4946,#4978,#4980,.T.);
#3998=EDGE_CURVE('',#4981,#4941,#4982,.T.);
#3999=EDGE_CURVE('',#4983,#4981,#4984,.T.);
#4000=EDGE_CURVE('',#4985,#4983,#4986,.T.);
#4001=EDGE_CURVE('',#4987,#4985,#4988,.T.);
#4002=EDGE_CURVE('',#4989,#4987,#4990,.T.);
#4003=EDGE_CURVE('',#4991,#4989,#4992,.T.);
#4004=EDGE_CURVE('',#4991,#4993,#4994,.T.);
#4005=EDGE_CURVE('',#4993,#4957,#4995,.T.);
#4006=EDGE_CURVE('',#4996,#4997,#4998,.T.);
#4007=EDGE_CURVE('',#4964,#4996,#4999,.T.);
#4008=EDGE_CURVE('',#4997,#4962,#5000,.T.);
#4009=EDGE_CURVE('',#5001,#4996,#5002,.T.);
#4010=EDGE_CURVE('',#5001,#4966,#5003,.T.);
#4011=EDGE_CURVE('',#5004,#5001,#5005,.T.);
#4012=EDGE_CURVE('',#4968,#5004,#5006,.T.);
#4013=EDGE_CURVE('',#5004,#5007,#5008,.T.);
#4014=EDGE_CURVE('',#5007,#4970,#5009,.T.);
#4015=EDGE_CURVE('',#5007,#5010,#5011,.T.);
#4016=EDGE_CURVE('',#4972,#5010,#5012,.T.);
#4017=EDGE_CURVE('',#5010,#5013,#5014,.T.);
#4018=EDGE_CURVE('',#5013,#4974,#5015,.T.);
#4019=EDGE_CURVE('',#5013,#5016,#5017,.T.);
#4020=EDGE_CURVE('',#4976,#5016,#5018,.T.);
#4021=EDGE_CURVE('',#5016,#5019,#5020,.T.);
#4022=EDGE_CURVE('',#5019,#4978,#5021,.T.);
#4023=EDGE_CURVE('',#5022,#5023,#5024,.T.);
#4024=EDGE_CURVE('',#4983,#5023,#5025,.T.);
#4025=EDGE_CURVE('',#5022,#4981,#5026,.T.);
#4026=EDGE_CURVE('',#5023,#5027,#5028,.T.);
#4027=EDGE_CURVE('',#5027,#4985,#5029,.T.);
#4028=EDGE_CURVE('',#5027,#5030,#5031,.T.);
#4029=EDGE_CURVE('',#4987,#5030,#5032,.T.);
#4030=EDGE_CURVE('',#5030,#5033,#5034,.T.);
#4031=EDGE_CURVE('',#5033,#4989,#5035,.T.);
#4032=EDGE_CURVE('',#5033,#5036,#5037,.T.);
#4033=EDGE_CURVE('',#4991,#5036,#5038,.T.);
#4034=EDGE_CURVE('',#5039,#5036,#5040,.T.);
#4035=EDGE_CURVE('',#5039,#4993,#5041,.T.);
#4036=EDGE_CURVE('',#5042,#5039,#5043,.T.);
#4037=EDGE_CURVE('',#4957,#5042,#5044,.T.);
#4038=EDGE_CURVE('',#5042,#5045,#5046,.T.);
#4039=EDGE_CURVE('',#5045,#4958,#5047,.T.);
#4040=EDGE_CURVE('',#5048,#5045,#5049,.T.);
#4041=EDGE_CURVE('',#4960,#5048,#5050,.T.);
#4042=EDGE_CURVE('',#4997,#5048,#5051,.T.);
#4043=EDGE_CURVE('',#4895,#4890,#5052,.T.);
#4044=EDGE_CURVE('',#4891,#4885,#5053,.T.);
#4045=EDGE_CURVE('',#4886,#4882,#5054,.T.);
#4046=EDGE_CURVE('',#4880,#4877,#5055,.T.);
#4047=EDGE_CURVE('',#4875,#4953,#5056,.T.);
#4048=EDGE_CURVE('',#4951,#5057,#5058,.T.);
#4049=EDGE_CURVE('',#5057,#5059,#5060,.T.);
#4050=EDGE_CURVE('',#5059,#4936,#5061,.T.);
#4051=EDGE_CURVE('',#4937,#4870,#5062,.T.);
#4052=EDGE_CURVE('',#4871,#4866,#5063,.T.);
#4053=EDGE_CURVE('',#4865,#4862,#5064,.T.);
#4054=EDGE_CURVE('',#4848,#4931,#5065,.T.);
#4055=EDGE_CURVE('',#4932,#4927,#5066,.T.);
#4056=EDGE_CURVE('',#4926,#4923,#5067,.T.);
#4057=EDGE_CURVE('',#4921,#4918,#5068,.T.);
#4058=EDGE_CURVE('',#4910,#4905,#5069,.T.);
#4059=EDGE_CURVE('',#4906,#4902,#5070,.T.);
#4060=EDGE_CURVE('',#4900,#4897,#5071,.T.);
#4061=EDGE_CURVE('',#5072,#5073,#5074,.T.);
#4062=EDGE_CURVE('',#5073,#5075,#5076,.T.);
#4063=EDGE_CURVE('',#5075,#5077,#5078,.T.);
#4064=EDGE_CURVE('',#5077,#5072,#5079,.T.);
#4065=EDGE_CURVE('',#5080,#5022,#5081,.T.);
#4066=EDGE_CURVE('',#4645,#5059,#5082,.T.);
#4067=EDGE_CURVE('',#5080,#5057,#5083,.T.);
#4068=EDGE_CURVE('',#5080,#4949,#5084,.T.);
#4069=EDGE_CURVE('',#5019,#4947,#5085,.T.);
#4070=EDGE_CURVE('',#4511,#5086,#5087,.T.);
#4071=EDGE_CURVE('',#4509,#5088,#5089,.T.);
#4072=EDGE_CURVE('',#5088,#5086,#5090,.T.);
#4073=EDGE_CURVE('',#5091,#5092,#5093,.T.);
#4074=EDGE_CURVE('',#5091,#4459,#5094,.T.);
#4075=EDGE_CURVE('',#4457,#5092,#5095,.T.);
#4076=EDGE_CURVE('',#4451,#4560,#5096,.T.);
#4077=EDGE_CURVE('',#4558,#4449,#5097,.T.);
#4078=EDGE_CURVE('',#5098,#5099,#5100,.T.);
#4079=EDGE_CURVE('',#5098,#4499,#5101,.T.);
#4080=EDGE_CURVE('',#4497,#5099,#5102,.T.);
#4081=EDGE_CURVE('',#4573,#4489,#5103,.T.);
#4082=EDGE_CURVE('',#4465,#5088,#5104,.T.);
#4083=EDGE_CURVE('',#5086,#4463,#5105,.T.);
#4084=EDGE_CURVE('',#4477,#4563,#5106,.T.);
#4085=EDGE_CURVE('',#4565,#4475,#5107,.T.);
#4086=EDGE_CURVE('',#5108,#4503,#5109,.T.);
#4087=EDGE_CURVE('',#5108,#5110,#5111,.T.);
#4088=EDGE_CURVE('',#4505,#5110,#5112,.T.);
#4089=EDGE_CURVE('',#4555,#4443,#5113,.T.);
#4090=EDGE_CURVE('',#4553,#4445,#5114,.T.);
#4091=EDGE_CURVE('',#4574,#4491,#5115,.T.);
#4092=EDGE_CURVE('',#4483,#4570,#5116,.T.);
#4093=EDGE_CURVE('',#4481,#4568,#5117,.T.);
#4094=EDGE_CURVE('',#4519,#5110,#5118,.T.);
#4095=EDGE_CURVE('',#4521,#5108,#5119,.T.);
#4096=EDGE_CURVE('',#4540,#5099,#5120,.T.);
#4097=EDGE_CURVE('',#4530,#5092,#5121,.T.);
#4098=EDGE_CURVE('',#5073,#4667,#5122,.T.);
#4099=EDGE_CURVE('',#5072,#4666,#5123,.T.);
#4100=EDGE_CURVE('',#5077,#4669,#5124,.T.);
#4101=EDGE_CURVE('',#5075,#4671,#5125,.T.);
#4102=EDGE_CURVE('',#4528,#5091,#5126,.T.);
#4103=EDGE_CURVE('',#4538,#5098,#5127,.T.);
#4104=EDGE_CURVE('',#4538,#4501,#5128,.T.);
#4105=EDGE_CURVE('',#4550,#4479,#5129,.T.);
#4106=EDGE_CURVE('',#4535,#4447,#5130,.T.);
#4107=EDGE_CURVE('',#4528,#4461,#5131,.T.);
#4108=EDGE_CURVE('',#5132,#5133,#5134,.T.);
#4109=EDGE_CURVE('',#5135,#5132,#5136,.T.);
#4110=EDGE_CURVE('',#5137,#5135,#5138,.T.);
#4111=EDGE_CURVE('',#5139,#5137,#5140,.T.);
#4112=EDGE_CURVE('',#5141,#5139,#5142,.T.);
#4113=EDGE_CURVE('',#5143,#5141,#5144,.T.);
#4114=EDGE_CURVE('',#5145,#5143,#5146,.T.);
#4115=EDGE_CURVE('',#5133,#5145,#5147,.T.);
#4116=EDGE_CURVE('',#5148,#5149,#5150,.T.);
#4117=EDGE_CURVE('',#5151,#5148,#5152,.T.);
#4118=EDGE_CURVE('',#5153,#5151,#5154,.T.);
#4119=EDGE_CURVE('',#5149,#5153,#5155,.T.);
#4120=EDGE_CURVE('',#5156,#5157,#5158,.T.);
#4121=EDGE_CURVE('',#5159,#5156,#5160,.T.);
#4122=EDGE_CURVE('',#5161,#5159,#5162,.T.);
#4123=EDGE_CURVE('',#5157,#5161,#5163,.T.);
#4124=EDGE_CURVE('',#5164,#5165,#5166,.T.);
#4125=EDGE_CURVE('',#5167,#5164,#5168,.T.);
#4126=EDGE_CURVE('',#5169,#5167,#5170,.T.);
#4127=EDGE_CURVE('',#5165,#5169,#5171,.T.);
#4128=EDGE_CURVE('',#5172,#5173,#5174,.T.);
#4129=EDGE_CURVE('',#5175,#5172,#5176,.T.);
#4130=EDGE_CURVE('',#5177,#5175,#5178,.T.);
#4131=EDGE_CURVE('',#5173,#5177,#5179,.T.);
#4132=EDGE_CURVE('',#5149,#5180,#5181,.T.);
#4133=EDGE_CURVE('',#5153,#5182,#5183,.T.);
#4134=EDGE_CURVE('',#5180,#5182,#5184,.T.);
#4135=EDGE_CURVE('',#5148,#5185,#5186,.T.);
#4136=EDGE_CURVE('',#5185,#5180,#5187,.T.);
#4137=EDGE_CURVE('',#5151,#5188,#5189,.T.);
#4138=EDGE_CURVE('',#5188,#5185,#5190,.T.);
#4139=EDGE_CURVE('',#5182,#5188,#5191,.T.);
#4140=EDGE_CURVE('',#5157,#5192,#5193,.T.);
#4141=EDGE_CURVE('',#5161,#5194,#5195,.T.);
#4142=EDGE_CURVE('',#5192,#5194,#5196,.T.);
#4143=EDGE_CURVE('',#5156,#5197,#5198,.T.);
#4144=EDGE_CURVE('',#5197,#5192,#5199,.T.);
#4145=EDGE_CURVE('',#5159,#5200,#5201,.T.);
#4146=EDGE_CURVE('',#5200,#5197,#5202,.T.);
#4147=EDGE_CURVE('',#5194,#5200,#5203,.T.);
#4148=EDGE_CURVE('',#5165,#5204,#5205,.T.);
#4149=EDGE_CURVE('',#5169,#5206,#5207,.T.);
#4150=EDGE_CURVE('',#5204,#5206,#5208,.T.);
#4151=EDGE_CURVE('',#5164,#5209,#5210,.T.);
#4152=EDGE_CURVE('',#5209,#5204,#5211,.T.);
#4153=EDGE_CURVE('',#5167,#5212,#5213,.T.);
#4154=EDGE_CURVE('',#5212,#5209,#5214,.T.);
#4155=EDGE_CURVE('',#5206,#5212,#5215,.T.);
#4156=EDGE_CURVE('',#5173,#5216,#5217,.T.);
#4157=EDGE_CURVE('',#5177,#5218,#5219,.T.);
#4158=EDGE_CURVE('',#5216,#5218,#5220,.T.);
#4159=EDGE_CURVE('',#5172,#5221,#5222,.T.);
#4160=EDGE_CURVE('',#5221,#5216,#5223,.T.);
#4161=EDGE_CURVE('',#5175,#5224,#5225,.T.);
#4162=EDGE_CURVE('',#5224,#5221,#5226,.T.);
#4163=EDGE_CURVE('',#5218,#5224,#5227,.T.);
#4164=EDGE_CURVE('',#5228,#5229,#5230,.T.);
#4165=EDGE_CURVE('',#5231,#5228,#5232,.T.);
#4166=EDGE_CURVE('',#5231,#5233,#5234,.T.);
#4167=EDGE_CURVE('',#5233,#5229,#5235,.T.);
#4168=EDGE_CURVE('',#5236,#5237,#5238,.T.);
#4169=EDGE_CURVE('',#5236,#5239,#5240,.T.);
#4170=EDGE_CURVE('',#5241,#5239,#5242,.T.);
#4171=EDGE_CURVE('',#5241,#5237,#5243,.T.);
#4172=EDGE_CURVE('',#5244,#5228,#5245,.T.);
#4173=EDGE_CURVE('',#5229,#5246,#5247,.T.);
#4174=EDGE_CURVE('',#5244,#5246,#5248,.T.);
#4175=EDGE_CURVE('',#5249,#5236,#5250,.T.);
#4176=EDGE_CURVE('',#5237,#5251,#5252,.T.);
#4177=EDGE_CURVE('',#5249,#5251,#5253,.T.);
#4178=EDGE_CURVE('',#5254,#5255,#5256,.T.);
#4179=EDGE_CURVE('',#5254,#5257,#5258,.T.);
#4180=EDGE_CURVE('',#5259,#5257,#5260,.T.);
#4181=EDGE_CURVE('',#5259,#5255,#5261,.T.);
#4182=EDGE_CURVE('',#5257,#5262,#5263,.T.);
#4183=EDGE_CURVE('',#5262,#5264,#5265,.T.);
#4184=EDGE_CURVE('',#5264,#5259,#5266,.T.);
#4185=EDGE_CURVE('',#5262,#5267,#5268,.T.);
#4186=EDGE_CURVE('',#5269,#5267,#5270,.T.);
#4187=EDGE_CURVE('',#5269,#5264,#5271,.T.);
#4188=EDGE_CURVE('',#5272,#5273,#5274,.T.);
#4189=EDGE_CURVE('',#5272,#5275,#5276,.T.);
#4190=EDGE_CURVE('',#5277,#5275,#5278,.T.);
#4191=EDGE_CURVE('',#5277,#5273,#5279,.T.);
#4192=EDGE_CURVE('',#5275,#5280,#5281,.T.);
#4193=EDGE_CURVE('',#5280,#5282,#5283,.T.);
#4194=EDGE_CURVE('',#5282,#5277,#5284,.T.);
#4195=EDGE_CURVE('',#5280,#5285,#5286,.T.);
#4196=EDGE_CURVE('',#5287,#5285,#5288,.T.);
#4197=EDGE_CURVE('',#5287,#5282,#5289,.T.);
#4198=EDGE_CURVE('',#5285,#5290,#5291,.T.);
#4199=EDGE_CURVE('',#5292,#5290,#5293,.T.);
#4200=EDGE_CURVE('',#5287,#5292,#5294,.T.);
#4201=EDGE_CURVE('',#5295,#5296,#5297,.T.);
#4202=EDGE_CURVE('',#5292,#5295,#5298,.T.);
#4203=EDGE_CURVE('',#5290,#5296,#5299,.T.);
#4204=EDGE_CURVE('',#5295,#5255,#5300,.T.);
#4205=EDGE_CURVE('',#5296,#5254,#5301,.T.);
#4206=EDGE_CURVE('',#5302,#5303,#5304,.T.);
#4207=EDGE_CURVE('',#5302,#5305,#5306,.T.);
#4208=EDGE_CURVE('',#5307,#5305,#5308,.T.);
#4209=EDGE_CURVE('',#5307,#5303,#5309,.T.);
#4210=EDGE_CURVE('',#5305,#5310,#5311,.T.);
#4211=EDGE_CURVE('',#5310,#5312,#5313,.T.);
#4212=EDGE_CURVE('',#5312,#5307,#5314,.T.);
#4213=EDGE_CURVE('',#5310,#5315,#5316,.T.);
#4214=EDGE_CURVE('',#5317,#5315,#5318,.T.);
#4215=EDGE_CURVE('',#5317,#5312,#5319,.T.);
#4216=EDGE_CURVE('',#5320,#5321,#5322,.T.);
#4217=EDGE_CURVE('',#5320,#5323,#5324,.T.);
#4218=EDGE_CURVE('',#5325,#5323,#5326,.T.);
#4219=EDGE_CURVE('',#5325,#5321,#5327,.T.);
#4220=EDGE_CURVE('',#5323,#5328,#5329,.T.);
#4221=EDGE_CURVE('',#5328,#5330,#5331,.T.);
#4222=EDGE_CURVE('',#5330,#5325,#5332,.T.);
#4223=EDGE_CURVE('',#5328,#5333,#5334,.T.);
#4224=EDGE_CURVE('',#5335,#5333,#5336,.T.);
#4225=EDGE_CURVE('',#5335,#5330,#5337,.T.);
#4226=EDGE_CURVE('',#5333,#5338,#5339,.T.);
#4227=EDGE_CURVE('',#5338,#5340,#5341,.T.);
#4228=EDGE_CURVE('',#5335,#5340,#5342,.T.);
#4229=EDGE_CURVE('',#5338,#5343,#5344,.T.);
#4230=EDGE_CURVE('',#5343,#5345,#5346,.T.);
#4231=EDGE_CURVE('',#5340,#5345,#5347,.T.);
#4232=EDGE_CURVE('',#5345,#5303,#5348,.T.);
#4233=EDGE_CURVE('',#5343,#5302,#5349,.T.);
#4234=EDGE_CURVE('',#5350,#5351,#5352,.T.);
#4235=EDGE_CURVE('',#5350,#5353,#5354,.T.);
#4236=EDGE_CURVE('',#5355,#5353,#5356,.T.);
#4237=EDGE_CURVE('',#5355,#5351,#5357,.T.);
#4238=EDGE_CURVE('',#5351,#5358,#5359,.T.);
#4239=EDGE_CURVE('',#5358,#5360,#5361,.T.);
#4240=EDGE_CURVE('',#5360,#5350,#5362,.T.);
#4241=EDGE_CURVE('',#5363,#5360,#5364,.T.);
#4242=EDGE_CURVE('',#5358,#5365,#5366,.T.);
#4243=EDGE_CURVE('',#5363,#5365,#5367,.T.);
#4244=EDGE_CURVE('',#5368,#5369,#5370,.T.);
#4245=EDGE_CURVE('',#5368,#5371,#5372,.T.);
#4246=EDGE_CURVE('',#5373,#5371,#5374,.T.);
#4247=EDGE_CURVE('',#5373,#5369,#5375,.T.);
#4248=EDGE_CURVE('',#5369,#5376,#5377,.T.);
#4249=EDGE_CURVE('',#5376,#5378,#5379,.T.);
#4250=EDGE_CURVE('',#5378,#5368,#5380,.T.);
#4251=EDGE_CURVE('',#5381,#5378,#5382,.T.);
#4252=EDGE_CURVE('',#5376,#5383,#5384,.T.);
#4253=EDGE_CURVE('',#5381,#5383,#5385,.T.);
#4254=EDGE_CURVE('',#5386,#5383,#5387,.T.);
#4255=EDGE_CURVE('',#5388,#5386,#5389,.T.);
#4256=EDGE_CURVE('',#5388,#5381,#5390,.T.);
#4257=EDGE_CURVE('',#5391,#5392,#5393,.T.);
#4258=EDGE_CURVE('',#5391,#5388,#5394,.T.);
#4259=EDGE_CURVE('',#5392,#5386,#5395,.T.);
#4260=EDGE_CURVE('',#5353,#5391,#5396,.T.);
#4261=EDGE_CURVE('',#5355,#5392,#5397,.T.);
#4262=EDGE_CURVE('',#5267,#5398,#5399,.T.);
#4263=EDGE_CURVE('',#5400,#5398,#5401,.T.);
#4264=EDGE_CURVE('',#5269,#5400,#5402,.T.);
#4265=EDGE_CURVE('',#5315,#5403,#5404,.T.);
#4266=EDGE_CURVE('',#5403,#5405,#5406,.T.);
#4267=EDGE_CURVE('',#5317,#5405,#5407,.T.);
#4268=EDGE_CURVE('',#5408,#5365,#5409,.T.);
#4269=EDGE_CURVE('',#5410,#5408,#5411,.T.);
#4270=EDGE_CURVE('',#5410,#5363,#5412,.T.);
#4271=EDGE_CURVE('',#5413,#5414,#5415,.T.);
#4272=EDGE_CURVE('',#5416,#5413,#5417,.T.);
#4273=EDGE_CURVE('',#5418,#5416,#5419,.T.);
#4274=EDGE_CURVE('',#5414,#5418,#5420,.T.);
#4275=EDGE_CURVE('',#5137,#5233,#5421,.T.);
#4276=EDGE_CURVE('',#5139,#5231,#5422,.T.);
#4277=EDGE_CURVE('',#5145,#5241,#5423,.T.);
#4278=EDGE_CURVE('',#5133,#5239,#5424,.T.);
#4279=EDGE_CURVE('',#5425,#5426,#5427,.T.);
#4280=EDGE_CURVE('',#5425,#5428,#5429,.T.);
#4281=EDGE_CURVE('',#5410,#5428,#5430,.T.);
#4282=EDGE_CURVE('',#5408,#5431,#5432,.T.);
#4283=EDGE_CURVE('',#5431,#5433,#5434,.T.);
#4284=EDGE_CURVE('',#5433,#5435,#5436,.T.);
#4285=EDGE_CURVE('',#5437,#5435,#5438,.T.);
#4286=EDGE_CURVE('',#5439,#5437,#5440,.T.);
#4287=EDGE_CURVE('',#5439,#5441,#5442,.T.);
#4288=EDGE_CURVE('',#5441,#5137,#5443,.T.);
#4289=EDGE_CURVE('',#5418,#5135,#5444,.T.);
#4290=EDGE_CURVE('',#5416,#5141,#5445,.T.);
#4291=EDGE_CURVE('',#5446,#5139,#5447,.T.);
#4292=EDGE_CURVE('',#5446,#5448,#5449,.T.);
#4293=EDGE_CURVE('',#5448,#5450,#5451,.T.);
#4294=EDGE_CURVE('',#5426,#5450,#5452,.T.);
#4295=EDGE_CURVE('',#5414,#5132,#5453,.T.);
#4296=EDGE_CURVE('',#5454,#5455,#5456,.T.);
#4297=EDGE_CURVE('',#5454,#5457,#5458,.T.);
#4298=EDGE_CURVE('',#5457,#5459,#5460,.T.);
#4299=EDGE_CURVE('',#5461,#5459,#5462,.T.);
#4300=EDGE_CURVE('',#5405,#5461,#5463,.T.);
#4301=EDGE_CURVE('',#5403,#5464,#5465,.T.);
#4302=EDGE_CURVE('',#5466,#5464,#5467,.T.);
#4303=EDGE_CURVE('',#5466,#5145,#5468,.T.);
#4304=EDGE_CURVE('',#5413,#5143,#5469,.T.);
#4305=EDGE_CURVE('',#5470,#5133,#5471,.T.);
#4306=EDGE_CURVE('',#5472,#5470,#5473,.T.);
#4307=EDGE_CURVE('',#5400,#5472,#5474,.T.);
#4308=EDGE_CURVE('',#5398,#5475,#5476,.T.);
#4309=EDGE_CURVE('',#5455,#5475,#5477,.T.);
#4310=EDGE_CURVE('',#5373,#5431,#5478,.T.);
#4311=EDGE_CURVE('',#5428,#5371,#5479,.T.);
#4312=EDGE_CURVE('',#5464,#5320,#5480,.T.);
#4313=EDGE_CURVE('',#5461,#5321,#5481,.T.);
#4314=EDGE_CURVE('',#5475,#5272,#5482,.T.);
#4315=EDGE_CURVE('',#5472,#5273,#5483,.T.);
#4316=EDGE_CURVE('',#5249,#5470,#5484,.T.);
#4317=EDGE_CURVE('',#5466,#5251,#5485,.T.);
#4318=EDGE_CURVE('',#5459,#5486,#5487,.T.);
#4319=EDGE_CURVE('',#5488,#5486,#5489,.T.);
#4320=EDGE_CURVE('',#5455,#5488,#5490,.T.);
#4321=EDGE_CURVE('',#5244,#5446,#5491,.T.);
#4322=EDGE_CURVE('',#5441,#5246,#5492,.T.);
#4323=EDGE_CURVE('',#5493,#5439,#5494,.T.);
#4324=EDGE_CURVE('',#5493,#5495,#5496,.T.);
#4325=EDGE_CURVE('',#5495,#5433,#5497,.T.);
#4326=EDGE_CURVE('',#5498,#5425,#5499,.T.);
#4327=EDGE_CURVE('',#5498,#5500,#5501,.T.);
#4328=EDGE_CURVE('',#5500,#5448,#5502,.T.);
#4329=EDGE_CURVE('',#5503,#5504,#5505,.T.);
#4330=EDGE_CURVE('',#5506,#5504,#5507,.T.);
#4331=EDGE_CURVE('',#5508,#5506,#5509,.T.);
#4332=EDGE_CURVE('',#5508,#5503,#5510,.T.);
#4333=EDGE_CURVE('',#5504,#5511,#5512,.T.);
#4334=EDGE_CURVE('',#5513,#5511,#5514,.T.);
#4335=EDGE_CURVE('',#5506,#5513,#5515,.T.);
#4336=EDGE_CURVE('',#5511,#5516,#5517,.T.);
#4337=EDGE_CURVE('',#5518,#5516,#5519,.T.);
#4338=EDGE_CURVE('',#5513,#5518,#5520,.T.);
#4339=EDGE_CURVE('',#5516,#5457,#5521,.T.);
#4340=EDGE_CURVE('',#5518,#5454,#5522,.T.);
#4341=EDGE_CURVE('',#5486,#5523,#5524,.T.);
#4342=EDGE_CURVE('',#5525,#5523,#5526,.T.);
#4343=EDGE_CURVE('',#5488,#5525,#5527,.T.);
#4344=EDGE_CURVE('',#5523,#5528,#5529,.T.);
#4345=EDGE_CURVE('',#5530,#5528,#5531,.T.);
#4346=EDGE_CURVE('',#5525,#5530,#5532,.T.);
#4347=EDGE_CURVE('',#5528,#5533,#5534,.T.);
#4348=EDGE_CURVE('',#5535,#5533,#5536,.T.);
#4349=EDGE_CURVE('',#5530,#5535,#5537,.T.);
#4350=EDGE_CURVE('',#5533,#5538,#5539,.T.);
#4351=EDGE_CURVE('',#5540,#5538,#5541,.T.);
#4352=EDGE_CURVE('',#5535,#5540,#5542,.T.);
#4353=EDGE_CURVE('',#5538,#5543,#5544,.T.);
#4354=EDGE_CURVE('',#5545,#5543,#5546,.T.);
#4355=EDGE_CURVE('',#5540,#5545,#5547,.T.);
#4356=EDGE_CURVE('',#5543,#5503,#5548,.T.);
#4357=EDGE_CURVE('',#5545,#5508,#5549,.T.);
#4358=EDGE_CURVE('',#5550,#5551,#5552,.T.);
#4359=EDGE_CURVE('',#5553,#5551,#5554,.T.);
#4360=EDGE_CURVE('',#5555,#5553,#5556,.T.);
#4361=EDGE_CURVE('',#5555,#5550,#5557,.T.);
#4362=EDGE_CURVE('',#5551,#5558,#5559,.T.);
#4363=EDGE_CURVE('',#5560,#5558,#5561,.T.);
#4364=EDGE_CURVE('',#5553,#5560,#5562,.T.);
#4365=EDGE_CURVE('',#5558,#5563,#5564,.T.);
#4366=EDGE_CURVE('',#5565,#5563,#5566,.T.);
#4367=EDGE_CURVE('',#5560,#5565,#5567,.T.);
#4368=EDGE_CURVE('',#5563,#5568,#5569,.T.);
#4369=EDGE_CURVE('',#5570,#5568,#5571,.T.);
#4370=EDGE_CURVE('',#5565,#5570,#5572,.T.);
#4371=EDGE_CURVE('',#5568,#5573,#5574,.T.);
#4372=EDGE_CURVE('',#5575,#5573,#5576,.T.);
#4373=EDGE_CURVE('',#5570,#5575,#5577,.T.);
#4374=EDGE_CURVE('',#5573,#5578,#5579,.T.);
#4375=EDGE_CURVE('',#5580,#5578,#5581,.T.);
#4376=EDGE_CURVE('',#5575,#5580,#5582,.T.);
#4377=EDGE_CURVE('',#5578,#5495,#5583,.T.);
#4378=EDGE_CURVE('',#5580,#5493,#5584,.T.);
#4379=EDGE_CURVE('',#5435,#5585,#5586,.T.);
#4380=EDGE_CURVE('',#5587,#5585,#5588,.T.);
#4381=EDGE_CURVE('',#5437,#5587,#5589,.T.);
#4382=EDGE_CURVE('',#5585,#5590,#5591,.T.);
#4383=EDGE_CURVE('',#5592,#5590,#5593,.T.);
#4384=EDGE_CURVE('',#5587,#5592,#5594,.T.);
#4385=EDGE_CURVE('',#5590,#5550,#5595,.T.);
#4386=EDGE_CURVE('',#5592,#5555,#5596,.T.);
#4387=EDGE_CURVE('',#5597,#5598,#5599,.T.);
#4388=EDGE_CURVE('',#5600,#5598,#5601,.T.);
#4389=EDGE_CURVE('',#5602,#5600,#5603,.T.);
#4390=EDGE_CURVE('',#5602,#5597,#5604,.T.);
#4391=EDGE_CURVE('',#5598,#5605,#5606,.T.);
#4392=EDGE_CURVE('',#5607,#5605,#5608,.T.);
#4393=EDGE_CURVE('',#5600,#5607,#5609,.T.);
#4394=EDGE_CURVE('',#5605,#5610,#5611,.T.);
#4395=EDGE_CURVE('',#5612,#5610,#5613,.T.);
#4396=EDGE_CURVE('',#5607,#5612,#5614,.T.);
#4397=EDGE_CURVE('',#5610,#5615,#5616,.T.);
#4398=EDGE_CURVE('',#5617,#5615,#5618,.T.);
#4399=EDGE_CURVE('',#5612,#5617,#5619,.T.);
#4400=EDGE_CURVE('',#5615,#5620,#5621,.T.);
#4401=EDGE_CURVE('',#5622,#5620,#5623,.T.);
#4402=EDGE_CURVE('',#5617,#5622,#5624,.T.);
#4403=EDGE_CURVE('',#5620,#5625,#5626,.T.);
#4404=EDGE_CURVE('',#5627,#5625,#5628,.T.);
#4405=EDGE_CURVE('',#5622,#5627,#5629,.T.);
#4406=EDGE_CURVE('',#5625,#5500,#5630,.T.);
#4407=EDGE_CURVE('',#5627,#5498,#5631,.T.);
#4408=EDGE_CURVE('',#5450,#5632,#5633,.T.);
#4409=EDGE_CURVE('',#5634,#5632,#5635,.T.);
#4410=EDGE_CURVE('',#5426,#5634,#5636,.T.);
#4411=EDGE_CURVE('',#5632,#5637,#5638,.T.);
#4412=EDGE_CURVE('',#5639,#5637,#5640,.T.);
#4413=EDGE_CURVE('',#5634,#5639,#5641,.T.);
#4414=EDGE_CURVE('',#5637,#5597,#5642,.T.);
#4415=EDGE_CURVE('',#5639,#5602,#5643,.T.);
#4416=VERTEX_POINT('',#5644);
#4417=VERTEX_POINT('',#5645);
#4418=LINE('',#5646,#5647);
#4419=VERTEX_POINT('',#5648);
#4420=LINE('',#5649,#5650);
#4421=VERTEX_POINT('',#5651);
#4422=LINE('',#5652,#5653);
#4423=LINE('',#5654,#5655);
#4424=VERTEX_POINT('',#5656);
#4425=LINE('',#5657,#5658);
#4426=VERTEX_POINT('',#5659);
#4427=LINE('',#5660,#5661);
#4428=LINE('',#5662,#5663);
#4429=VERTEX_POINT('',#5664);
#4430=LINE('',#5665,#5666);
#4431=LINE('',#5667,#5668);
#4432=VERTEX_POINT('',#5669);
#4433=LINE('',#5670,#5671);
#4434=LINE('',#5672,#5673);
#4435=LINE('',#5674,#5675);
#4436=VERTEX_POINT('',#5676);
#4437=VERTEX_POINT('',#5677);
#4438=LINE('',#5678,#5679);
#4439=VERTEX_POINT('',#5680);
#4440=LINE('',#5681,#5682);
#4441=VERTEX_POINT('',#5683);
#4442=LINE('',#5684,#5685);
#4443=VERTEX_POINT('',#5686);
#4444=LINE('',#5687,#5688);
#4445=VERTEX_POINT('',#5689);
#4446=LINE('',#5690,#5691);
#4447=VERTEX_POINT('',#5692);
#4448=LINE('',#5693,#5694);
#4449=VERTEX_POINT('',#5695);
#4450=LINE('',#5696,#5697);
#4451=VERTEX_POINT('',#5698);
#4452=LINE('',#5699,#5700);
#4453=VERTEX_POINT('',#5701);
#4454=LINE('',#5702,#5703);
#4455=VERTEX_POINT('',#5704);
#4456=LINE('',#5705,#5706);
#4457=VERTEX_POINT('',#5707);
#4458=LINE('',#5708,#5709);
#4459=VERTEX_POINT('',#5710);
#4460=LINE('',#5711,#5712);
#4461=VERTEX_POINT('',#5713);
#4462=LINE('',#5714,#5715);
#4463=VERTEX_POINT('',#5716);
#4464=LINE('',#5717,#5718);
#4465=VERTEX_POINT('',#5719);
#4466=LINE('',#5720,#5721);
#4467=LINE('',#5722,#5723);
#4468=VERTEX_POINT('',#5724);
#4469=VERTEX_POINT('',#5725);
#4470=LINE('',#5726,#5727);
#4471=VERTEX_POINT('',#5728);
#4472=LINE('',#5729,#5730);
#4473=VERTEX_POINT('',#5731);
#4474=LINE('',#5732,#5733);
#4475=VERTEX_POINT('',#5734);
#4476=LINE('',#5735,#5736);
#4477=VERTEX_POINT('',#5737);
#4478=LINE('',#5738,#5739);
#4479=VERTEX_POINT('',#5740);
#4480=LINE('',#5741,#5742);
#4481=VERTEX_POINT('',#5743);
#4482=LINE('',#5744,#5745);
#4483=VERTEX_POINT('',#5746);
#4484=LINE('',#5747,#5748);
#4485=VERTEX_POINT('',#5749);
#4486=LINE('',#5750,#5751);
#4487=VERTEX_POINT('',#5752);
#4488=LINE('',#5753,#5754);
#4489=VERTEX_POINT('',#5755);
#4490=LINE('',#5756,#5757);
#4491=VERTEX_POINT('',#5758);
#4492=LINE('',#5759,#5760);
#4493=VERTEX_POINT('',#5761);
#4494=LINE('',#5762,#5763);
#4495=VERTEX_POINT('',#5764);
#4496=LINE('',#5765,#5766);
#4497=VERTEX_POINT('',#5767);
#4498=LINE('',#5768,#5769);
#4499=VERTEX_POINT('',#5770);
#4500=LINE('',#5771,#5772);
#4501=VERTEX_POINT('',#5773);
#4502=LINE('',#5774,#5775);
#4503=VERTEX_POINT('',#5776);
#4504=LINE('',#5777,#5778);
#4505=VERTEX_POINT('',#5779);
#4506=LINE('',#5780,#5781);
#4507=LINE('',#5782,#5783);
#4508=LINE('',#5784,#5785);
#4509=VERTEX_POINT('',#5786);
#4510=LINE('',#5787,#5788);
#4511=VERTEX_POINT('',#5789);
#4512=LINE('',#5790,#5791);
#4513=VERTEX_POINT('',#5792);
#4514=LINE('',#5793,#5794);
#4515=VERTEX_POINT('',#5795);
#4516=LINE('',#5796,#5797);
#4517=LINE('',#5798,#5799);
#4518=LINE('',#5800,#5801);
#4519=VERTEX_POINT('',#5802);
#4520=LINE('',#5803,#5804);
#4521=VERTEX_POINT('',#5805);
#4522=LINE('',#5806,#5807);
#4523=VERTEX_POINT('',#5808);
#4524=LINE('',#5809,#5810);
#4525=VERTEX_POINT('',#5811);
#4526=LINE('',#5812,#5813);
#4527=LINE('',#5814,#5815);
#4528=VERTEX_POINT('',#5816);
#4529=LINE('',#5817,#5818);
#4530=VERTEX_POINT('',#5819);
#4531=LINE('',#5820,#5821);
#4532=LINE('',#5822,#5823);
#4533=VERTEX_POINT('',#5824);
#4534=LINE('',#5825,#5826);
#4535=VERTEX_POINT('',#5827);
#4536=LINE('',#5828,#5829);
#4537=LINE('',#5830,#5831);
#4538=VERTEX_POINT('',#5832);
#4539=LINE('',#5833,#5834);
#4540=VERTEX_POINT('',#5835);
#4541=LINE('',#5836,#5837);
#4542=LINE('',#5838,#5839);
#4543=VERTEX_POINT('',#5840);
#4544=LINE('',#5841,#5842);
#4545=VERTEX_POINT('',#5843);
#4546=LINE('',#5844,#5845);
#4547=LINE('',#5846,#5847);
#4548=VERTEX_POINT('',#5848);
#4549=LINE('',#5849,#5850);
#4550=VERTEX_POINT('',#5851);
#4551=LINE('',#5852,#5853);
#4552=LINE('',#5854,#5855);
#4553=VERTEX_POINT('',#5856);
#4554=LINE('',#5857,#5858);
#4555=VERTEX_POINT('',#5859);
#4556=LINE('',#5860,#5861);
#4557=LINE('',#5862,#5863);
#4558=VERTEX_POINT('',#5864);
#4559=LINE('',#5865,#5866);
#4560=VERTEX_POINT('',#5867);
#4561=LINE('',#5868,#5869);
#4562=LINE('',#5870,#5871);
#4563=VERTEX_POINT('',#5872);
#4564=LINE('',#5873,#5874);
#4565=VERTEX_POINT('',#5875);
#4566=LINE('',#5876,#5877);
#4567=LINE('',#5878,#5879);
#4568=VERTEX_POINT('',#5880);
#4569=LINE('',#5881,#5882);
#4570=VERTEX_POINT('',#5883);
#4571=LINE('',#5884,#5885);
#4572=LINE('',#5886,#5887);
#4573=VERTEX_POINT('',#5888);
#4574=VERTEX_POINT('',#5889);
#4575=LINE('',#5890,#5891);
#4576=LINE('',#5892,#5893);
#4577=LINE('',#5894,#5895);
#4578=VERTEX_POINT('',#5896);
#4579=VERTEX_POINT('',#5897);
#4580=LINE('',#5898,#5899);
#4581=VERTEX_POINT('',#5900);
#4582=LINE('',#5901,#5902);
#4583=VERTEX_POINT('',#5903);
#4584=LINE('',#5904,#5905);
#4585=LINE('',#5906,#5907);
#4586=VERTEX_POINT('',#5908);
#4587=VERTEX_POINT('',#5909);
#4588=LINE('',#5910,#5911);
#4589=VERTEX_POINT('',#5912);
#4590=CIRCLE('',#5913,0.0999999999999998);
#4591=VERTEX_POINT('',#5914);
#4592=LINE('',#5915,#5916);
#4593=VERTEX_POINT('',#5917);
#4594=CIRCLE('',#5918,0.0999999999999998);
#4595=VERTEX_POINT('',#5919);
#4596=LINE('',#5920,#5921);
#4597=VERTEX_POINT('',#5922);
#4598=CIRCLE('',#5923,0.0999999999999998);
#4599=VERTEX_POINT('',#5924);
#4600=LINE('',#5925,#5926);
#4601=VERTEX_POINT('',#5927);
#4602=CIRCLE('',#5928,0.1);
#4603=VERTEX_POINT('',#5929);
#4604=LINE('',#5930,#5931);
#4605=VERTEX_POINT('',#5932);
#4606=LINE('',#5933,#5934);
#4607=VERTEX_POINT('',#5935);
#4608=LINE('',#5936,#5937);
#4609=VERTEX_POINT('',#5938);
#4610=CIRCLE('',#5939,0.1);
#4611=VERTEX_POINT('',#5940);
#4612=LINE('',#5941,#5942);
#4613=VERTEX_POINT('',#5943);
#4614=CIRCLE('',#5944,0.0999999999999998);
#4615=VERTEX_POINT('',#5945);
#4616=LINE('',#5946,#5947);
#4617=VERTEX_POINT('',#5948);
#4618=CIRCLE('',#5949,0.0999999999999998);
#4619=VERTEX_POINT('',#5950);
#4620=LINE('',#5951,#5952);
#4621=VERTEX_POINT('',#5953);
#4622=CIRCLE('',#5954,0.0999999999999998);
#4623=VERTEX_POINT('',#5955);
#4624=LINE('',#5956,#5957);
#4625=VERTEX_POINT('',#5958);
#4626=LINE('',#5959,#5960);
#4627=VERTEX_POINT('',#5961);
#4628=LINE('',#5962,#5963);
#4629=VERTEX_POINT('',#5964);
#4630=LINE('',#5965,#5966);
#4631=VERTEX_POINT('',#5967);
#4632=LINE('',#5968,#5969);
#4633=VERTEX_POINT('',#5970);
#4634=CIRCLE('',#5971,0.0999999999999998);
#4635=VERTEX_POINT('',#5972);
#4636=LINE('',#5973,#5974);
#4637=VERTEX_POINT('',#5975);
#4638=CIRCLE('',#5976,0.0999999999999998);
#4639=VERTEX_POINT('',#5977);
#4640=LINE('',#5978,#5979);
#4641=VERTEX_POINT('',#5980);
#4642=CIRCLE('',#5981,0.0999999999999998);
#4643=VERTEX_POINT('',#5982);
#4644=LINE('',#5983,#5984);
#4645=VERTEX_POINT('',#5985);
#4646=CIRCLE('',#5986,0.1);
#4647=VERTEX_POINT('',#5987);
#4648=LINE('',#5988,#5989);
#4649=VERTEX_POINT('',#5990);
#4650=LINE('',#5991,#5992);
#4651=VERTEX_POINT('',#5993);
#4652=LINE('',#5994,#5995);
#4653=VERTEX_POINT('',#5996);
#4654=CIRCLE('',#5997,0.1);
#4655=VERTEX_POINT('',#5998);
#4656=LINE('',#5999,#6000);
#4657=VERTEX_POINT('',#6001);
#4658=CIRCLE('',#6002,0.0999999999999998);
#4659=VERTEX_POINT('',#6003);
#4660=LINE('',#6004,#6005);
#4661=VERTEX_POINT('',#6006);
#4662=CIRCLE('',#6007,0.0999999999999998);
#4663=VERTEX_POINT('',#6008);
#4664=LINE('',#6009,#6010);
#4665=CIRCLE('',#6011,0.0999999999999998);
#4666=VERTEX_POINT('',#6012);
#4667=VERTEX_POINT('',#6013);
#4668=LINE('',#6014,#6015);
#4669=VERTEX_POINT('',#6016);
#4670=LINE('',#6017,#6018);
#4671=VERTEX_POINT('',#6019);
#4672=LINE('',#6020,#6021);
#4673=LINE('',#6022,#6023);
#4674=VERTEX_POINT('',#6024);
#4675=LINE('',#6025,#6026);
#4676=VERTEX_POINT('',#6027);
#4677=LINE('',#6028,#6029);
#4678=LINE('',#6030,#6031);
#4679=VERTEX_POINT('',#6032);
#4680=LINE('',#6033,#6034);
#4681=VERTEX_POINT('',#6035);
#4682=LINE('',#6036,#6037);
#4683=LINE('',#6038,#6039);
#4684=VERTEX_POINT('',#6040);
#4685=LINE('',#6041,#6042);
#4686=VERTEX_POINT('',#6043);
#4687=LINE('',#6044,#6045);
#4688=LINE('',#6046,#6047);
#4689=VERTEX_POINT('',#6048);
#4690=CIRCLE('',#6049,0.3);
#4691=VERTEX_POINT('',#6050);
#4692=CIRCLE('',#6051,0.3);
#4693=LINE('',#6052,#6053);
#4694=VERTEX_POINT('',#6054);
#4695=LINE('',#6055,#6056);
#4696=VERTEX_POINT('',#6057);
#4697=LINE('',#6058,#6059);
#4698=LINE('',#6060,#6061);
#4699=VERTEX_POINT('',#6062);
#4700=VERTEX_POINT('',#6063);
#4701=CIRCLE('',#6064,0.1);
#4702=VERTEX_POINT('',#6065);
#4703=LINE('',#6066,#6067);
#4704=VERTEX_POINT('',#6068);
#4705=CIRCLE('',#6069,0.1);
#4706=LINE('',#6070,#6071);
#4707=LINE('',#6072,#6073);
#4708=LINE('',#6074,#6075);
#4709=VERTEX_POINT('',#6076);
#4710=VERTEX_POINT('',#6077);
#4711=LINE('',#6078,#6079);
#4712=CIRCLE('',#6080,0.3);
#4713=CIRCLE('',#6081,0.3);
#4714=VERTEX_POINT('',#6082);
#4715=VERTEX_POINT('',#6083);
#4716=CIRCLE('',#6084,0.15);
#4717=VERTEX_POINT('',#6085);
#4718=LINE('',#6086,#6087);
#4719=VERTEX_POINT('',#6088);
#4720=CIRCLE('',#6089,0.15);
#4721=LINE('',#6090,#6091);
#4722=VERTEX_POINT('',#6092);
#4723=LINE('',#6093,#6094);
#4724=VERTEX_POINT('',#6095);
#4725=LINE('',#6096,#6097);
#4726=LINE('',#6098,#6099);
#4727=VERTEX_POINT('',#6100);
#4728=CIRCLE('',#6101,0.5);
#4729=VERTEX_POINT('',#6102);
#4730=LINE('',#6103,#6104);
#4731=CIRCLE('',#6105,0.5);
#4732=VERTEX_POINT('',#6106);
#4733=LINE('',#6107,#6108);
#4734=VERTEX_POINT('',#6109);
#4735=LINE('',#6110,#6111);
#4736=LINE('',#6112,#6113);
#4737=VERTEX_POINT('',#6114);
#4738=CIRCLE('',#6115,0.1);
#4739=VERTEX_POINT('',#6116);
#4740=LINE('',#6117,#6118);
#4741=CIRCLE('',#6119,0.1);
#4742=VERTEX_POINT('',#6120);
#4743=LINE('',#6121,#6122);
#4744=VERTEX_POINT('',#6123);
#4745=LINE('',#6124,#6125);
#4746=LINE('',#6126,#6127);
#4747=VERTEX_POINT('',#6128);
#4748=VERTEX_POINT('',#6129);
#4749=LINE('',#6130,#6131);
#4750=VERTEX_POINT('',#6132);
#4751=LINE('',#6133,#6134);
#4752=VERTEX_POINT('',#6135);
#4753=LINE('',#6136,#6137);
#4754=LINE('',#6138,#6139);
#4755=VERTEX_POINT('',#6140);
#4756=CIRCLE('',#6141,0.1);
#4757=VERTEX_POINT('',#6142);
#4758=LINE('',#6143,#6144);
#4759=CIRCLE('',#6145,0.1);
#4760=VERTEX_POINT('',#6146);
#4761=LINE('',#6147,#6148);
#4762=VERTEX_POINT('',#6149);
#4763=LINE('',#6150,#6151);
#4764=LINE('',#6152,#6153);
#4765=VERTEX_POINT('',#6154);
#4766=CIRCLE('',#6155,0.5);
#4767=VERTEX_POINT('',#6156);
#4768=CIRCLE('',#6157,0.5);
#4769=LINE('',#6158,#6159);
#4770=VERTEX_POINT('',#6160);
#4771=LINE('',#6161,#6162);
#4772=VERTEX_POINT('',#6163);
#4773=LINE('',#6164,#6165);
#4774=LINE('',#6166,#6167);
#4775=VERTEX_POINT('',#6168);
#4776=CIRCLE('',#6169,0.15);
#4777=VERTEX_POINT('',#6170);
#4778=LINE('',#6171,#6172);
#4779=CIRCLE('',#6173,0.15);
#4780=VERTEX_POINT('',#6174);
#4781=LINE('',#6175,#6176);
#4782=VERTEX_POINT('',#6177);
#4783=LINE('',#6178,#6179);
#4784=LINE('',#6180,#6181);
#4785=VERTEX_POINT('',#6182);
#4786=CIRCLE('',#6183,0.15);
#4787=VERTEX_POINT('',#6184);
#4788=CIRCLE('',#6185,0.15);
#4789=LINE('',#6186,#6187);
#4790=VERTEX_POINT('',#6188);
#4791=LINE('',#6189,#6190);
#4792=VERTEX_POINT('',#6191);
#4793=LINE('',#6192,#6193);
#4794=LINE('',#6194,#6195);
#4795=VERTEX_POINT('',#6196);
#4796=CIRCLE('',#6197,0.15);
#4797=VERTEX_POINT('',#6198);
#4798=LINE('',#6199,#6200);
#4799=CIRCLE('',#6201,0.15);
#4800=LINE('',#6202,#6203);
#4801=LINE('',#6204,#6205);
#4802=VERTEX_POINT('',#6206);
#4803=LINE('',#6207,#6208);
#4804=VERTEX_POINT('',#6209);
#4805=LINE('',#6210,#6211);
#4806=LINE('',#6212,#6213);
#4807=VERTEX_POINT('',#6214);
#4808=LINE('',#6215,#6216);
#4809=VERTEX_POINT('',#6217);
#4810=LINE('',#6218,#6219);
#4811=LINE('',#6220,#6221);
#4812=VERTEX_POINT('',#6222);
#4813=LINE('',#6223,#6224);
#4814=LINE('',#6225,#6226);
#4815=VERTEX_POINT('',#6227);
#4816=LINE('',#6228,#6229);
#4817=LINE('',#6230,#6231);
#4818=VERTEX_POINT('',#6232);
#4819=CIRCLE('',#6233,0.5);
#4820=VERTEX_POINT('',#6234);
#4821=CIRCLE('',#6235,0.5);
#4822=LINE('',#6236,#6237);
#4823=VERTEX_POINT('',#6238);
#4824=LINE('',#6239,#6240);
#4825=VERTEX_POINT('',#6241);
#4826=LINE('',#6242,#6243);
#4827=VERTEX_POINT('',#6244);
#4828=LINE('',#6245,#6246);
#4829=CIRCLE('',#6247,0.5);
#4830=VERTEX_POINT('',#6248);
#4831=LINE('',#6249,#6250);
#4832=CIRCLE('',#6251,0.5);
#4833=VERTEX_POINT('',#6252);
#4834=LINE('',#6253,#6254);
#4835=VERTEX_POINT('',#6255);
#4836=LINE('',#6256,#6257);
#4837=LINE('',#6258,#6259);
#4838=VERTEX_POINT('',#6260);
#4839=(B_SPLINE_CURVE(3,(#6262,#6263,#6264,#6265),.UNSPECIFIED.,.F.,.F.)B_SPLINE_CURVE_WITH_KNOTS((4,4),(1.23010609540448,1.57079632679546),.UNSPECIFIED.)RATIONAL_B_SPLINE_CURVE((1.0,0.990350880488465,0.990350880488465,1.0))BOUNDED_CURVE()REPRESENTATION_ITEM('')GEOMETRIC_REPRESENTATION_ITEM()CURVE());
#4840=LINE('',#6272,#6273);
#4841=VERTEX_POINT('',#6274);
#4842=(B_SPLINE_CURVE(3,(#6276,#6277,#6278,#6279),.UNSPECIFIED.,.F.,.F.)B_SPLINE_CURVE_WITH_KNOTS((4,4),(4.71238898038412,5.23349068648347),.UNSPECIFIED.)RATIONAL_B_SPLINE_CURVE((1.0,0.977498811943609,0.977498811943609,1.0))BOUNDED_CURVE()REPRESENTATION_ITEM('')GEOMETRIC_REPRESENTATION_ITEM()CURVE());
#4843=(B_SPLINE_CURVE(3,(#6287,#6288,#6289,#6290),.UNSPECIFIED.,.F.,.F.)B_SPLINE_CURVE_WITH_KNOTS((4,4),(5.23349068648347,6.28318530717959),.UNSPECIFIED.)RATIONAL_B_SPLINE_CURVE((1.0,0.910266974383159,0.910266974383159,1.0))BOUNDED_CURVE()REPRESENTATION_ITEM('')GEOMETRIC_REPRESENTATION_ITEM()CURVE());
#4844=(B_SPLINE_CURVE(3,(#6298,#6299,#6300,#6301),.UNSPECIFIED.,.F.,.F.)B_SPLINE_CURVE_WITH_KNOTS((4,4),(2.00216001185515E-13,1.23010609540448),.UNSPECIFIED.)RATIONAL_B_SPLINE_CURVE((1.0,0.877828559618517,0.877828559618517,1.0))BOUNDED_CURVE()REPRESENTATION_ITEM('')GEOMETRIC_REPRESENTATION_ITEM()CURVE());
#4845=LINE('',#6308,#6309);
#4846=CIRCLE('',#6310,0.3);
#4847=CIRCLE('',#6311,0.3);
#4848=VERTEX_POINT('',#6312);
#4849=LINE('',#6313,#6314);
#4850=VERTEX_POINT('',#6315);
#4851=LINE('',#6316,#6317);
#4852=LINE('',#6318,#6319);
#4853=VERTEX_POINT('',#6320);
#4854=LINE('',#6321,#6322);
#4855=(B_SPLINE_CURVE(3,(#6324,#6325,#6326,#6327),.UNSPECIFIED.,.F.,.F.)B_SPLINE_CURVE_WITH_KNOTS((4,4),(0.0,1.57079632679659),.UNSPECIFIED.)RATIONAL_B_SPLINE_CURVE((1.0,0.804737854123965,0.804737854123965,1.0))BOUNDED_CURVE()REPRESENTATION_ITEM('')GEOMETRIC_REPRESENTATION_ITEM()CURVE());
#4856=VERTEX_POINT('',#6334);
#4857=(B_SPLINE_CURVE(3,(#6336,#6337,#6338,#6339),.UNSPECIFIED.,.F.,.F.)B_SPLINE_CURVE_WITH_KNOTS((4,4),(4.71238898038379,6.28318530717959),.UNSPECIFIED.)RATIONAL_B_SPLINE_CURVE((1.0,0.804737854124153,0.804737854124153,1.0))BOUNDED_CURVE()REPRESENTATION_ITEM('')GEOMETRIC_REPRESENTATION_ITEM()CURVE());
#4858=LINE('',#6346,#6347);
#4859=VERTEX_POINT('',#6348);
#4860=LINE('',#6349,#6350);
#4861=LINE('',#6351,#6352);
#4862=VERTEX_POINT('',#6353);
#4863=LINE('',#6354,#6355);
#4864=LINE('',#6356,#6357);
#4865=VERTEX_POINT('',#6358);
#4866=VERTEX_POINT('',#6359);
#4867=LINE('',#6360,#6361);
#4868=LINE('',#6362,#6363);
#4869=LINE('',#6364,#6365);
#4870=VERTEX_POINT('',#6366);
#4871=VERTEX_POINT('',#6367);
#4872=LINE('',#6368,#6369);
#4873=LINE('',#6370,#6371);
#4874=LINE('',#6372,#6373);
#4875=VERTEX_POINT('',#6374);
#4876=LINE('',#6375,#6376);
#4877=VERTEX_POINT('',#6377);
#4878=LINE('',#6378,#6379);
#4879=LINE('',#6380,#6381);
#4880=VERTEX_POINT('',#6382);
#4881=LINE('',#6383,#6384);
#4882=VERTEX_POINT('',#6385);
#4883=LINE('',#6386,#6387);
#4884=LINE('',#6388,#6389);
#4885=VERTEX_POINT('',#6390);
#4886=VERTEX_POINT('',#6391);
#4887=LINE('',#6392,#6393);
#4888=LINE('',#6394,#6395);
#4889=LINE('',#6396,#6397);
#4890=VERTEX_POINT('',#6398);
#4891=VERTEX_POINT('',#6399);
#4892=LINE('',#6400,#6401);
#4893=LINE('',#6402,#6403);
#4894=LINE('',#6404,#6405);
#4895=VERTEX_POINT('',#6406);
#4896=LINE('',#6407,#6408);
#4897=VERTEX_POINT('',#6409);
#4898=LINE('',#6410,#6411);
#4899=LINE('',#6412,#6413);
#4900=VERTEX_POINT('',#6414);
#4901=LINE('',#6415,#6416);
#4902=VERTEX_POINT('',#6417);
#4903=LINE('',#6418,#6419);
#4904=LINE('',#6420,#6421);
#4905=VERTEX_POINT('',#6422);
#4906=VERTEX_POINT('',#6423);
#4907=LINE('',#6424,#6425);
#4908=LINE('',#6426,#6427);
#4909=LINE('',#6428,#6429);
#4910=VERTEX_POINT('',#6430);
#4911=LINE('',#6431,#6432);
#4912=VERTEX_POINT('',#6433);
#4913=LINE('',#6434,#6435);
#4914=CIRCLE('',#6436,0.1);
#4915=VERTEX_POINT('',#6437);
#4916=CIRCLE('',#6438,0.1);
#4917=LINE('',#6439,#6440);
#4918=VERTEX_POINT('',#6441);
#4919=LINE('',#6442,#6443);
#4920=LINE('',#6444,#6445);
#4921=VERTEX_POINT('',#6446);
#4922=LINE('',#6447,#6448);
#4923=VERTEX_POINT('',#6449);
#4924=LINE('',#6450,#6451);
#4925=LINE('',#6452,#6453);
#4926=VERTEX_POINT('',#6454);
#4927=VERTEX_POINT('',#6455);
#4928=LINE('',#6456,#6457);
#4929=LINE('',#6458,#6459);
#4930=LINE('',#6460,#6461);
#4931=VERTEX_POINT('',#6462);
#4932=VERTEX_POINT('',#6463);
#4933=LINE('',#6464,#6465);
#4934=LINE('',#6466,#6467);
#4935=LINE('',#6468,#6469);
#4936=VERTEX_POINT('',#6470);
#4937=VERTEX_POINT('',#6471);
#4938=LINE('',#6472,#6473);
#4939=LINE('',#6474,#6475);
#4940=LINE('',#6476,#6477);
#4941=VERTEX_POINT('',#6478);
#4942=CIRCLE('',#6479,0.3);
#4943=VERTEX_POINT('',#6480);
#4944=LINE('',#6481,#6482);
#4945=CIRCLE('',#6483,0.3);
#4946=VERTEX_POINT('',#6484);
#4947=VERTEX_POINT('',#6485);
#4948=LINE('',#6486,#6487);
#4949=VERTEX_POINT('',#6488);
#4950=LINE('',#6489,#6490);
#4951=VERTEX_POINT('',#6491);
#4952=CIRCLE('',#6492,0.1);
#4953=VERTEX_POINT('',#6493);
#4954=LINE('',#6494,#6495);
#4955=LINE('',#6496,#6497);
#4956=LINE('',#6498,#6499);
#4957=VERTEX_POINT('',#6500);
#4958=VERTEX_POINT('',#6501);
#4959=LINE('',#6502,#6503);
#4960=VERTEX_POINT('',#6504);
#4961=CIRCLE('',#6505,0.15);
#4962=VERTEX_POINT('',#6506);
#4963=LINE('',#6507,#6508);
#4964=VERTEX_POINT('',#6509);
#4965=CIRCLE('',#6510,0.15);
#4966=VERTEX_POINT('',#6511);
#4967=LINE('',#6512,#6513);
#4968=VERTEX_POINT('',#6514);
#4969=CIRCLE('',#6515,0.15);
#4970=VERTEX_POINT('',#6516);
#4971=LINE('',#6517,#6518);
#4972=VERTEX_POINT('',#6519);
#4973=CIRCLE('',#6520,0.5);
#4974=VERTEX_POINT('',#6521);
#4975=LINE('',#6522,#6523);
#4976=VERTEX_POINT('',#6524);
#4977=CIRCLE('',#6525,0.1);
#4978=VERTEX_POINT('',#6526);
#4979=LINE('',#6527,#6528);
#4980=CIRCLE('',#6529,0.5);
#4981=VERTEX_POINT('',#6530);
#4982=LINE('',#6531,#6532);
#4983=VERTEX_POINT('',#6533);
#4984=CIRCLE('',#6534,0.5);
#4985=VERTEX_POINT('',#6535);
#4986=LINE('',#6536,#6537);
#4987=VERTEX_POINT('',#6538);
#4988=CIRCLE('',#6539,0.1);
#4989=VERTEX_POINT('',#6540);
#4990=LINE('',#6541,#6542);
#4991=VERTEX_POINT('',#6543);
#4992=CIRCLE('',#6544,0.5);
#4993=VERTEX_POINT('',#6545);
#4994=LINE('',#6546,#6547);
#4995=CIRCLE('',#6548,0.15);
#4996=VERTEX_POINT('',#6549);
#4997=VERTEX_POINT('',#6550);
#4998=CIRCLE('',#6551,0.15);
#4999=LINE('',#6552,#6553);
#5000=LINE('',#6554,#6555);
#5001=VERTEX_POINT('',#6556);
#5002=LINE('',#6557,#6558);
#5003=LINE('',#6559,#6560);
#5004=VERTEX_POINT('',#6561);
#5005=CIRCLE('',#6562,0.15);
#5006=LINE('',#6563,#6564);
#5007=VERTEX_POINT('',#6565);
#5008=LINE('',#6566,#6567);
#5009=LINE('',#6568,#6569);
#5010=VERTEX_POINT('',#6570);
#5011=CIRCLE('',#6571,0.5);
#5012=LINE('',#6572,#6573);
#5013=VERTEX_POINT('',#6574);
#5014=LINE('',#6575,#6576);
#5015=LINE('',#6577,#6578);
#5016=VERTEX_POINT('',#6579);
#5017=CIRCLE('',#6580,0.1);
#5018=LINE('',#6581,#6582);
#5019=VERTEX_POINT('',#6583);
#5020=LINE('',#6584,#6585);
#5021=LINE('',#6586,#6587);
#5022=VERTEX_POINT('',#6588);
#5023=VERTEX_POINT('',#6589);
#5024=CIRCLE('',#6590,0.5);
#5025=LINE('',#6591,#6592);
#5026=LINE('',#6593,#6594);
#5027=VERTEX_POINT('',#6595);
#5028=LINE('',#6596,#6597);
#5029=LINE('',#6598,#6599);
#5030=VERTEX_POINT('',#6600);
#5031=CIRCLE('',#6601,0.1);
#5032=LINE('',#6602,#6603);
#5033=VERTEX_POINT('',#6604);
#5034=LINE('',#6605,#6606);
#5035=LINE('',#6607,#6608);
#5036=VERTEX_POINT('',#6609);
#5037=CIRCLE('',#6610,0.5);
#5038=LINE('',#6611,#6612);
#5039=VERTEX_POINT('',#6613);
#5040=LINE('',#6614,#6615);
#5041=LINE('',#6616,#6617);
#5042=VERTEX_POINT('',#6618);
#5043=CIRCLE('',#6619,0.15);
#5044=LINE('',#6620,#6621);
#5045=VERTEX_POINT('',#6622);
#5046=LINE('',#6623,#6624);
#5047=LINE('',#6625,#6626);
#5048=VERTEX_POINT('',#6627);
#5049=CIRCLE('',#6628,0.15);
#5050=LINE('',#6629,#6630);
#5051=LINE('',#6631,#6632);
#5052=CIRCLE('',#6633,0.0999999999999998);
#5053=CIRCLE('',#6634,0.0999999999999998);
#5054=CIRCLE('',#6635,0.0999999999999998);
#5055=CIRCLE('',#6636,0.0999999999999998);
#5056=CIRCLE('',#6637,0.1);
#5057=VERTEX_POINT('',#6638);
#5058=LINE('',#6639,#6640);
#5059=VERTEX_POINT('',#6641);
#5060=LINE('',#6642,#6643);
#5061=CIRCLE('',#6644,0.1);
#5062=CIRCLE('',#6645,0.0999999999999998);
#5063=CIRCLE('',#6646,0.0999999999999998);
#5064=CIRCLE('',#6647,0.0999999999999998);
#5065=CIRCLE('',#6648,0.0999999999999998);
#5066=CIRCLE('',#6649,0.0999999999999998);
#5067=CIRCLE('',#6650,0.0999999999999998);
#5068=CIRCLE('',#6651,0.1);
#5069=CIRCLE('',#6652,0.1);
#5070=CIRCLE('',#6653,0.0999999999999998);
#5071=CIRCLE('',#6654,0.0999999999999998);
#5072=VERTEX_POINT('',#6655);
#5073=VERTEX_POINT('',#6656);
#5074=LINE('',#6657,#6658);
#5075=VERTEX_POINT('',#6659);
#5076=LINE('',#6660,#6661);
#5077=VERTEX_POINT('',#6662);
#5078=LINE('',#6663,#6664);
#5079=LINE('',#6665,#6666);
#5080=VERTEX_POINT('',#6667);
#5081=LINE('',#6668,#6669);
#5082=LINE('',#6670,#6671);
#5083=CIRCLE('',#6672,0.1);
#5084=LINE('',#6673,#6674);
#5085=CIRCLE('',#6675,0.5);
#5086=VERTEX_POINT('',#6676);
#5087=LINE('',#6677,#6678);
#5088=VERTEX_POINT('',#6679);
#5089=LINE('',#6680,#6681);
#5090=LINE('',#6682,#6683);
#5091=VERTEX_POINT('',#6684);
#5092=VERTEX_POINT('',#6685);
#5093=LINE('',#6686,#6687);
#5094=LINE('',#6688,#6689);
#5095=LINE('',#6690,#6691);
#5096=LINE('',#6692,#6693);
#5097=LINE('',#6694,#6695);
#5098=VERTEX_POINT('',#6696);
#5099=VERTEX_POINT('',#6697);
#5100=LINE('',#6698,#6699);
#5101=LINE('',#6700,#6701);
#5102=LINE('',#6702,#6703);
#5103=LINE('',#6704,#6705);
#5104=LINE('',#6706,#6707);
#5105=LINE('',#6708,#6709);
#5106=LINE('',#6710,#6711);
#5107=LINE('',#6712,#6713);
#5108=VERTEX_POINT('',#6714);
#5109=LINE('',#6715,#6716);
#5110=VERTEX_POINT('',#6717);
#5111=LINE('',#6718,#6719);
#5112=LINE('',#6720,#6721);
#5113=LINE('',#6722,#6723);
#5114=LINE('',#6724,#6725);
#5115=LINE('',#6726,#6727);
#5116=LINE('',#6728,#6729);
#5117=LINE('',#6730,#6731);
#5118=LINE('',#6732,#6733);
#5119=LINE('',#6734,#6735);
#5120=LINE('',#6736,#6737);
#5121=LINE('',#6738,#6739);
#5122=LINE('',#6740,#6741);
#5123=LINE('',#6742,#6743);
#5124=LINE('',#6744,#6745);
#5125=LINE('',#6746,#6747);
#5126=LINE('',#6748,#6749);
#5127=LINE('',#6750,#6751);
#5128=LINE('',#6752,#6753);
#5129=LINE('',#6754,#6755);
#5130=LINE('',#6756,#6757);
#5131=LINE('',#6758,#6759);
#5132=VERTEX_POINT('',#6760);
#5133=VERTEX_POINT('',#6761);
#5134=LINE('',#6762,#6763);
#5135=VERTEX_POINT('',#6764);
#5136=LINE('',#6765,#6766);
#5137=VERTEX_POINT('',#6767);
#5138=LINE('',#6768,#6769);
#5139=VERTEX_POINT('',#6770);
#5140=LINE('',#6771,#6772);
#5141=VERTEX_POINT('',#6773);
#5142=LINE('',#6774,#6775);
#5143=VERTEX_POINT('',#6776);
#5144=LINE('',#6777,#6778);
#5145=VERTEX_POINT('',#6779);
#5146=LINE('',#6780,#6781);
#5147=LINE('',#6782,#6783);
#5148=VERTEX_POINT('',#6784);
#5149=VERTEX_POINT('',#6785);
#5150=LINE('',#6786,#6787);
#5151=VERTEX_POINT('',#6788);
#5152=LINE('',#6789,#6790);
#5153=VERTEX_POINT('',#6791);
#5154=LINE('',#6792,#6793);
#5155=LINE('',#6794,#6795);
#5156=VERTEX_POINT('',#6796);
#5157=VERTEX_POINT('',#6797);
#5158=LINE('',#6798,#6799);
#5159=VERTEX_POINT('',#6800);
#5160=LINE('',#6801,#6802);
#5161=VERTEX_POINT('',#6803);
#5162=LINE('',#6804,#6805);
#5163=LINE('',#6806,#6807);
#5164=VERTEX_POINT('',#6808);
#5165=VERTEX_POINT('',#6809);
#5166=LINE('',#6810,#6811);
#5167=VERTEX_POINT('',#6812);
#5168=LINE('',#6813,#6814);
#5169=VERTEX_POINT('',#6815);
#5170=LINE('',#6816,#6817);
#5171=LINE('',#6818,#6819);
#5172=VERTEX_POINT('',#6820);
#5173=VERTEX_POINT('',#6821);
#5174=LINE('',#6822,#6823);
#5175=VERTEX_POINT('',#6824);
#5176=LINE('',#6825,#6826);
#5177=VERTEX_POINT('',#6827);
#5178=LINE('',#6828,#6829);
#5179=LINE('',#6830,#6831);
#5180=VERTEX_POINT('',#6832);
#5181=LINE('',#6833,#6834);
#5182=VERTEX_POINT('',#6835);
#5183=LINE('',#6836,#6837);
#5184=LINE('',#6838,#6839);
#5185=VERTEX_POINT('',#6840);
#5186=LINE('',#6841,#6842);
#5187=LINE('',#6843,#6844);
#5188=VERTEX_POINT('',#6845);
#5189=LINE('',#6846,#6847);
#5190=LINE('',#6848,#6849);
#5191=LINE('',#6850,#6851);
#5192=VERTEX_POINT('',#6852);
#5193=LINE('',#6853,#6854);
#5194=VERTEX_POINT('',#6855);
#5195=LINE('',#6856,#6857);
#5196=LINE('',#6858,#6859);
#5197=VERTEX_POINT('',#6860);
#5198=LINE('',#6861,#6862);
#5199=LINE('',#6863,#6864);
#5200=VERTEX_POINT('',#6865);
#5201=LINE('',#6866,#6867);
#5202=LINE('',#6868,#6869);
#5203=LINE('',#6870,#6871);
#5204=VERTEX_POINT('',#6872);
#5205=LINE('',#6873,#6874);
#5206=VERTEX_POINT('',#6875);
#5207=LINE('',#6876,#6877);
#5208=LINE('',#6878,#6879);
#5209=VERTEX_POINT('',#6880);
#5210=LINE('',#6881,#6882);
#5211=LINE('',#6883,#6884);
#5212=VERTEX_POINT('',#6885);
#5213=LINE('',#6886,#6887);
#5214=LINE('',#6888,#6889);
#5215=LINE('',#6890,#6891);
#5216=VERTEX_POINT('',#6892);
#5217=LINE('',#6893,#6894);
#5218=VERTEX_POINT('',#6895);
#5219=LINE('',#6896,#6897);
#5220=LINE('',#6898,#6899);
#5221=VERTEX_POINT('',#6900);
#5222=LINE('',#6901,#6902);
#5223=LINE('',#6903,#6904);
#5224=VERTEX_POINT('',#6905);
#5225=LINE('',#6906,#6907);
#5226=LINE('',#6908,#6909);
#5227=LINE('',#6910,#6911);
#5228=VERTEX_POINT('',#6912);
#5229=VERTEX_POINT('',#6913);
#5230=LINE('',#6914,#6915);
#5231=VERTEX_POINT('',#6916);
#5232=LINE('',#6917,#6918);
#5233=VERTEX_POINT('',#6919);
#5234=LINE('',#6920,#6921);
#5235=LINE('',#6922,#6923);
#5236=VERTEX_POINT('',#6924);
#5237=VERTEX_POINT('',#6925);
#5238=LINE('',#6926,#6927);
#5239=VERTEX_POINT('',#6928);
#5240=LINE('',#6929,#6930);
#5241=VERTEX_POINT('',#6931);
#5242=LINE('',#6932,#6933);
#5243=LINE('',#6934,#6935);
#5244=VERTEX_POINT('',#6936);
#5245=LINE('',#6937,#6938);
#5246=VERTEX_POINT('',#6939);
#5247=LINE('',#6940,#6941);
#5248=LINE('',#6942,#6943);
#5249=VERTEX_POINT('',#6944);
#5250=LINE('',#6945,#6946);
#5251=VERTEX_POINT('',#6947);
#5252=LINE('',#6948,#6949);
#5253=LINE('',#6950,#6951);
#5254=VERTEX_POINT('',#6952);
#5255=VERTEX_POINT('',#6953);
#5256=LINE('',#6954,#6955);
#5257=VERTEX_POINT('',#6956);
#5258=CIRCLE('',#6957,0.3);
#5259=VERTEX_POINT('',#6958);
#5260=LINE('',#6959,#6960);
#5261=CIRCLE('',#6961,0.3);
#5262=VERTEX_POINT('',#6962);
#5263=LINE('',#6963,#6964);
#5264=VERTEX_POINT('',#6965);
#5265=LINE('',#6966,#6967);
#5266=LINE('',#6968,#6969);
#5267=VERTEX_POINT('',#6970);
#5268=CIRCLE('',#6971,0.3);
#5269=VERTEX_POINT('',#6972);
#5270=LINE('',#6973,#6974);
#5271=CIRCLE('',#6975,0.3);
#5272=VERTEX_POINT('',#6976);
#5273=VERTEX_POINT('',#6977);
#5274=LINE('',#6978,#6979);
#5275=VERTEX_POINT('',#6980);
#5276=CIRCLE('',#6981,0.5);
#5277=VERTEX_POINT('',#6982);
#5278=LINE('',#6983,#6984);
#5279=CIRCLE('',#6985,0.5);
#5280=VERTEX_POINT('',#6986);
#5281=LINE('',#6987,#6988);
#5282=VERTEX_POINT('',#6989);
#5283=LINE('',#6990,#6991);
#5284=LINE('',#6992,#6993);
#5285=VERTEX_POINT('',#6994);
#5286=CIRCLE('',#6995,0.5);
#5287=VERTEX_POINT('',#6996);
#5288=LINE('',#6997,#6998);
#5289=CIRCLE('',#6999,0.5);
#5290=VERTEX_POINT('',#7000);
#5291=LINE('',#7001,#7002);
#5292=VERTEX_POINT('',#7003);
#5293=LINE('',#7004,#7005);
#5294=LINE('',#7006,#7007);
#5295=VERTEX_POINT('',#7008);
#5296=VERTEX_POINT('',#7009);
#5297=LINE('',#7010,#7011);
#5298=LINE('',#7012,#7013);
#5299=LINE('',#7014,#7015);
#5300=LINE('',#7016,#7017);
#5301=LINE('',#7018,#7019);
#5302=VERTEX_POINT('',#7020);
#5303=VERTEX_POINT('',#7021);
#5304=LINE('',#7022,#7023);
#5305=VERTEX_POINT('',#7024);
#5306=CIRCLE('',#7025,0.3);
#5307=VERTEX_POINT('',#7026);
#5308=LINE('',#7027,#7028);
#5309=CIRCLE('',#7029,0.3);
#5310=VERTEX_POINT('',#7030);
#5311=LINE('',#7031,#7032);
#5312=VERTEX_POINT('',#7033);
#5313=LINE('',#7034,#7035);
#5314=LINE('',#7036,#7037);
#5315=VERTEX_POINT('',#7038);
#5316=CIRCLE('',#7039,0.3);
#5317=VERTEX_POINT('',#7040);
#5318=LINE('',#7041,#7042);
#5319=CIRCLE('',#7043,0.3);
#5320=VERTEX_POINT('',#7044);
#5321=VERTEX_POINT('',#7045);
#5322=LINE('',#7046,#7047);
#5323=VERTEX_POINT('',#7048);
#5324=CIRCLE('',#7049,0.5);
#5325=VERTEX_POINT('',#7050);
#5326=LINE('',#7051,#7052);
#5327=CIRCLE('',#7053,0.5);
#5328=VERTEX_POINT('',#7054);
#5329=LINE('',#7055,#7056);
#5330=VERTEX_POINT('',#7057);
#5331=LINE('',#7058,#7059);
#5332=LINE('',#7060,#7061);
#5333=VERTEX_POINT('',#7062);
#5334=CIRCLE('',#7063,0.5);
#5335=VERTEX_POINT('',#7064);
#5336=LINE('',#7065,#7066);
#5337=CIRCLE('',#7067,0.5);
#5338=VERTEX_POINT('',#7068);
#5339=LINE('',#7069,#7070);
#5340=VERTEX_POINT('',#7071);
#5341=LINE('',#7072,#7073);
#5342=LINE('',#7074,#7075);
#5343=VERTEX_POINT('',#7076);
#5344=LINE('',#7077,#7078);
#5345=VERTEX_POINT('',#7079);
#5346=LINE('',#7080,#7081);
#5347=LINE('',#7082,#7083);
#5348=LINE('',#7084,#7085);
#5349=LINE('',#7086,#7087);
#5350=VERTEX_POINT('',#7088);
#5351=VERTEX_POINT('',#7089);
#5352=LINE('',#7090,#7091);
#5353=VERTEX_POINT('',#7092);
#5354=CIRCLE('',#7093,0.3);
#5355=VERTEX_POINT('',#7094);
#5356=LINE('',#7095,#7096);
#5357=CIRCLE('',#7097,0.3);
#5358=VERTEX_POINT('',#7098);
#5359=LINE('',#7099,#7100);
#5360=VERTEX_POINT('',#7101);
#5361=LINE('',#7102,#7103);
#5362=LINE('',#7104,#7105);
#5363=VERTEX_POINT('',#7106);
#5364=CIRCLE('',#7107,0.3);
#5365=VERTEX_POINT('',#7108);
#5366=CIRCLE('',#7109,0.3);
#5367=LINE('',#7110,#7111);
#5368=VERTEX_POINT('',#7112);
#5369=VERTEX_POINT('',#7113);
#5370=LINE('',#7114,#7115);
#5371=VERTEX_POINT('',#7116);
#5372=CIRCLE('',#7117,0.5);
#5373=VERTEX_POINT('',#7118);
#5374=LINE('',#7119,#7120);
#5375=CIRCLE('',#7121,0.5);
#5376=VERTEX_POINT('',#7122);
#5377=LINE('',#7123,#7124);
#5378=VERTEX_POINT('',#7125);
#5379=LINE('',#7126,#7127);
#5380=LINE('',#7128,#7129);
#5381=VERTEX_POINT('',#7130);
#5382=CIRCLE('',#7131,0.5);
#5383=VERTEX_POINT('',#7132);
#5384=CIRCLE('',#7133,0.5);
#5385=LINE('',#7134,#7135);
#5386=VERTEX_POINT('',#7136);
#5387=LINE('',#7137,#7138);
#5388=VERTEX_POINT('',#7139);
#5389=LINE('',#7140,#7141);
#5390=LINE('',#7142,#7143);
#5391=VERTEX_POINT('',#7144);
#5392=VERTEX_POINT('',#7145);
#5393=LINE('',#7146,#7147);
#5394=LINE('',#7148,#7149);
#5395=LINE('',#7150,#7151);
#5396=LINE('',#7152,#7153);
#5397=LINE('',#7154,#7155);
#5398=VERTEX_POINT('',#7156);
#5399=LINE('',#7157,#7158);
#5400=VERTEX_POINT('',#7159);
#5401=LINE('',#7160,#7161);
#5402=LINE('',#7162,#7163);
#5403=VERTEX_POINT('',#7164);
#5404=LINE('',#7165,#7166);
#5405=VERTEX_POINT('',#7167);
#5406=LINE('',#7168,#7169);
#5407=LINE('',#7170,#7171);
#5408=VERTEX_POINT('',#7172);
#5409=LINE('',#7173,#7174);
#5410=VERTEX_POINT('',#7175);
#5411=LINE('',#7176,#7177);
#5412=LINE('',#7178,#7179);
#5413=VERTEX_POINT('',#7180);
#5414=VERTEX_POINT('',#7181);
#5415=LINE('',#7182,#7183);
#5416=VERTEX_POINT('',#7184);
#5417=LINE('',#7185,#7186);
#5418=VERTEX_POINT('',#7187);
#5419=LINE('',#7188,#7189);
#5420=LINE('',#7190,#7191);
#5421=LINE('',#7192,#7193);
#5422=LINE('',#7194,#7195);
#5423=LINE('',#7196,#7197);
#5424=LINE('',#7198,#7199);
#5425=VERTEX_POINT('',#7200);
#5426=VERTEX_POINT('',#7201);
#5427=LINE('',#7202,#7203);
#5428=VERTEX_POINT('',#7204);
#5429=LINE('',#7205,#7206);
#5430=LINE('',#7207,#7208);
#5431=VERTEX_POINT('',#7209);
#5432=LINE('',#7210,#7211);
#5433=VERTEX_POINT('',#7212);
#5434=LINE('',#7213,#7214);
#5435=VERTEX_POINT('',#7215);
#5436=LINE('',#7216,#7217);
#5437=VERTEX_POINT('',#7218);
#5438=LINE('',#7219,#7220);
#5439=VERTEX_POINT('',#7221);
#5440=LINE('',#7222,#7223);
#5441=VERTEX_POINT('',#7224);
#5442=LINE('',#7225,#7226);
#5443=LINE('',#7227,#7228);
#5444=LINE('',#7229,#7230);
#5445=LINE('',#7231,#7232);
#5446=VERTEX_POINT('',#7233);
#5447=LINE('',#7234,#7235);
#5448=VERTEX_POINT('',#7236);
#5449=LINE('',#7237,#7238);
#5450=VERTEX_POINT('',#7239);
#5451=LINE('',#7240,#7241);
#5452=LINE('',#7242,#7243);
#5453=LINE('',#7244,#7245);
#5454=VERTEX_POINT('',#7246);
#5455=VERTEX_POINT('',#7247);
#5456=LINE('',#7248,#7249);
#5457=VERTEX_POINT('',#7250);
#5458=LINE('',#7251,#7252);
#5459=VERTEX_POINT('',#7253);
#5460=LINE('',#7254,#7255);
#5461=VERTEX_POINT('',#7256);
#5462=LINE('',#7257,#7258);
#5463=LINE('',#7259,#7260);
#5464=VERTEX_POINT('',#7261);
#5465=LINE('',#7262,#7263);
#5466=VERTEX_POINT('',#7264);
#5467=LINE('',#7265,#7266);
#5468=LINE('',#7267,#7268);
#5469=LINE('',#7269,#7270);
#5470=VERTEX_POINT('',#7271);
#5471=LINE('',#7272,#7273);
#5472=VERTEX_POINT('',#7274);
#5473=LINE('',#7275,#7276);
#5474=LINE('',#7277,#7278);
#5475=VERTEX_POINT('',#7279);
#5476=LINE('',#7280,#7281);
#5477=LINE('',#7282,#7283);
#5478=LINE('',#7284,#7285);
#5479=LINE('',#7286,#7287);
#5480=LINE('',#7288,#7289);
#5481=LINE('',#7290,#7291);
#5482=LINE('',#7292,#7293);
#5483=LINE('',#7294,#7295);
#5484=LINE('',#7296,#7297);
#5485=LINE('',#7298,#7299);
#5486=VERTEX_POINT('',#7300);
#5487=LINE('',#7301,#7302);
#5488=VERTEX_POINT('',#7303);
#5489=LINE('',#7304,#7305);
#5490=LINE('',#7306,#7307);
#5491=LINE('',#7308,#7309);
#5492=LINE('',#7310,#7311);
#5493=VERTEX_POINT('',#7312);
#5494=LINE('',#7313,#7314);
#5495=VERTEX_POINT('',#7315);
#5496=LINE('',#7316,#7317);
#5497=LINE('',#7318,#7319);
#5498=VERTEX_POINT('',#7320);
#5499=LINE('',#7321,#7322);
#5500=VERTEX_POINT('',#7323);
#5501=LINE('',#7324,#7325);
#5502=LINE('',#7326,#7327);
#5503=VERTEX_POINT('',#7328);
#5504=VERTEX_POINT('',#7329);
#5505=CIRCLE('',#7330,0.300000000000184);
#5506=VERTEX_POINT('',#7331);
#5507=LINE('',#7332,#7333);
#5508=VERTEX_POINT('',#7334);
#5509=CIRCLE('',#7335,0.300000000000184);
#5510=LINE('',#7336,#7337);
#5511=VERTEX_POINT('',#7338);
#5512=LINE('',#7339,#7340);
#5513=VERTEX_POINT('',#7341);
#5514=LINE('',#7342,#7343);
#5515=LINE('',#7344,#7345);
#5516=VERTEX_POINT('',#7346);
#5517=CIRCLE('',#7347,0.300000000000094);
#5518=VERTEX_POINT('',#7348);
#5519=LINE('',#7349,#7350);
#5520=CIRCLE('',#7351,0.300000000000094);
#5521=LINE('',#7352,#7353);
#5522=LINE('',#7354,#7355);
#5523=VERTEX_POINT('',#7356);
#5524=CIRCLE('',#7357,0.499999999999898);
#5525=VERTEX_POINT('',#7358);
#5526=LINE('',#7359,#7360);
#5527=CIRCLE('',#7361,0.499999999999898);
#5528=VERTEX_POINT('',#7362);
#5529=LINE('',#7363,#7364);
#5530=VERTEX_POINT('',#7365);
#5531=LINE('',#7366,#7367);
#5532=LINE('',#7368,#7369);
#5533=VERTEX_POINT('',#7370);
#5534=CIRCLE('',#7371,0.500000000000127);
#5535=VERTEX_POINT('',#7372);
#5536=LINE('',#7373,#7374);
#5537=CIRCLE('',#7375,0.500000000000127);
#5538=VERTEX_POINT('',#7376);
#5539=LINE('',#7377,#7378);
#5540=VERTEX_POINT('',#7379);
#5541=LINE('',#7380,#7381);
#5542=LINE('',#7382,#7383);
#5543=VERTEX_POINT('',#7384);
#5544=LINE('',#7385,#7386);
#5545=VERTEX_POINT('',#7387);
#5546=LINE('',#7388,#7389);
#5547=LINE('',#7390,#7391);
#5548=LINE('',#7392,#7393);
#5549=LINE('',#7394,#7395);
#5550=VERTEX_POINT('',#7396);
#5551=VERTEX_POINT('',#7397);
#5552=CIRCLE('',#7398,0.300000000000063);
#5553=VERTEX_POINT('',#7399);
#5554=LINE('',#7400,#7401);
#5555=VERTEX_POINT('',#7402);
#5556=CIRCLE('',#7403,0.300000000000063);
#5557=LINE('',#7404,#7405);
#5558=VERTEX_POINT('',#7406);
#5559=LINE('',#7407,#7408);
#5560=VERTEX_POINT('',#7409);
#5561=LINE('',#7410,#7411);
#5562=LINE('',#7412,#7413);
#5563=VERTEX_POINT('',#7414);
#5564=LINE('',#7415,#7416);
#5565=VERTEX_POINT('',#7417);
#5566=LINE('',#7418,#7419);
#5567=LINE('',#7420,#7421);
#5568=VERTEX_POINT('',#7422);
#5569=LINE('',#7423,#7424);
#5570=VERTEX_POINT('',#7425);
#5571=LINE('',#7426,#7427);
#5572=LINE('',#7428,#7429);
#5573=VERTEX_POINT('',#7430);
#5574=CIRCLE('',#7431,0.499999999999898);
#5575=VERTEX_POINT('',#7432);
#5576=LINE('',#7433,#7434);
#5577=CIRCLE('',#7435,0.499999999999898);
#5578=VERTEX_POINT('',#7436);
#5579=LINE('',#7437,#7438);
#5580=VERTEX_POINT('',#7439);
#5581=LINE('',#7440,#7441);
#5582=LINE('',#7442,#7443);
#5583=CIRCLE('',#7444,0.500000000000127);
#5584=CIRCLE('',#7445,0.500000000000127);
#5585=VERTEX_POINT('',#7446);
#5586=LINE('',#7447,#7448);
#5587=VERTEX_POINT('',#7449);
#5588=LINE('',#7450,#7451);
#5589=LINE('',#7452,#7453);
#5590=VERTEX_POINT('',#7454);
#5591=CIRCLE('',#7455,0.299999999999989);
#5592=VERTEX_POINT('',#7456);
#5593=LINE('',#7457,#7458);
#5594=CIRCLE('',#7459,0.299999999999989);
#5595=LINE('',#7460,#7461);
#5596=LINE('',#7462,#7463);
#5597=VERTEX_POINT('',#7464);
#5598=VERTEX_POINT('',#7465);
#5599=CIRCLE('',#7466,0.300000000000063);
#5600=VERTEX_POINT('',#7467);
#5601=LINE('',#7468,#7469);
#5602=VERTEX_POINT('',#7470);
#5603=CIRCLE('',#7471,0.300000000000063);
#5604=LINE('',#7472,#7473);
#5605=VERTEX_POINT('',#7474);
#5606=LINE('',#7475,#7476);
#5607=VERTEX_POINT('',#7477);
#5608=LINE('',#7478,#7479);
#5609=LINE('',#7480,#7481);
#5610=VERTEX_POINT('',#7482);
#5611=LINE('',#7483,#7484);
#5612=VERTEX_POINT('',#7485);
#5613=LINE('',#7486,#7487);
#5614=LINE('',#7488,#7489);
#5615=VERTEX_POINT('',#7490);
#5616=LINE('',#7491,#7492);
#5617=VERTEX_POINT('',#7493);
#5618=LINE('',#7494,#7495);
#5619=LINE('',#7496,#7497);
#5620=VERTEX_POINT('',#7498);
#5621=CIRCLE('',#7499,0.499999999999898);
#5622=VERTEX_POINT('',#7500);
#5623=LINE('',#7501,#7502);
#5624=CIRCLE('',#7503,0.499999999999898);
#5625=VERTEX_POINT('',#7504);
#5626=LINE('',#7505,#7506);
#5627=VERTEX_POINT('',#7507);
#5628=LINE('',#7508,#7509);
#5629=LINE('',#7510,#7511);
#5630=CIRCLE('',#7512,0.500000000000127);
#5631=CIRCLE('',#7513,0.500000000000127);
#5632=VERTEX_POINT('',#7514);
#5633=LINE('',#7515,#7516);
#5634=VERTEX_POINT('',#7517);
#5635=LINE('',#7518,#7519);
#5636=LINE('',#7520,#7521);
#5637=VERTEX_POINT('',#7522);
#5638=CIRCLE('',#7523,0.299999999999989);
#5639=VERTEX_POINT('',#7524);
#5640=LINE('',#7525,#7526);
#5641=CIRCLE('',#7527,0.299999999999989);
#5642=LINE('',#7528,#7529);
#5643=LINE('',#7530,#7531);
#5644=CARTESIAN_POINT('',(-0.25,5.5,0.749999999999997));
#5645=CARTESIAN_POINT('',(-0.25,5.5,-0.750000000000003));
#5646=CARTESIAN_POINT('',(-0.25,5.5,0.749999999999997));
#5647=VECTOR('',#7532,1000.0);
#5648=CARTESIAN_POINT('',(-1.75,5.5,-0.750000000000003));
#5649=CARTESIAN_POINT('',(-0.25,5.5,-0.750000000000003));
#5650=VECTOR('',#7533,1000.0);
#5651=CARTESIAN_POINT('',(-1.75,5.5,0.749999999999997));
#5652=CARTESIAN_POINT('',(-1.75,5.5,0.749999999999997));
#5653=VECTOR('',#7534,1000.0);
#5654=CARTESIAN_POINT('',(-0.25,5.5,0.749999999999997));
#5655=VECTOR('',#7535,1000.0);
#5656=CARTESIAN_POINT('',(-1.75,3.3,0.749999999999997));
#5657=CARTESIAN_POINT('',(-1.75,5.5,0.749999999999997));
#5658=VECTOR('',#7536,1000.0);
#5659=CARTESIAN_POINT('',(-0.25,3.3,0.749999999999997));
#5660=CARTESIAN_POINT('',(-1.75,3.3,0.749999999999997));
#5661=VECTOR('',#7537,1000.0);
#5662=CARTESIAN_POINT('',(-0.25,5.5,0.749999999999997));
#5663=VECTOR('',#7538,1000.0);
#5664=CARTESIAN_POINT('',(-1.75,3.3,-0.750000000000003));
#5665=CARTESIAN_POINT('',(-1.75,5.5,-0.750000000000003));
#5666=VECTOR('',#7539,1000.0);
#5667=CARTESIAN_POINT('',(-1.75,3.3,-0.750000000000003));
#5668=VECTOR('',#7540,1000.0);
#5669=CARTESIAN_POINT('',(-0.250000000000001,3.3,-0.750000000000003));
#5670=CARTESIAN_POINT('',(-0.25,5.5,-0.750000000000003));
#5671=VECTOR('',#7541,1000.0);
#5672=CARTESIAN_POINT('',(-0.250000000000001,3.3,-0.750000000000003));
#5673=VECTOR('',#7542,1000.0);
#5674=CARTESIAN_POINT('',(-0.25,3.3,0.749999999999997));
#5675=VECTOR('',#7543,1000.0);
#5676=CARTESIAN_POINT('',(-4.2,2.401,1.75));
#5677=CARTESIAN_POINT('',(-4.2,1.001,1.75));
#5678=CARTESIAN_POINT('',(-4.2,2.4,1.75));
#5679=VECTOR('',#7544,1000.0);
#5680=CARTESIAN_POINT('',(4.2,1.001,1.75));
#5681=CARTESIAN_POINT('',(-4.2,1.001,1.75));
#5682=VECTOR('',#7545,1000.0);
#5683=CARTESIAN_POINT('',(4.2,2.401,1.75));
#5684=CARTESIAN_POINT('',(4.2,2.4,1.75));
#5685=VECTOR('',#7546,1000.0);
#5686=CARTESIAN_POINT('',(4.5,2.401,1.75));
#5687=CARTESIAN_POINT('',(4.2,2.401,1.75));
#5688=VECTOR('',#7547,1000.0);
#5689=CARTESIAN_POINT('',(4.5,2.7176345955169,1.75));
#5690=CARTESIAN_POINT('',(4.5,1.5,1.75));
#5691=VECTOR('',#7548,1000.0);
#5692=CARTESIAN_POINT('',(4.2,3.29,1.75));
#5693=CARTESIAN_POINT('',(4.2,3.29,1.75));
#5694=VECTOR('',#7549,1000.0);
#5695=CARTESIAN_POINT('',(4.2,3.5,1.75));
#5696=CARTESIAN_POINT('',(4.2,3.5,1.75));
#5697=VECTOR('',#7550,1000.0);
#5698=CARTESIAN_POINT('',(3.71,3.5,1.75));
#5699=CARTESIAN_POINT('',(4.2,3.5,1.75));
#5700=VECTOR('',#7551,1000.0);
#5701=CARTESIAN_POINT('',(3.71,3.29,1.75));
#5702=CARTESIAN_POINT('',(3.71,0.999999999999999,1.75));
#5703=VECTOR('',#7552,1000.0);
#5704=CARTESIAN_POINT('',(-3.71,3.29,1.75));
#5705=CARTESIAN_POINT('',(3.95,3.29,1.75));
#5706=VECTOR('',#7553,1000.0);
#5707=CARTESIAN_POINT('',(-3.71,3.5,1.75));
#5708=CARTESIAN_POINT('',(-3.71,0.999999999999999,1.75));
#5709=VECTOR('',#7554,1000.0);
#5710=CARTESIAN_POINT('',(-4.2,3.5,1.75));
#5711=CARTESIAN_POINT('',(4.2,3.5,1.75));
#5712=VECTOR('',#7555,1000.0);
#5713=CARTESIAN_POINT('',(-4.2,3.29,1.75));
#5714=CARTESIAN_POINT('',(-4.2,3.5,1.75));
#5715=VECTOR('',#7556,1000.0);
#5716=CARTESIAN_POINT('',(-4.5,2.7176345955169,1.75));
#5717=CARTESIAN_POINT('',(-4.2,3.29,1.75));
#5718=VECTOR('',#7557,1000.0);
#5719=CARTESIAN_POINT('',(-4.5,2.401,1.75));
#5720=CARTESIAN_POINT('',(-4.5,2.7176345955169,1.75));
#5721=VECTOR('',#7558,1000.0);
#5722=CARTESIAN_POINT('',(-4.5,2.401,1.75));
#5723=VECTOR('',#7559,1000.0);
#5724=CARTESIAN_POINT('',(4.2,2.401,-1.75));
#5725=CARTESIAN_POINT('',(4.2,1.001,-1.75));
#5726=CARTESIAN_POINT('',(4.2,2.4,-1.75));
#5727=VECTOR('',#7560,1000.0);
#5728=CARTESIAN_POINT('',(-4.2,1.001,-1.75));
#5729=CARTESIAN_POINT('',(-4.2,1.001,-1.75));
#5730=VECTOR('',#7561,1000.0);
#5731=CARTESIAN_POINT('',(-4.2,2.401,-1.75));
#5732=CARTESIAN_POINT('',(-4.2,2.4,-1.75));
#5733=VECTOR('',#7562,1000.0);
#5734=CARTESIAN_POINT('',(-4.5,2.401,-1.75));
#5735=CARTESIAN_POINT('',(-4.2,2.401,-1.75));
#5736=VECTOR('',#7563,1000.0);
#5737=CARTESIAN_POINT('',(-4.5,2.7176345955169,-1.75));
#5738=CARTESIAN_POINT('',(-4.5,2.7176345955169,-1.75));
#5739=VECTOR('',#7564,1000.0);
#5740=CARTESIAN_POINT('',(-4.2,3.29,-1.75));
#5741=CARTESIAN_POINT('',(-4.2,3.29,-1.75));
#5742=VECTOR('',#7565,1000.0);
#5743=CARTESIAN_POINT('',(-4.2,3.5,-1.75));
#5744=CARTESIAN_POINT('',(-4.2,3.5,-1.75));
#5745=VECTOR('',#7566,1000.0);
#5746=CARTESIAN_POINT('',(-3.71,3.5,-1.75));
#5747=CARTESIAN_POINT('',(-4.2,3.5,-1.75));
#5748=VECTOR('',#7567,1000.0);
#5749=CARTESIAN_POINT('',(-3.71,3.29,-1.75));
#5750=CARTESIAN_POINT('',(-3.71,0.999999999999999,-1.75));
#5751=VECTOR('',#7568,1000.0);
#5752=CARTESIAN_POINT('',(-3.1,3.29,-1.75));
#5753=CARTESIAN_POINT('',(-3.95,3.29,-1.75));
#5754=VECTOR('',#7569,1000.0);
#5755=CARTESIAN_POINT('',(-3.1,2.45,-1.75));
#5756=CARTESIAN_POINT('',(-3.1,3.3,-1.75));
#5757=VECTOR('',#7570,1000.0);
#5758=CARTESIAN_POINT('',(1.1,2.45,-1.75));
#5759=CARTESIAN_POINT('',(-3.1,2.45,-1.75));
#5760=VECTOR('',#7571,1000.0);
#5761=CARTESIAN_POINT('',(1.1,3.29,-1.75));
#5762=CARTESIAN_POINT('',(1.1,2.45,-1.75));
#5763=VECTOR('',#7572,1000.0);
#5764=CARTESIAN_POINT('',(3.71,3.29,-1.75));
#5765=CARTESIAN_POINT('',(3.95,3.29,-1.75));
#5766=VECTOR('',#7573,1000.0);
#5767=CARTESIAN_POINT('',(3.71,3.5,-1.75));
#5768=CARTESIAN_POINT('',(3.71,0.999999999999999,-1.75));
#5769=VECTOR('',#7574,1000.0);
#5770=CARTESIAN_POINT('',(4.2,3.5,-1.75));
#5771=CARTESIAN_POINT('',(-2.0,3.5,-1.75));
#5772=VECTOR('',#7575,1000.0);
#5773=CARTESIAN_POINT('',(4.2,3.29,-1.75));
#5774=CARTESIAN_POINT('',(4.2,3.5,-1.75));
#5775=VECTOR('',#7576,1000.0);
#5776=CARTESIAN_POINT('',(4.5,2.7176345955169,-1.75));
#5777=CARTESIAN_POINT('',(4.2,3.29,-1.75));
#5778=VECTOR('',#7577,1000.0);
#5779=CARTESIAN_POINT('',(4.5,2.401,-1.75));
#5780=CARTESIAN_POINT('',(4.5,2.7176345955169,-1.75));
#5781=VECTOR('',#7578,1000.0);
#5782=CARTESIAN_POINT('',(4.2,2.401,-1.75));
#5783=VECTOR('',#7579,1000.0);
#5784=CARTESIAN_POINT('',(-4.2,1.001,1.75));
#5785=VECTOR('',#7580,1000.0);
#5786=CARTESIAN_POINT('',(-4.2,2.401,0.959999999999998));
#5787=CARTESIAN_POINT('',(-4.2,2.401,1.75));
#5788=VECTOR('',#7581,1000.0);
#5789=CARTESIAN_POINT('',(-4.2,3.29,0.959999999999997));
#5790=CARTESIAN_POINT('',(-4.2,2.401,0.959999999999998));
#5791=VECTOR('',#7582,1000.0);
#5792=CARTESIAN_POINT('',(-4.2,3.29,-0.960000000000002));
#5793=CARTESIAN_POINT('',(-4.2,3.29,-1.93661994185836E-15));
#5794=VECTOR('',#7583,1000.0);
#5795=CARTESIAN_POINT('',(-4.2,2.401,-0.960000000000002));
#5796=CARTESIAN_POINT('',(-4.2,2.401,-0.960000000000002));
#5797=VECTOR('',#7584,1000.0);
#5798=CARTESIAN_POINT('',(-4.2,2.401,-1.75));
#5799=VECTOR('',#7585,1000.0);
#5800=CARTESIAN_POINT('',(4.2,1.001,1.75));
#5801=VECTOR('',#7586,1000.0);
#5802=CARTESIAN_POINT('',(4.2,2.401,-0.960000000000004));
#5803=CARTESIAN_POINT('',(4.2,2.401,-0.950000000000004));
#5804=VECTOR('',#7587,1000.0);
#5805=CARTESIAN_POINT('',(4.2,3.29,-0.960000000000004));
#5806=CARTESIAN_POINT('',(4.2,2.401,-0.960000000000004));
#5807=VECTOR('',#7588,1000.0);
#5808=CARTESIAN_POINT('',(4.2,3.29,0.959999999999996));
#5809=CARTESIAN_POINT('',(4.2,3.29,-0.950000000000004));
#5810=VECTOR('',#7589,1000.0);
#5811=CARTESIAN_POINT('',(4.2,2.401,0.959999999999996));
#5812=CARTESIAN_POINT('',(4.2,2.401,0.959999999999996));
#5813=VECTOR('',#7590,1000.0);
#5814=CARTESIAN_POINT('',(4.2,2.401,1.75));
#5815=VECTOR('',#7591,1000.0);
#5816=CARTESIAN_POINT('',(-4.2,3.29,1.46));
#5817=CARTESIAN_POINT('',(-4.2,3.29,0.949999999999998));
#5818=VECTOR('',#7592,1000.0);
#5819=CARTESIAN_POINT('',(-3.71,3.29,1.46));
#5820=CARTESIAN_POINT('',(-3.96,3.29,1.46));
#5821=VECTOR('',#7593,1000.0);
#5822=CARTESIAN_POINT('',(-3.71,3.29,-2.07262226237494E-15));
#5823=VECTOR('',#7594,1000.0);
#5824=CARTESIAN_POINT('',(3.71,3.29,1.46));
#5825=CARTESIAN_POINT('',(3.71,3.29,-4.1320859730546E-15));
#5826=VECTOR('',#7595,1000.0);
#5827=CARTESIAN_POINT('',(4.2,3.29,1.46));
#5828=CARTESIAN_POINT('',(3.96,3.29,1.46));
#5829=VECTOR('',#7596,1000.0);
#5830=CARTESIAN_POINT('',(4.2,3.29,0.949999999999996));
#5831=VECTOR('',#7597,1000.0);
#5832=CARTESIAN_POINT('',(4.2,3.29,-1.46));
#5833=CARTESIAN_POINT('',(4.2,3.29,-0.950000000000004));
#5834=VECTOR('',#7598,1000.0);
#5835=CARTESIAN_POINT('',(3.71,3.29,-1.46));
#5836=CARTESIAN_POINT('',(3.96,3.29,-1.46));
#5837=VECTOR('',#7599,1000.0);
#5838=CARTESIAN_POINT('',(3.71,3.29,-4.1320859730546E-15));
#5839=VECTOR('',#7600,1000.0);
#5840=CARTESIAN_POINT('',(1.1,3.29,-1.45));
#5841=CARTESIAN_POINT('',(1.1,3.29,-1.75));
#5842=VECTOR('',#7601,1000.0);
#5843=CARTESIAN_POINT('',(-3.1,3.29,-1.45));
#5844=CARTESIAN_POINT('',(-3.7,3.29,-1.45));
#5845=VECTOR('',#7602,1000.0);
#5846=CARTESIAN_POINT('',(-3.1,3.29,-1.45));
#5847=VECTOR('',#7603,1000.0);
#5848=CARTESIAN_POINT('',(-3.71,3.29,-1.46));
#5849=CARTESIAN_POINT('',(-3.71,3.29,-2.07262226237494E-15));
#5850=VECTOR('',#7604,1000.0);
#5851=CARTESIAN_POINT('',(-4.2,3.29,-1.46));
#5852=CARTESIAN_POINT('',(-3.96,3.29,-1.46));
#5853=VECTOR('',#7605,1000.0);
#5854=CARTESIAN_POINT('',(-4.2,3.29,-0.950000000000002));
#5855=VECTOR('',#7606,1000.0);
#5856=CARTESIAN_POINT('',(4.5,2.7176345955169,0.959999999999996));
#5857=CARTESIAN_POINT('',(3.29483225997875,5.01695566547438,0.959999999999996));
#5858=VECTOR('',#7607,1000.0);
#5859=CARTESIAN_POINT('',(4.5,2.401,0.959999999999996));
#5860=CARTESIAN_POINT('',(4.5,2.4,0.959999999999996));
#5861=VECTOR('',#7608,1000.0);
#5862=CARTESIAN_POINT('',(4.2,2.401,0.959999999999996));
#5863=VECTOR('',#7609,1000.0);
#5864=CARTESIAN_POINT('',(4.2,3.5,1.46));
#5865=CARTESIAN_POINT('',(4.2,3.29,1.46));
#5866=VECTOR('',#7610,1000.0);
#5867=CARTESIAN_POINT('',(3.71,3.5,1.46));
#5868=CARTESIAN_POINT('',(3.71,3.29,1.46));
#5869=VECTOR('',#7611,1000.0);
#5870=CARTESIAN_POINT('',(3.96,3.5,1.46));
#5871=VECTOR('',#7612,1000.0);
#5872=CARTESIAN_POINT('',(-4.5,2.7176345955169,-0.960000000000002));
#5873=CARTESIAN_POINT('',(-3.29483225997875,5.01695566547438,-0.960000000000002));
#5874=VECTOR('',#7613,1000.0);
#5875=CARTESIAN_POINT('',(-4.5,2.401,-0.960000000000002));
#5876=CARTESIAN_POINT('',(-4.5,2.4,-0.960000000000002));
#5877=VECTOR('',#7614,1000.0);
#5878=CARTESIAN_POINT('',(-4.2,2.401,-0.960000000000002));
#5879=VECTOR('',#7615,1000.0);
#5880=CARTESIAN_POINT('',(-4.2,3.5,-1.46));
#5881=CARTESIAN_POINT('',(-4.2,3.29,-1.46));
#5882=VECTOR('',#7616,1000.0);
#5883=CARTESIAN_POINT('',(-3.71,3.5,-1.46));
#5884=CARTESIAN_POINT('',(-3.71,3.29,-1.46));
#5885=VECTOR('',#7617,1000.0);
#5886=CARTESIAN_POINT('',(-3.96,3.5,-1.46));
#5887=VECTOR('',#7618,1000.0);
#5888=CARTESIAN_POINT('',(-3.1,2.45,-1.45));
#5889=CARTESIAN_POINT('',(1.1,2.45,-1.45));
#5890=CARTESIAN_POINT('',(-3.1,2.45,-1.45));
#5891=VECTOR('',#7619,1000.0);
#5892=CARTESIAN_POINT('',(-3.1,2.45,-1.45));
#5893=VECTOR('',#7620,1000.0);
#5894=CARTESIAN_POINT('',(1.1,2.45,-1.45));
#5895=VECTOR('',#7621,1000.0);
#5896=CARTESIAN_POINT('',(0.140406800134265,3.2,-1.45));
#5897=CARTESIAN_POINT('',(0.620767705941437,3.2,-1.45));
#5898=CARTESIAN_POINT('',(1.452607909695,3.2,-1.45));
#5899=VECTOR('',#7622,1000.0);
#5900=CARTESIAN_POINT('',(0.140406800134501,2.5,-1.45));
#5901=CARTESIAN_POINT('',(0.140406800134265,3.5,-1.45));
#5902=VECTOR('',#7623,1000.0);
#5903=CARTESIAN_POINT('',(0.620767705941796,2.5,-1.45));
#5904=CARTESIAN_POINT('',(-5.61742695275441E-16,2.5,-1.45));
#5905=VECTOR('',#7624,1000.0);
#5906=CARTESIAN_POINT('',(0.620767705941437,3.5,-1.45));
#5907=VECTOR('',#7625,1000.0);
#5908=CARTESIAN_POINT('',(3.42,3.5,1.75));
#5909=CARTESIAN_POINT('',(-3.42,3.5,1.75));
#5910=CARTESIAN_POINT('',(4.2,3.5,1.75));
#5911=VECTOR('',#7626,1000.0);
#5912=CARTESIAN_POINT('',(3.52,3.5,1.65));
#5913=AXIS2_PLACEMENT_3D('',#7627,#7628,#7629);
#5914=CARTESIAN_POINT('',(3.52,3.5,1.55));
#5915=CARTESIAN_POINT('',(3.52,3.5,1.45));
#5916=VECTOR('',#7630,1000.0);
#5917=CARTESIAN_POINT('',(3.62,3.5,1.45));
#5918=AXIS2_PLACEMENT_3D('',#7631,#7632,#7633);
#5919=CARTESIAN_POINT('',(3.85,3.5,1.45));
#5920=CARTESIAN_POINT('',(3.95,3.5,1.45));
#5921=VECTOR('',#7634,1000.0);
#5922=CARTESIAN_POINT('',(3.95,3.5,1.35));
#5923=AXIS2_PLACEMENT_3D('',#7635,#7636,#7637);
#5924=CARTESIAN_POINT('',(3.95,3.5,1.05));
#5925=CARTESIAN_POINT('',(3.95,3.5,0.949999999999996));
#5926=VECTOR('',#7638,1000.0);
#5927=CARTESIAN_POINT('',(4.05,3.5,0.949999999999996));
#5928=AXIS2_PLACEMENT_3D('',#7639,#7640,#7641);
#5929=CARTESIAN_POINT('',(4.19999999999995,3.5,0.949999999999996));
#5930=CARTESIAN_POINT('',(4.87533950686232,3.5,0.949999999999996));
#5931=VECTOR('',#7642,1000.0);
#5932=CARTESIAN_POINT('',(4.2,3.5,-0.950000000000004));
#5933=CARTESIAN_POINT('',(4.2,3.5,0.949999999999996));
#5934=VECTOR('',#7643,1000.0);
#5935=CARTESIAN_POINT('',(4.05,3.5,-0.950000000000004));
#5936=CARTESIAN_POINT('',(4.87533950686232,3.5,-0.950000000000004));
#5937=VECTOR('',#7644,1000.0);
#5938=CARTESIAN_POINT('',(3.95,3.5,-1.05));
#5939=AXIS2_PLACEMENT_3D('',#7645,#7646,#7647);
#5940=CARTESIAN_POINT('',(3.95,3.5,-1.35));
#5941=CARTESIAN_POINT('',(3.95,3.5,-0.950000000000004));
#5942=VECTOR('',#7648,1000.0);
#5943=CARTESIAN_POINT('',(3.85,3.5,-1.45));
#5944=AXIS2_PLACEMENT_3D('',#7649,#7650,#7651);
#5945=CARTESIAN_POINT('',(3.62,3.5,-1.45));
#5946=CARTESIAN_POINT('',(3.95,3.5,-1.45));
#5947=VECTOR('',#7652,1000.0);
#5948=CARTESIAN_POINT('',(3.52,3.5,-1.55));
#5949=AXIS2_PLACEMENT_3D('',#7653,#7654,#7655);
#5950=CARTESIAN_POINT('',(3.52,3.5,-1.65));
#5951=CARTESIAN_POINT('',(3.52,3.5,-1.45));
#5952=VECTOR('',#7656,1000.0);
#5953=CARTESIAN_POINT('',(3.42,3.5,-1.75));
#5954=AXIS2_PLACEMENT_3D('',#7657,#7658,#7659);
#5955=CARTESIAN_POINT('',(-2.0,3.5,-1.75));
#5956=CARTESIAN_POINT('',(-2.0,3.5,-1.75));
#5957=VECTOR('',#7660,1000.0);
#5958=CARTESIAN_POINT('',(-2.0,3.5,-1.60046880072717));
#5959=CARTESIAN_POINT('',(-2.0,3.5,-1.600468800727));
#5960=VECTOR('',#7661,1000.0);
#5961=CARTESIAN_POINT('',(-3.0,3.5,-1.64963758352857));
#5962=CARTESIAN_POINT('',(-2.0,3.5,-1.600468800727));
#5963=VECTOR('',#7662,1000.0);
#5964=CARTESIAN_POINT('',(-3.0,3.5,-1.75));
#5965=CARTESIAN_POINT('',(-3.0,3.5,-1.649637583529));
#5966=VECTOR('',#7663,1000.0);
#5967=CARTESIAN_POINT('',(-3.42,3.5,-1.75));
#5968=CARTESIAN_POINT('',(-4.2,3.5,-1.75));
#5969=VECTOR('',#7664,1000.0);
#5970=CARTESIAN_POINT('',(-3.52,3.5,-1.65));
#5971=AXIS2_PLACEMENT_3D('',#7665,#7666,#7667);
#5972=CARTESIAN_POINT('',(-3.52,3.5,-1.55));
#5973=CARTESIAN_POINT('',(-3.52,3.5,-1.45));
#5974=VECTOR('',#7668,1000.0);
#5975=CARTESIAN_POINT('',(-3.62,3.5,-1.45));
#5976=AXIS2_PLACEMENT_3D('',#7669,#7670,#7671);
#5977=CARTESIAN_POINT('',(-3.85,3.5,-1.45));
#5978=CARTESIAN_POINT('',(-3.95,3.5,-1.45));
#5979=VECTOR('',#7672,1000.0);
#5980=CARTESIAN_POINT('',(-3.95,3.5,-1.35));
#5981=AXIS2_PLACEMENT_3D('',#7673,#7674,#7675);
#5982=CARTESIAN_POINT('',(-3.95,3.5,-1.05));
#5983=CARTESIAN_POINT('',(-3.95,3.5,-0.950000000000002));
#5984=VECTOR('',#7676,1000.0);
#5985=CARTESIAN_POINT('',(-4.05,3.5,-0.950000000000002));
#5986=AXIS2_PLACEMENT_3D('',#7677,#7678,#7679);
#5987=CARTESIAN_POINT('',(-4.2,3.5,-0.950000000000002));
#5988=CARTESIAN_POINT('',(-4.87533950686232,3.5,-0.950000000000002));
#5989=VECTOR('',#7680,1000.0);
#5990=CARTESIAN_POINT('',(-4.2,3.5,0.949999999999998));
#5991=CARTESIAN_POINT('',(-4.2,3.5,-0.950000000000002));
#5992=VECTOR('',#7681,1000.0);
#5993=CARTESIAN_POINT('',(-4.05,3.5,0.949999999999998));
#5994=CARTESIAN_POINT('',(-4.87533950686232,3.5,0.949999999999998));
#5995=VECTOR('',#7682,1000.0);
#5996=CARTESIAN_POINT('',(-3.95,3.5,1.05));
#5997=AXIS2_PLACEMENT_3D('',#7683,#7684,#7685);
#5998=CARTESIAN_POINT('',(-3.95,3.5,1.35));
#5999=CARTESIAN_POINT('',(-3.95,3.5,0.949999999999998));
#6000=VECTOR('',#7686,1000.0);
#6001=CARTESIAN_POINT('',(-3.85,3.5,1.45));
#6002=AXIS2_PLACEMENT_3D('',#7687,#7688,#7689);
#6003=CARTESIAN_POINT('',(-3.62,3.5,1.45));
#6004=CARTESIAN_POINT('',(-3.95,3.5,1.45));
#6005=VECTOR('',#7690,1000.0);
#6006=CARTESIAN_POINT('',(-3.52,3.5,1.55));
#6007=AXIS2_PLACEMENT_3D('',#7691,#7692,#7693);
#6008=CARTESIAN_POINT('',(-3.52,3.5,1.65));
#6009=CARTESIAN_POINT('',(-3.52,3.5,1.45));
#6010=VECTOR('',#7694,1000.0);
#6011=AXIS2_PLACEMENT_3D('',#7695,#7696,#7697);
#6012=CARTESIAN_POINT('',(-1.8,3.5,-0.800000000000003));
#6013=CARTESIAN_POINT('',(-1.8,3.5,0.799999999999998));
#6014=CARTESIAN_POINT('',(-1.8,3.5,-0.800000000000003));
#6015=VECTOR('',#7698,1000.0);
#6016=CARTESIAN_POINT('',(1.8,3.5,-0.800000000000003));
#6017=CARTESIAN_POINT('',(-1.8,3.5,-0.800000000000003));
#6018=VECTOR('',#7699,1000.0);
#6019=CARTESIAN_POINT('',(1.8,3.5,0.799999999999996));
#6020=CARTESIAN_POINT('',(1.8,3.5,-0.800000000000003));
#6021=VECTOR('',#7700,1000.0);
#6022=CARTESIAN_POINT('',(-1.8,3.5,0.799999999999997));
#6023=VECTOR('',#7701,1000.0);
#6024=CARTESIAN_POINT('',(1.0,2.5,-1.75));
#6025=CARTESIAN_POINT('',(0.4426288673203,2.5,-1.309079375824));
#6026=VECTOR('',#7702,1000.0);
#6027=CARTESIAN_POINT('',(1.0,3.2,-1.75));
#6028=CARTESIAN_POINT('',(1.0,2.5,-1.75));
#6029=VECTOR('',#7703,1000.0);
#6030=CARTESIAN_POINT('',(1.0,3.2,-1.75));
#6031=VECTOR('',#7704,1000.0);
#6032=CARTESIAN_POINT('',(0.875916771435799,2.5,-1.906854558075));
#6033=CARTESIAN_POINT('',(1.0,2.5,-1.75));
#6034=VECTOR('',#7705,1000.0);
#6035=CARTESIAN_POINT('',(0.875916771435799,3.2,-1.906854558075));
#6036=CARTESIAN_POINT('',(0.875916771435799,2.5,-1.906854558075));
#6037=VECTOR('',#7706,1000.0);
#6038=CARTESIAN_POINT('',(0.875916771435799,3.2,-1.906854558075));
#6039=VECTOR('',#7707,1000.0);
#6040=CARTESIAN_POINT('',(0.5667120958863,3.2,-1.662251437196));
#6041=CARTESIAN_POINT('',(0.5667120958851,3.2,-1.662251437195));
#6042=VECTOR('',#7708,1000.0);
#6043=CARTESIAN_POINT('',(0.5667120958851,2.5,-1.662251437195));
#6044=CARTESIAN_POINT('',(0.875916771435799,2.5,-1.906854558075));
#6045=VECTOR('',#7709,1000.0);
#6046=CARTESIAN_POINT('',(0.5667120958851,2.5,-1.662251437195));
#6047=VECTOR('',#7710,1000.0);
#6048=CARTESIAN_POINT('',(0.1944624101915,3.2,-1.662251437195));
#6049=AXIS2_PLACEMENT_3D('',#7711,#7712,#7713);
#6050=CARTESIAN_POINT('',(0.1944624101922,2.5,-1.662251437194));
#6051=AXIS2_PLACEMENT_3D('',#7714,#7715,#7716);
#6052=CARTESIAN_POINT('',(0.1944624101915,3.2,-1.662251437195));
#6053=VECTOR('',#7717,1000.0);
#6054=CARTESIAN_POINT('',(0.0937057368429495,3.2,-1.741957207189));
#6055=CARTESIAN_POINT('',(0.0937057368435795,3.2,-1.741957207188));
#6056=VECTOR('',#7718,1000.0);
#6057=CARTESIAN_POINT('',(0.0937057368436195,2.5,-1.741957207188));
#6058=CARTESIAN_POINT('',(0.1944624101915,2.5,-1.662251437195));
#6059=VECTOR('',#7719,1000.0);
#6060=CARTESIAN_POINT('',(0.0937057368436195,2.5,-1.741957207188));
#6061=VECTOR('',#7720,1000.0);
#6062=CARTESIAN_POINT('',(-0.0303878840391504,3.2,-1.585110870184));
#6063=CARTESIAN_POINT('',(-0.0875105508441304,3.2,-1.606562537654));
#6064=AXIS2_PLACEMENT_3D('',#7721,#7722,#7723);
#6065=CARTESIAN_POINT('',(-0.0875105508415705,2.5,-1.606562537654));
#6066=CARTESIAN_POINT('',(-0.0875105508415705,2.5,-1.606562537654));
#6067=VECTOR('',#7724,1000.0);
#6068=CARTESIAN_POINT('',(-0.0303878840421504,2.5,-1.585110870186));
#6069=AXIS2_PLACEMENT_3D('',#7725,#7726,#7727);
#6070=CARTESIAN_POINT('',(-0.0303878840391504,3.2,-1.585110870184));
#6071=VECTOR('',#7728,1000.0);
#6072=CARTESIAN_POINT('',(0.3185456387545,3.2,-1.309079375825));
#6073=VECTOR('',#7729,1000.0);
#6074=CARTESIAN_POINT('',(-0.0303878840392704,2.5,-1.585110870184));
#6075=VECTOR('',#7730,1000.0);
#6076=CARTESIAN_POINT('',(-0.0776862692381305,3.2,-1.806313390895));
#6077=CARTESIAN_POINT('',(-0.0776862692388005,2.5,-1.806313390895));
#6078=CARTESIAN_POINT('',(-0.0776862692381305,3.2,-1.806313390895));
#6079=VECTOR('',#7731,1000.0);
#6080=AXIS2_PLACEMENT_3D('',#7732,#7733,#7734);
#6081=AXIS2_PLACEMENT_3D('',#7735,#7736,#7737);
#6082=CARTESIAN_POINT('',(4.5,2.4,1.6));
#6083=CARTESIAN_POINT('',(4.5,2.25,1.75));
#6084=AXIS2_PLACEMENT_3D('',#7738,#7739,#7740);
#6085=CARTESIAN_POINT('',(4.3,2.4,1.6));
#6086=CARTESIAN_POINT('',(4.5,2.4,1.6));
#6087=VECTOR('',#7741,1000.0);
#6088=CARTESIAN_POINT('',(4.3,2.25,1.75));
#6089=AXIS2_PLACEMENT_3D('',#7742,#7743,#7744);
#6090=CARTESIAN_POINT('',(4.3,2.25,1.75));
#6091=VECTOR('',#7745,1000.0);
#6092=CARTESIAN_POINT('',(4.3,2.4,1.159149157617));
#6093=CARTESIAN_POINT('',(4.3,2.4,1.75));
#6094=VECTOR('',#7746,1000.0);
#6095=CARTESIAN_POINT('',(4.5,2.4,1.159149157617));
#6096=CARTESIAN_POINT('',(4.5,2.4,1.75));
#6097=VECTOR('',#7747,1000.0);
#6098=CARTESIAN_POINT('',(4.5,2.4,1.159149157617));
#6099=VECTOR('',#7748,1000.0);
#6100=CARTESIAN_POINT('',(4.5,2.3816220807737,1.024835452764));
#6101=AXIS2_PLACEMENT_3D('',#7749,#7750,#7751);
#6102=CARTESIAN_POINT('',(4.3,2.3816220807737,1.024835452764));
#6103=CARTESIAN_POINT('',(4.3,2.3816220807737,1.024835452764));
#6104=VECTOR('',#7752,1000.0);
#6105=AXIS2_PLACEMENT_3D('',#7753,#7754,#7755);
#6106=CARTESIAN_POINT('',(4.5,2.3537462678927,0.924878363367596));
#6107=CARTESIAN_POINT('',(4.5,2.3816220807737,1.024835452764));
#6108=VECTOR('',#7756,1000.0);
#6109=CARTESIAN_POINT('',(4.3,2.3537462678927,0.924878363367596));
#6110=CARTESIAN_POINT('',(4.5,2.3537462678927,0.924878363367596));
#6111=VECTOR('',#7757,1000.0);
#6112=CARTESIAN_POINT('',(4.3,2.3537462678927,0.924878363367596));
#6113=VECTOR('',#7758,1000.0);
#6114=CARTESIAN_POINT('',(4.5,2.4921259672746,0.807288817357596));
#6115=AXIS2_PLACEMENT_3D('',#7759,#7760,#7761);
#6116=CARTESIAN_POINT('',(4.3,2.4921259672746,0.807288817357596));
#6117=CARTESIAN_POINT('',(4.3,2.4921259672746,0.807288817357596));
#6118=VECTOR('',#7762,1000.0);
#6119=AXIS2_PLACEMENT_3D('',#7763,#7764,#7765);
#6120=CARTESIAN_POINT('',(4.3,2.6999736434154,0.903634025197796));
#6121=CARTESIAN_POINT('',(4.3,2.6999736434153,0.903634025197796));
#6122=VECTOR('',#7766,1000.0);
#6123=CARTESIAN_POINT('',(4.5,2.6999736434153,0.903634025197696));
#6124=CARTESIAN_POINT('',(4.5,2.4921259672746,0.807288817357696));
#6125=VECTOR('',#7767,1000.0);
#6126=CARTESIAN_POINT('',(4.5,2.6999736434153,0.903634025197696));
#6127=VECTOR('',#7768,1000.0);
#6128=CARTESIAN_POINT('',(4.5,2.699973643415,-0.903634025197704));
#6129=CARTESIAN_POINT('',(4.5,2.4921259672745,-0.807288817357604));
#6130=CARTESIAN_POINT('',(4.5,2.699973643415,-0.903634025197704));
#6131=VECTOR('',#7769,1000.0);
#6132=CARTESIAN_POINT('',(4.3,2.4921259672744,-0.807288817357504));
#6133=CARTESIAN_POINT('',(4.5,2.4921259672745,-0.807288817357604));
#6134=VECTOR('',#7770,1000.0);
#6135=CARTESIAN_POINT('',(4.3,2.699973643415,-0.903634025197704));
#6136=CARTESIAN_POINT('',(4.3,2.4921259672745,-0.807288817357604));
#6137=VECTOR('',#7771,1000.0);
#6138=CARTESIAN_POINT('',(4.3,2.699973643415,-0.903634025197704));
#6139=VECTOR('',#7772,1000.0);
#6140=CARTESIAN_POINT('',(4.5,2.3537462678927,-0.924878363367804));
#6141=AXIS2_PLACEMENT_3D('',#7773,#7774,#7775);
#6142=CARTESIAN_POINT('',(4.3,2.3537462678927,-0.924878363367804));
#6143=CARTESIAN_POINT('',(4.3,2.3537462678927,-0.924878363367804));
#6144=VECTOR('',#7776,1000.0);
#6145=AXIS2_PLACEMENT_3D('',#7777,#7778,#7779);
#6146=CARTESIAN_POINT('',(4.3,2.3816220807736,-1.024835452764));
#6147=CARTESIAN_POINT('',(4.3,2.3816220807738,-1.024835452765));
#6148=VECTOR('',#7780,1000.0);
#6149=CARTESIAN_POINT('',(4.5,2.3816220807738,-1.024835452765));
#6150=CARTESIAN_POINT('',(4.5,2.3537462678927,-0.924878363367804));
#6151=VECTOR('',#7781,1000.0);
#6152=CARTESIAN_POINT('',(4.5,2.3816220807738,-1.024835452765));
#6153=VECTOR('',#7782,1000.0);
#6154=CARTESIAN_POINT('',(4.3,2.4,-1.159149157617));
#6155=AXIS2_PLACEMENT_3D('',#7783,#7784,#7785);
#6156=CARTESIAN_POINT('',(4.5,2.4,-1.159149157617));
#6157=AXIS2_PLACEMENT_3D('',#7786,#7787,#7788);
#6158=CARTESIAN_POINT('',(4.3,2.4,-1.159149157617));
#6159=VECTOR('',#7789,1000.0);
#6160=CARTESIAN_POINT('',(4.5,2.4,-1.6));
#6161=CARTESIAN_POINT('',(4.5,2.4,-0.950000000000004));
#6162=VECTOR('',#7790,1000.0);
#6163=CARTESIAN_POINT('',(4.3,2.4,-1.6));
#6164=CARTESIAN_POINT('',(4.3,2.4,-1.6));
#6165=VECTOR('',#7791,1000.0);
#6166=CARTESIAN_POINT('',(4.3,2.4,-1.75));
#6167=VECTOR('',#7792,1000.0);
#6168=CARTESIAN_POINT('',(4.5,2.25,-1.75));
#6169=AXIS2_PLACEMENT_3D('',#7793,#7794,#7795);
#6170=CARTESIAN_POINT('',(4.3,2.25,-1.75));
#6171=CARTESIAN_POINT('',(4.5,2.25,-1.75));
#6172=VECTOR('',#7796,1000.0);
#6173=AXIS2_PLACEMENT_3D('',#7797,#7798,#7799);
#6174=CARTESIAN_POINT('',(4.5,1.65,-1.75));
#6175=CARTESIAN_POINT('',(4.5,2.7176345955169,-1.75));
#6176=VECTOR('',#7800,1000.0);
#6177=CARTESIAN_POINT('',(4.3,1.65,-1.75));
#6178=CARTESIAN_POINT('',(4.3,1.65,-1.75));
#6179=VECTOR('',#7801,1000.0);
#6180=CARTESIAN_POINT('',(4.3,2.4,-1.75));
#6181=VECTOR('',#7802,1000.0);
#6182=CARTESIAN_POINT('',(4.3,1.5,-1.6));
#6183=AXIS2_PLACEMENT_3D('',#7803,#7804,#7805);
#6184=CARTESIAN_POINT('',(4.5,1.5,-1.6));
#6185=AXIS2_PLACEMENT_3D('',#7806,#7807,#7808);
#6186=CARTESIAN_POINT('',(4.5,1.5,-1.6));
#6187=VECTOR('',#7809,1000.0);
#6188=CARTESIAN_POINT('',(4.5,1.5,1.6));
#6189=CARTESIAN_POINT('',(4.5,1.5,-1.75));
#6190=VECTOR('',#7810,1000.0);
#6191=CARTESIAN_POINT('',(4.3,1.5,1.6));
#6192=CARTESIAN_POINT('',(4.3,1.5,1.6));
#6193=VECTOR('',#7811,1000.0);
#6194=CARTESIAN_POINT('',(4.3,1.5,1.75));
#6195=VECTOR('',#7812,1000.0);
#6196=CARTESIAN_POINT('',(4.5,1.65,1.75));
#6197=AXIS2_PLACEMENT_3D('',#7813,#7814,#7815);
#6198=CARTESIAN_POINT('',(4.3,1.65,1.75));
#6199=CARTESIAN_POINT('',(4.5,1.65,1.75));
#6200=VECTOR('',#7816,1000.0);
#6201=AXIS2_PLACEMENT_3D('',#7817,#7818,#7819);
#6202=CARTESIAN_POINT('',(4.3,2.4,1.75));
#6203=VECTOR('',#7820,1000.0);
#6204=CARTESIAN_POINT('',(4.5,1.5,1.75));
#6205=VECTOR('',#7821,1000.0);
#6206=CARTESIAN_POINT('',(-1.99999999999996,3.2,-1.90083121719858));
#6207=CARTESIAN_POINT('',(-2.0,3.2,-1.900831217199));
#6208=VECTOR('',#7822,1000.0);
#6209=CARTESIAN_POINT('',(-2.0,3.2,-1.7007509074798));
#6210=CARTESIAN_POINT('',(-2.0,3.2,-1.70075090748));
#6211=VECTOR('',#7823,1000.0);
#6212=CARTESIAN_POINT('',(-0.0875105508430604,3.2,-1.606562537654));
#6213=VECTOR('',#7824,1000.0);
#6214=CARTESIAN_POINT('',(-3.0,3.2,-1.75000000000016));
#6215=CARTESIAN_POINT('',(-2.0,3.2,-1.70075090748));
#6216=VECTOR('',#7825,1000.0);
#6217=CARTESIAN_POINT('',(-3.0,2.5,-1.75));
#6218=CARTESIAN_POINT('',(-3.0,2.5,-1.75));
#6219=VECTOR('',#7826,1000.0);
#6220=CARTESIAN_POINT('',(-3.0,2.5,-1.75));
#6221=VECTOR('',#7827,1000.0);
#6222=CARTESIAN_POINT('',(-3.0,2.5,-1.95));
#6223=CARTESIAN_POINT('',(-3.0,2.5,-1.75));
#6224=VECTOR('',#7828,1000.0);
#6225=CARTESIAN_POINT('',(-0.0776862692381305,2.5,-1.806313390895));
#6226=VECTOR('',#7829,1000.0);
#6227=CARTESIAN_POINT('',(-3.0,3.20000000000006,-1.94999999999978));
#6228=CARTESIAN_POINT('',(-3.0,2.5,-1.95));
#6229=VECTOR('',#7830,1000.0);
#6230=CARTESIAN_POINT('',(-3.0,3.2,-1.95));
#6231=VECTOR('',#7831,1000.0);
#6232=CARTESIAN_POINT('',(4.3,2.910250059551,0.949999999999996));
#6233=AXIS2_PLACEMENT_3D('',#7832,#7833,#7834);
#6234=CARTESIAN_POINT('',(4.5,2.910250059551,0.949999999999996));
#6235=AXIS2_PLACEMENT_3D('',#7835,#7836,#7837);
#6236=CARTESIAN_POINT('',(4.3,2.910250059551,0.949999999999996));
#6237=VECTOR('',#7838,1000.0);
#6238=CARTESIAN_POINT('',(4.3,3.2,0.949999999999996));
#6239=CARTESIAN_POINT('',(4.3,3.2,0.949999999999996));
#6240=VECTOR('',#7839,1000.0);
#6241=CARTESIAN_POINT('',(4.3,3.2,-0.950000000000005));
#6242=CARTESIAN_POINT('',(4.3,3.2,0.949999999999996));
#6243=VECTOR('',#7840,1000.0);
#6244=CARTESIAN_POINT('',(4.3,2.910250059551,-0.950000000000004));
#6245=CARTESIAN_POINT('',(4.3,3.2,-0.950000000000004));
#6246=VECTOR('',#7841,1000.0);
#6247=AXIS2_PLACEMENT_3D('',#7842,#7843,#7844);
#6248=CARTESIAN_POINT('',(4.5,2.910250059551,-0.950000000000004));
#6249=CARTESIAN_POINT('',(4.426141111456,2.910250059551,-0.950000000000004));
#6250=VECTOR('',#7845,1000.0);
#6251=AXIS2_PLACEMENT_3D('',#7846,#7847,#7848);
#6252=CARTESIAN_POINT('',(4.5,3.2,-0.950000000000004));
#6253=CARTESIAN_POINT('',(4.5,3.2,-0.950000000000004));
#6254=VECTOR('',#7849,1000.0);
#6255=CARTESIAN_POINT('',(4.5,3.2,0.949999999999996));
#6256=CARTESIAN_POINT('',(4.5,3.2,-0.950000000000004));
#6257=VECTOR('',#7850,1000.0);
#6258=CARTESIAN_POINT('',(4.5,2.910250059551,0.949999999999996));
#6259=VECTOR('',#7851,1000.0);
#6260=CARTESIAN_POINT('',(-3.0,3.48275727731411,-1.75));
#6262=CARTESIAN_POINT('',(-3.0,3.48275727731411,-1.75));
#6263=CARTESIAN_POINT('',(-3.0,3.49419642639613,-1.71769385994103));
#6264=CARTESIAN_POINT('',(-3.0,3.50000000000002,-1.68391377302141));
#6265=CARTESIAN_POINT('',(-3.0,3.5,-1.64963758352857));
#6272=CARTESIAN_POINT('',(-3.0,3.5,-1.75));
#6273=VECTOR('',#7852,1000.0);
#6274=CARTESIAN_POINT('',(-2.0,3.46018137117495,-1.75));
#6276=CARTESIAN_POINT('',(-2.0,3.5,-1.60046880072717));
#6277=CARTESIAN_POINT('',(-2.0,3.50000000000003,-1.65324105150534));
#6278=CARTESIAN_POINT('',(-2.0,3.48642159344561,-1.70423214477514));
#6279=CARTESIAN_POINT('',(-2.0,3.46018137117495,-1.75));
#6287=CARTESIAN_POINT('',(-2.0,3.46018137117495,-1.75));
#6288=CARTESIAN_POINT('',(-2.0,3.40537194422075,-1.84559789135608));
#6289=CARTESIAN_POINT('',(-2.0,3.31009536474939,-1.90083121719817));
#6290=CARTESIAN_POINT('',(-1.99999999999996,3.2,-1.90083121719858));
#6298=CARTESIAN_POINT('',(-3.0,3.20000000000006,-1.94999999999978));
#6299=CARTESIAN_POINT('',(-3.0,3.33146117043153,-1.94999999999954));
#6300=CARTESIAN_POINT('',(-3.0,3.43883114004421,-1.87405502653515));
#6301=CARTESIAN_POINT('',(-3.0,3.48275727731411,-1.75));
#6308=CARTESIAN_POINT('',(-2.0,3.460181371175,-1.75));
#6309=VECTOR('',#7853,1000.0);
#6310=AXIS2_PLACEMENT_3D('',#7854,#7855,#7856);
#6311=AXIS2_PLACEMENT_3D('',#7857,#7858,#7859);
#6312=CARTESIAN_POINT('',(3.42,3.3,-1.75));
#6313=CARTESIAN_POINT('',(3.42,3.3,-1.75));
#6314=VECTOR('',#7860,1000.0);
#6315=CARTESIAN_POINT('',(-2.0,3.3,-1.75));
#6316=CARTESIAN_POINT('',(1.1,3.3,-1.75));
#6317=VECTOR('',#7861,1000.0);
#6318=CARTESIAN_POINT('',(-2.0,3.3,-1.75));
#6319=VECTOR('',#7862,1000.0);
#6320=CARTESIAN_POINT('',(-2.0,3.3,-1.60062970727118));
#6321=CARTESIAN_POINT('',(-2.0,3.3,-1.75));
#6322=VECTOR('',#7863,1000.0);
#6324=CARTESIAN_POINT('',(-2.0,3.2,-1.7007509074798));
#6325=CARTESIAN_POINT('',(-2.0,3.25857864376277,-1.7007509074796));
#6326=CARTESIAN_POINT('',(-2.0,3.3000000000001,-1.65927934847218));
#6327=CARTESIAN_POINT('',(-2.0,3.3,-1.60062970727118));
#6334=CARTESIAN_POINT('',(-3.0,3.3,-1.64987879979174));
#6336=CARTESIAN_POINT('',(-3.0,3.3,-1.64987879979174));
#6337=CARTESIAN_POINT('',(-3.0,3.30000000000005,-1.70852844099271));
#6338=CARTESIAN_POINT('',(-3.0,3.25857864376273,-1.75000000000008));
#6339=CARTESIAN_POINT('',(-3.0,3.2,-1.75000000000016));
#6346=CARTESIAN_POINT('',(-2.0,3.3,-1.600629707271));
#6347=VECTOR('',#7864,1000.0);
#6348=CARTESIAN_POINT('',(-3.0,3.3,-1.75));
#6349=CARTESIAN_POINT('',(-3.0,3.3,-1.75));
#6350=VECTOR('',#7865,1000.0);
#6351=CARTESIAN_POINT('',(-3.0,3.482757277314,-1.75));
#6352=VECTOR('',#7866,1000.0);
#6353=CARTESIAN_POINT('',(-3.42,3.3,-1.75));
#6354=CARTESIAN_POINT('',(-3.1,3.3,-1.75));
#6355=VECTOR('',#7867,1000.0);
#6356=CARTESIAN_POINT('',(-3.42,3.5,-1.75));
#6357=VECTOR('',#7868,1000.0);
#6358=CARTESIAN_POINT('',(-3.52,3.3,-1.65));
#6359=CARTESIAN_POINT('',(-3.52,3.3,-1.55));
#6360=CARTESIAN_POINT('',(-3.52,3.3,-1.45));
#6361=VECTOR('',#7869,1000.0);
#6362=CARTESIAN_POINT('',(-3.52,3.5,-1.55));
#6363=VECTOR('',#7870,1000.0);
#6364=CARTESIAN_POINT('',(-3.52,3.3,-1.65));
#6365=VECTOR('',#7871,1000.0);
#6366=CARTESIAN_POINT('',(-3.85,3.3,-1.45));
#6367=CARTESIAN_POINT('',(-3.62,3.3,-1.45));
#6368=CARTESIAN_POINT('',(-3.7,3.3,-1.45));
#6369=VECTOR('',#7872,1000.0);
#6370=CARTESIAN_POINT('',(-3.85,3.5,-1.45));
#6371=VECTOR('',#7873,1000.0);
#6372=CARTESIAN_POINT('',(-3.62,3.3,-1.45));
#6373=VECTOR('',#7874,1000.0);
#6374=CARTESIAN_POINT('',(-3.95,3.3,1.05));
#6375=CARTESIAN_POINT('',(-3.95,3.3,1.05));
#6376=VECTOR('',#7875,1000.0);
#6377=CARTESIAN_POINT('',(-3.95,3.3,1.35));
#6378=CARTESIAN_POINT('',(-3.95,3.3,1.45));
#6379=VECTOR('',#7876,1000.0);
#6380=CARTESIAN_POINT('',(-3.95,3.29,1.35));
#6381=VECTOR('',#7877,1000.0);
#6382=CARTESIAN_POINT('',(-3.85,3.3,1.45));
#6383=CARTESIAN_POINT('',(-3.85,3.29,1.45));
#6384=VECTOR('',#7878,1000.0);
#6385=CARTESIAN_POINT('',(-3.62,3.3,1.45));
#6386=CARTESIAN_POINT('',(4.19262436659355E-16,3.3,1.45));
#6387=VECTOR('',#7879,1000.0);
#6388=CARTESIAN_POINT('',(-3.62,3.5,1.45));
#6389=VECTOR('',#7880,1000.0);
#6390=CARTESIAN_POINT('',(-3.52,3.3,1.65));
#6391=CARTESIAN_POINT('',(-3.52,3.3,1.55));
#6392=CARTESIAN_POINT('',(-3.52,3.3,1.75));
#6393=VECTOR('',#7881,1000.0);
#6394=CARTESIAN_POINT('',(-3.52,3.5,1.65));
#6395=VECTOR('',#7882,1000.0);
#6396=CARTESIAN_POINT('',(-3.52,3.3,1.55));
#6397=VECTOR('',#7883,1000.0);
#6398=CARTESIAN_POINT('',(3.42,3.3,1.75));
#6399=CARTESIAN_POINT('',(-3.42,3.3,1.75));
#6400=CARTESIAN_POINT('',(3.52,3.3,1.75));
#6401=VECTOR('',#7884,1000.0);
#6402=CARTESIAN_POINT('',(3.42,3.5,1.75));
#6403=VECTOR('',#7885,1000.0);
#6404=CARTESIAN_POINT('',(-3.42,3.3,1.75));
#6405=VECTOR('',#7886,1000.0);
#6406=CARTESIAN_POINT('',(3.52,3.3,1.65));
#6407=CARTESIAN_POINT('',(3.52,3.3,1.65));
#6408=VECTOR('',#7887,1000.0);
#6409=CARTESIAN_POINT('',(3.52,3.3,1.55));
#6410=CARTESIAN_POINT('',(3.52,3.3,1.75));
#6411=VECTOR('',#7888,1000.0);
#6412=CARTESIAN_POINT('',(3.52,3.5,1.55));
#6413=VECTOR('',#7889,1000.0);
#6414=CARTESIAN_POINT('',(3.62,3.3,1.45));
#6415=CARTESIAN_POINT('',(3.62,3.3,1.45));
#6416=VECTOR('',#7890,1000.0);
#6417=CARTESIAN_POINT('',(3.85,3.3,1.45));
#6418=CARTESIAN_POINT('',(3.7,3.3,1.45));
#6419=VECTOR('',#7891,1000.0);
#6420=CARTESIAN_POINT('',(3.85,3.5,1.45));
#6421=VECTOR('',#7892,1000.0);
#6422=CARTESIAN_POINT('',(3.95,3.3,1.05));
#6423=CARTESIAN_POINT('',(3.95,3.3,1.35));
#6424=CARTESIAN_POINT('',(3.95,3.3,0.949999999999996));
#6425=VECTOR('',#7893,1000.0);
#6426=CARTESIAN_POINT('',(3.95,3.29,1.05));
#6427=VECTOR('',#7894,1000.0);
#6428=CARTESIAN_POINT('',(3.95,3.3,1.35));
#6429=VECTOR('',#7895,1000.0);
#6430=CARTESIAN_POINT('',(4.05,3.3,0.949999999999996));
#6431=CARTESIAN_POINT('',(4.05,3.3,0.949999999999996));
#6432=VECTOR('',#7896,1000.0);
#6433=CARTESIAN_POINT('',(4.2,3.3,0.949999999999996));
#6434=CARTESIAN_POINT('',(4.2,3.3,0.949999999999996));
#6435=VECTOR('',#7897,1000.0);
#6436=AXIS2_PLACEMENT_3D('',#7898,#7899,#7900);
#6437=CARTESIAN_POINT('',(4.2,3.3,-0.950000000000004));
#6438=AXIS2_PLACEMENT_3D('',#7901,#7902,#7903);
#6439=CARTESIAN_POINT('',(4.2,3.3,-0.950000000000004));
#6440=VECTOR('',#7904,1000.0);
#6441=CARTESIAN_POINT('',(4.05,3.3,-0.950000000000004));
#6442=CARTESIAN_POINT('',(4.2,3.3,-0.950000000000004));
#6443=VECTOR('',#7905,1000.0);
#6444=CARTESIAN_POINT('',(4.05,3.5,-0.950000000000004));
#6445=VECTOR('',#7906,1000.0);
#6446=CARTESIAN_POINT('',(3.95,3.3,-1.05));
#6447=CARTESIAN_POINT('',(3.95,3.3,-1.05));
#6448=VECTOR('',#7907,1000.0);
#6449=CARTESIAN_POINT('',(3.95,3.3,-1.35));
#6450=CARTESIAN_POINT('',(3.95,3.3,-1.45));
#6451=VECTOR('',#7908,1000.0);
#6452=CARTESIAN_POINT('',(3.95,3.29,-1.35));
#6453=VECTOR('',#7909,1000.0);
#6454=CARTESIAN_POINT('',(3.85,3.3,-1.45));
#6455=CARTESIAN_POINT('',(3.62,3.3,-1.45));
#6456=CARTESIAN_POINT('',(-3.85649256193884E-16,3.3,-1.45));
#6457=VECTOR('',#7910,1000.0);
#6458=CARTESIAN_POINT('',(3.62,3.5,-1.45));
#6459=VECTOR('',#7911,1000.0);
#6460=CARTESIAN_POINT('',(3.85,3.29,-1.45));
#6461=VECTOR('',#7912,1000.0);
#6462=CARTESIAN_POINT('',(3.52,3.3,-1.65));
#6463=CARTESIAN_POINT('',(3.52,3.3,-1.55));
#6464=CARTESIAN_POINT('',(3.52,3.3,-1.75));
#6465=VECTOR('',#7913,1000.0);
#6466=CARTESIAN_POINT('',(3.52,3.5,-1.65));
#6467=VECTOR('',#7914,1000.0);
#6468=CARTESIAN_POINT('',(3.52,3.3,-1.55));
#6469=VECTOR('',#7915,1000.0);
#6470=CARTESIAN_POINT('',(-3.95,3.3,-1.05));
#6471=CARTESIAN_POINT('',(-3.95,3.3,-1.35));
#6472=CARTESIAN_POINT('',(-3.95,3.3,-0.950000000000002));
#6473=VECTOR('',#7916,1000.0);
#6474=CARTESIAN_POINT('',(-3.95,3.29,-1.05));
#6475=VECTOR('',#7917,1000.0);
#6476=CARTESIAN_POINT('',(-3.95,3.3,-1.35));
#6477=VECTOR('',#7918,1000.0);
#6478=CARTESIAN_POINT('',(-4.5,3.2,-0.950000000000002));
#6479=AXIS2_PLACEMENT_3D('',#7919,#7920,#7921);
#6480=CARTESIAN_POINT('',(-4.5,3.2,0.949999999999998));
#6481=CARTESIAN_POINT('',(-4.5,3.2,0.949999999999998));
#6482=VECTOR('',#7922,1000.0);
#6483=AXIS2_PLACEMENT_3D('',#7923,#7924,#7925);
#6484=CARTESIAN_POINT('',(-4.5,2.910250059551,0.949999999999998));
#6485=CARTESIAN_POINT('',(-4.3,2.910250059551,0.949999999999998));
#6486=CARTESIAN_POINT('',(-4.426141111456,2.910250059551,0.949999999999998));
#6487=VECTOR('',#7926,1000.0);
#6488=CARTESIAN_POINT('',(-4.3,3.2,0.949999999999998));
#6489=CARTESIAN_POINT('',(-4.3,3.2,0.949999999999998));
#6490=VECTOR('',#7927,1000.0);
#6491=CARTESIAN_POINT('',(-4.2,3.3,0.949999999999998));
#6492=AXIS2_PLACEMENT_3D('',#7928,#7929,#7930);
#6493=CARTESIAN_POINT('',(-4.05,3.3,0.949999999999998));
#6494=CARTESIAN_POINT('',(-4.2,3.3,0.949999999999998));
#6495=VECTOR('',#7931,1000.0);
#6496=CARTESIAN_POINT('',(-4.05,3.5,0.949999999999998));
#6497=VECTOR('',#7932,1000.0);
#6498=CARTESIAN_POINT('',(-4.5,3.2,0.949999999999998));
#6499=VECTOR('',#7933,1000.0);
#6500=CARTESIAN_POINT('',(-4.5,2.25,-1.75));
#6501=CARTESIAN_POINT('',(-4.5,1.65,-1.75));
#6502=CARTESIAN_POINT('',(-4.5,2.7176345955169,-1.75));
#6503=VECTOR('',#7934,1000.0);
#6504=CARTESIAN_POINT('',(-4.5,1.5,-1.6));
#6505=AXIS2_PLACEMENT_3D('',#7935,#7936,#7937);
#6506=CARTESIAN_POINT('',(-4.5,1.5,1.6));
#6507=CARTESIAN_POINT('',(-4.5,1.5,1.75));
#6508=VECTOR('',#7938,1000.0);
#6509=CARTESIAN_POINT('',(-4.5,1.65,1.75));
#6510=AXIS2_PLACEMENT_3D('',#7939,#7940,#7941);
#6511=CARTESIAN_POINT('',(-4.5,2.25,1.75));
#6512=CARTESIAN_POINT('',(-4.5,2.7176345955169,1.75));
#6513=VECTOR('',#7942,1000.0);
#6514=CARTESIAN_POINT('',(-4.5,2.4,1.6));
#6515=AXIS2_PLACEMENT_3D('',#7943,#7944,#7945);
#6516=CARTESIAN_POINT('',(-4.5,2.4,1.159149157617));
#6517=CARTESIAN_POINT('',(-4.5,2.4,1.75));
#6518=VECTOR('',#7946,1000.0);
#6519=CARTESIAN_POINT('',(-4.5,2.381622080773,1.024835452762));
#6520=AXIS2_PLACEMENT_3D('',#7947,#7948,#7949);
#6521=CARTESIAN_POINT('',(-4.5,2.3537462678928,0.924878363367698));
#6522=CARTESIAN_POINT('',(-4.5,2.3537462678927,0.924878363367598));
#6523=VECTOR('',#7950,1000.0);
#6524=CARTESIAN_POINT('',(-4.5,2.4921259672746,0.807288817357598));
#6525=AXIS2_PLACEMENT_3D('',#7951,#7952,#7953);
#6526=CARTESIAN_POINT('',(-4.5,2.6999736434153,0.903634025197698));
#6527=CARTESIAN_POINT('',(-4.5,2.6999736434153,0.903634025197698));
#6528=VECTOR('',#7954,1000.0);
#6529=AXIS2_PLACEMENT_3D('',#7955,#7956,#7957);
#6530=CARTESIAN_POINT('',(-4.5,2.910250059551,-0.950000000000002));
#6531=CARTESIAN_POINT('',(-4.5,2.910250059551,-0.950000000000002));
#6532=VECTOR('',#7958,1000.0);
#6533=CARTESIAN_POINT('',(-4.5,2.699973643415,-0.903634025197702));
#6534=AXIS2_PLACEMENT_3D('',#7959,#7960,#7961);
#6535=CARTESIAN_POINT('',(-4.5,2.4921259672744,-0.807288817357502));
#6536=CARTESIAN_POINT('',(-4.5,2.4921259672745,-0.807288817357602));
#6537=VECTOR('',#7962,1000.0);
#6538=CARTESIAN_POINT('',(-4.5,2.3537462678927,-0.924878363367802));
#6539=AXIS2_PLACEMENT_3D('',#7963,#7964,#7965);
#6540=CARTESIAN_POINT('',(-4.5,2.3816220807736,-1.024835452764));
#6541=CARTESIAN_POINT('',(-4.5,2.3816220807738,-1.024835452765));
#6542=VECTOR('',#7966,1000.0);
#6543=CARTESIAN_POINT('',(-4.5,2.4,-1.159149157617));
#6544=AXIS2_PLACEMENT_3D('',#7967,#7968,#7969);
#6545=CARTESIAN_POINT('',(-4.5,2.4,-1.6));
#6546=CARTESIAN_POINT('',(-4.5,2.4,-1.75));
#6547=VECTOR('',#7970,1000.0);
#6548=AXIS2_PLACEMENT_3D('',#7971,#7972,#7973);
#6549=CARTESIAN_POINT('',(-4.3,1.65,1.75));
#6550=CARTESIAN_POINT('',(-4.3,1.5,1.6));
#6551=AXIS2_PLACEMENT_3D('',#7974,#7975,#7976);
#6552=CARTESIAN_POINT('',(-4.3,1.65,1.75));
#6553=VECTOR('',#7977,1000.0);
#6554=CARTESIAN_POINT('',(-4.5,1.5,1.6));
#6555=VECTOR('',#7978,1000.0);
#6556=CARTESIAN_POINT('',(-4.3,2.25,1.75));
#6557=CARTESIAN_POINT('',(-4.3,2.4,1.75));
#6558=VECTOR('',#7979,1000.0);
#6559=CARTESIAN_POINT('',(-4.5,2.25,1.75));
#6560=VECTOR('',#7980,1000.0);
#6561=CARTESIAN_POINT('',(-4.3,2.4,1.6));
#6562=AXIS2_PLACEMENT_3D('',#7981,#7982,#7983);
#6563=CARTESIAN_POINT('',(-4.3,2.4,1.6));
#6564=VECTOR('',#7984,1000.0);
#6565=CARTESIAN_POINT('',(-4.3,2.4,1.159149157617));
#6566=CARTESIAN_POINT('',(-4.3,2.4,1.75));
#6567=VECTOR('',#7985,1000.0);
#6568=CARTESIAN_POINT('',(-4.3,2.4,1.159149157617));
#6569=VECTOR('',#7986,1000.0);
#6570=CARTESIAN_POINT('',(-4.3,2.3816220807731,1.024835452762));
#6571=AXIS2_PLACEMENT_3D('',#7987,#7988,#7989);
#6572=CARTESIAN_POINT('',(-4.5,2.3816220807737,1.024835452764));
#6573=VECTOR('',#7990,1000.0);
#6574=CARTESIAN_POINT('',(-4.3,2.3537462678927,0.924878363367598));
#6575=CARTESIAN_POINT('',(-4.3,2.3816220807737,1.024835452764));
#6576=VECTOR('',#7991,1000.0);
#6577=CARTESIAN_POINT('',(-4.3,2.3537462678927,0.924878363367598));
#6578=VECTOR('',#7992,1000.0);
#6579=CARTESIAN_POINT('',(-4.3,2.4921259672746,0.807288817357598));
#6580=AXIS2_PLACEMENT_3D('',#7993,#7994,#7995);
#6581=CARTESIAN_POINT('',(-4.5,2.4921259672746,0.807288817357598));
#6582=VECTOR('',#7996,1000.0);
#6583=CARTESIAN_POINT('',(-4.3,2.6999736434154,0.903634025197798));
#6584=CARTESIAN_POINT('',(-4.3,2.4921259672746,0.807288817357698));
#6585=VECTOR('',#7997,1000.0);
#6586=CARTESIAN_POINT('',(-4.3,2.6999736434153,0.903634025197698));
#6587=VECTOR('',#7998,1000.0);
#6588=CARTESIAN_POINT('',(-4.3,2.910250059551,-0.950000000000002));
#6589=CARTESIAN_POINT('',(-4.3,2.6999736434147,-0.903634025197502));
#6590=AXIS2_PLACEMENT_3D('',#7999,#8000,#8001);
#6591=CARTESIAN_POINT('',(-4.5,2.699973643415,-0.903634025197702));
#6592=VECTOR('',#8002,1000.0);
#6593=CARTESIAN_POINT('',(-4.3,2.910250059551,-0.950000000000002));
#6594=VECTOR('',#8003,1000.0);
#6595=CARTESIAN_POINT('',(-4.3,2.4921259672745,-0.807288817357602));
#6596=CARTESIAN_POINT('',(-4.3,2.699973643415,-0.903634025197702));
#6597=VECTOR('',#8004,1000.0);
#6598=CARTESIAN_POINT('',(-4.3,2.4921259672745,-0.807288817357602));
#6599=VECTOR('',#8005,1000.0);
#6600=CARTESIAN_POINT('',(-4.3,2.3537462678929,-0.924878363368102));
#6601=AXIS2_PLACEMENT_3D('',#8006,#8007,#8008);
#6602=CARTESIAN_POINT('',(-4.5,2.3537462678927,-0.924878363367802));
#6603=VECTOR('',#8009,1000.0);
#6604=CARTESIAN_POINT('',(-4.3,2.3816220807738,-1.024835452765));
#6605=CARTESIAN_POINT('',(-4.3,2.3537462678927,-0.924878363367802));
#6606=VECTOR('',#8010,1000.0);
#6607=CARTESIAN_POINT('',(-4.3,2.3816220807738,-1.024835452765));
#6608=VECTOR('',#8011,1000.0);
#6609=CARTESIAN_POINT('',(-4.3,2.4,-1.159149157617));
#6610=AXIS2_PLACEMENT_3D('',#8012,#8013,#8014);
#6611=CARTESIAN_POINT('',(-4.5,2.4,-1.159149157617));
#6612=VECTOR('',#8015,1000.0);
#6613=CARTESIAN_POINT('',(-4.3,2.4,-1.6));
#6614=CARTESIAN_POINT('',(-4.3,2.4,-1.75));
#6615=VECTOR('',#8016,1000.0);
#6616=CARTESIAN_POINT('',(-4.5,2.4,-1.6));
#6617=VECTOR('',#8017,1000.0);
#6618=CARTESIAN_POINT('',(-4.3,2.25,-1.75));
#6619=AXIS2_PLACEMENT_3D('',#8018,#8019,#8020);
#6620=CARTESIAN_POINT('',(-4.3,2.25,-1.75));
#6621=VECTOR('',#8021,1000.0);
#6622=CARTESIAN_POINT('',(-4.3,1.65,-1.75));
#6623=CARTESIAN_POINT('',(-4.3,2.4,-1.75));
#6624=VECTOR('',#8022,1000.0);
#6625=CARTESIAN_POINT('',(-4.5,1.65,-1.75));
#6626=VECTOR('',#8023,1000.0);
#6627=CARTESIAN_POINT('',(-4.3,1.5,-1.6));
#6628=AXIS2_PLACEMENT_3D('',#8024,#8025,#8026);
#6629=CARTESIAN_POINT('',(-4.3,1.5,-1.6));
#6630=VECTOR('',#8027,1000.0);
#6631=CARTESIAN_POINT('',(-4.3,1.5,1.75));
#6632=VECTOR('',#8028,1000.0);
#6633=AXIS2_PLACEMENT_3D('',#8029,#8030,#8031);
#6634=AXIS2_PLACEMENT_3D('',#8032,#8033,#8034);
#6635=AXIS2_PLACEMENT_3D('',#8035,#8036,#8037);
#6636=AXIS2_PLACEMENT_3D('',#8038,#8039,#8040);
#6637=AXIS2_PLACEMENT_3D('',#8041,#8042,#8043);
#6638=CARTESIAN_POINT('',(-4.2,3.3,-0.950000000000002));
#6639=CARTESIAN_POINT('',(-4.2,3.3,0.949999999999998));
#6640=VECTOR('',#8044,1000.0);
#6641=CARTESIAN_POINT('',(-4.05,3.3,-0.950000000000002));
#6642=CARTESIAN_POINT('',(-4.2,3.3,-0.950000000000002));
#6643=VECTOR('',#8045,1000.0);
#6644=AXIS2_PLACEMENT_3D('',#8046,#8047,#8048);
#6645=AXIS2_PLACEMENT_3D('',#8049,#8050,#8051);
#6646=AXIS2_PLACEMENT_3D('',#8052,#8053,#8054);
#6647=AXIS2_PLACEMENT_3D('',#8055,#8056,#8057);
#6648=AXIS2_PLACEMENT_3D('',#8058,#8059,#8060);
#6649=AXIS2_PLACEMENT_3D('',#8061,#8062,#8063);
#6650=AXIS2_PLACEMENT_3D('',#8064,#8065,#8066);
#6651=AXIS2_PLACEMENT_3D('',#8067,#8068,#8069);
#6652=AXIS2_PLACEMENT_3D('',#8070,#8071,#8072);
#6653=AXIS2_PLACEMENT_3D('',#8073,#8074,#8075);
#6654=AXIS2_PLACEMENT_3D('',#8076,#8077,#8078);
#6655=CARTESIAN_POINT('',(-1.8,3.3,-0.800000000000003));
#6656=CARTESIAN_POINT('',(-1.8,3.3,0.799999999999997));
#6657=CARTESIAN_POINT('',(-1.8,3.3,-0.800000000000003));
#6658=VECTOR('',#8079,1000.0);
#6659=CARTESIAN_POINT('',(1.8,3.3,0.799999999999996));
#6660=CARTESIAN_POINT('',(-1.8,3.3,0.799999999999997));
#6661=VECTOR('',#8080,1000.0);
#6662=CARTESIAN_POINT('',(1.8,3.3,-0.800000000000003));
#6663=CARTESIAN_POINT('',(1.8,3.3,-0.800000000000003));
#6664=VECTOR('',#8081,1000.0);
#6665=CARTESIAN_POINT('',(-1.8,3.3,-0.800000000000003));
#6666=VECTOR('',#8082,1000.0);
#6667=CARTESIAN_POINT('',(-4.3,3.2,-0.950000000000002));
#6668=CARTESIAN_POINT('',(-4.3,3.2,-0.950000000000002));
#6669=VECTOR('',#8083,1000.0);
#6670=CARTESIAN_POINT('',(-4.05,2.8,-0.950000000000002));
#6671=VECTOR('',#8084,1000.0);
#6672=AXIS2_PLACEMENT_3D('',#8085,#8086,#8087);
#6673=CARTESIAN_POINT('',(-4.3,3.2,-0.950000000000002));
#6674=VECTOR('',#8088,1000.0);
#6675=AXIS2_PLACEMENT_3D('',#8089,#8090,#8091);
#6676=CARTESIAN_POINT('',(-4.5,2.7176345955169,0.959999999999998));
#6677=CARTESIAN_POINT('',(-3.29483225997875,5.01695566547438,0.959999999999998));
#6678=VECTOR('',#8092,1000.0);
#6679=CARTESIAN_POINT('',(-4.5,2.401,0.959999999999998));
#6680=CARTESIAN_POINT('',(-4.2,2.401,0.959999999999998));
#6681=VECTOR('',#8093,1000.0);
#6682=CARTESIAN_POINT('',(-4.5,2.4,0.959999999999998));
#6683=VECTOR('',#8094,1000.0);
#6684=CARTESIAN_POINT('',(-4.19999999999995,3.5,1.46));
#6685=CARTESIAN_POINT('',(-3.71,3.5,1.46));
#6686=CARTESIAN_POINT('',(-3.96,3.5,1.46));
#6687=VECTOR('',#8095,1000.0);
#6688=CARTESIAN_POINT('',(-4.2,3.5,0.949999999999998));
#6689=VECTOR('',#8096,1000.0);
#6690=CARTESIAN_POINT('',(-3.71,3.5,-1.75));
#6691=VECTOR('',#8097,1000.0);
#6692=CARTESIAN_POINT('',(3.71,3.5,-1.75));
#6693=VECTOR('',#8098,1000.0);
#6694=CARTESIAN_POINT('',(4.2,3.5,0.949999999999996));
#6695=VECTOR('',#8099,1000.0);
#6696=CARTESIAN_POINT('',(4.2,3.5,-1.46));
#6697=CARTESIAN_POINT('',(3.71,3.5,-1.46));
#6698=CARTESIAN_POINT('',(3.96,3.5,-1.46));
#6699=VECTOR('',#8100,1000.0);
#6700=CARTESIAN_POINT('',(4.2,3.5,-0.950000000000004));
#6701=VECTOR('',#8101,1000.0);
#6702=CARTESIAN_POINT('',(3.71,3.5,-1.75));
#6703=VECTOR('',#8102,1000.0);
#6704=CARTESIAN_POINT('',(-3.1,2.45,-1.45));
#6705=VECTOR('',#8103,1000.0);
#6706=CARTESIAN_POINT('',(-4.5,2.401,1.75));
#6707=VECTOR('',#8104,1000.0);
#6708=CARTESIAN_POINT('',(-4.5,2.7176345955169,0.949999999999998));
#6709=VECTOR('',#8105,1000.0);
#6710=CARTESIAN_POINT('',(-4.5,2.7176345955169,-1.75));
#6711=VECTOR('',#8106,1000.0);
#6712=CARTESIAN_POINT('',(-4.5,2.401,-1.75));
#6713=VECTOR('',#8107,1000.0);
#6714=CARTESIAN_POINT('',(4.5,2.7176345955169,-0.960000000000004));
#6715=CARTESIAN_POINT('',(4.5,2.7176345955169,-0.950000000000004));
#6716=VECTOR('',#8108,1000.0);
#6717=CARTESIAN_POINT('',(4.5,2.401,-0.960000000000004));
#6718=CARTESIAN_POINT('',(4.5,2.4,-0.960000000000004));
#6719=VECTOR('',#8109,1000.0);
#6720=CARTESIAN_POINT('',(4.5,2.401,-0.950000000000004));
#6721=VECTOR('',#8110,1000.0);
#6722=CARTESIAN_POINT('',(4.5,2.401,1.75));
#6723=VECTOR('',#8111,1000.0);
#6724=CARTESIAN_POINT('',(4.5,2.7176345955169,0.949999999999996));
#6725=VECTOR('',#8112,1000.0);
#6726=CARTESIAN_POINT('',(1.1,2.45,-1.45));
#6727=VECTOR('',#8113,1000.0);
#6728=CARTESIAN_POINT('',(-3.71,3.5,-1.75));
#6729=VECTOR('',#8114,1000.0);
#6730=CARTESIAN_POINT('',(-4.2,3.5,-1.75));
#6731=VECTOR('',#8115,1000.0);
#6732=CARTESIAN_POINT('',(4.2,2.401,-0.960000000000004));
#6733=VECTOR('',#8116,1000.0);
#6734=CARTESIAN_POINT('',(3.29483225997875,5.01695566547438,-0.960000000000004));
#6735=VECTOR('',#8117,1000.0);
#6736=CARTESIAN_POINT('',(3.71,3.29,-1.46));
#6737=VECTOR('',#8118,1000.0);
#6738=CARTESIAN_POINT('',(-3.71,3.29,1.46));
#6739=VECTOR('',#8119,1000.0);
#6740=CARTESIAN_POINT('',(-1.8,3.3,0.799999999999997));
#6741=VECTOR('',#8120,1000.0);
#6742=CARTESIAN_POINT('',(-1.8,3.3,-0.800000000000003));
#6743=VECTOR('',#8121,1000.0);
#6744=CARTESIAN_POINT('',(1.8,3.3,-0.800000000000003));
#6745=VECTOR('',#8122,1000.0);
#6746=CARTESIAN_POINT('',(1.8,3.3,0.799999999999996));
#6747=VECTOR('',#8123,1000.0);
#6748=CARTESIAN_POINT('',(-4.2,3.29,1.46));
#6749=VECTOR('',#8124,1000.0);
#6750=CARTESIAN_POINT('',(4.2,3.29,-1.46));
#6751=VECTOR('',#8125,1000.0);
#6752=CARTESIAN_POINT('',(4.2,3.29,-0.950000000000004));
#6753=VECTOR('',#8126,1000.0);
#6754=CARTESIAN_POINT('',(-4.2,3.29,-0.950000000000002));
#6755=VECTOR('',#8127,1000.0);
#6756=CARTESIAN_POINT('',(4.2,3.29,0.949999999999996));
#6757=VECTOR('',#8128,1000.0);
#6758=CARTESIAN_POINT('',(-4.2,3.29,0.949999999999998));
#6759=VECTOR('',#8129,1000.0);
#6760=CARTESIAN_POINT('',(3.95,1.001,1.45));
#6761=CARTESIAN_POINT('',(3.7,1.001,1.45));
#6762=CARTESIAN_POINT('',(-3.95,1.001,1.45));
#6763=VECTOR('',#8130,1000.0);
#6764=CARTESIAN_POINT('',(3.95,1.001,-1.45));
#6765=CARTESIAN_POINT('',(3.95,1.001,-1.45));
#6766=VECTOR('',#8131,1000.0);
#6767=CARTESIAN_POINT('',(3.7,1.001,-1.45));
#6768=CARTESIAN_POINT('',(-3.95,1.001,-1.45));
#6769=VECTOR('',#8132,1000.0);
#6770=CARTESIAN_POINT('',(-3.7,1.001,-1.45));
#6771=CARTESIAN_POINT('',(-3.95,1.001,-1.45));
#6772=VECTOR('',#8133,1000.0);
#6773=CARTESIAN_POINT('',(-3.95,1.001,-1.45));
#6774=CARTESIAN_POINT('',(-3.95,1.001,-1.45));
#6775=VECTOR('',#8134,1000.0);
#6776=CARTESIAN_POINT('',(-3.95,1.001,1.45));
#6777=CARTESIAN_POINT('',(-3.95,1.001,-1.45));
#6778=VECTOR('',#8135,1000.0);
#6779=CARTESIAN_POINT('',(-3.7,1.001,1.45));
#6780=CARTESIAN_POINT('',(-3.95,1.001,1.45));
#6781=VECTOR('',#8136,1000.0);
#6782=CARTESIAN_POINT('',(-3.95,1.001,1.45));
#6783=VECTOR('',#8137,1000.0);
#6784=CARTESIAN_POINT('',(3.3,-8.88178419700125E-16,1.2));
#6785=CARTESIAN_POINT('',(3.7,-8.88178419700125E-16,1.2));
#6786=CARTESIAN_POINT('',(3.3,-8.88178419700125E-16,1.2));
#6787=VECTOR('',#8138,1000.0);
#6788=CARTESIAN_POINT('',(3.3,-8.88178419700125E-16,0.799999999999996));
#6789=CARTESIAN_POINT('',(3.3,-8.88178419700125E-16,0.799999999999996));
#6790=VECTOR('',#8139,1000.0);
#6791=CARTESIAN_POINT('',(3.7,-8.88178419700125E-16,0.799999999999996));
#6792=CARTESIAN_POINT('',(3.7,-8.88178419700125E-16,0.799999999999996));
#6793=VECTOR('',#8140,1000.0);
#6794=CARTESIAN_POINT('',(3.7,-8.88178419700125E-16,1.2));
#6795=VECTOR('',#8141,1000.0);
#6796=CARTESIAN_POINT('',(-3.7,-8.88178419700125E-16,1.2));
#6797=CARTESIAN_POINT('',(-3.3,-8.88178419700125E-16,1.2));
#6798=CARTESIAN_POINT('',(-3.7,-8.88178419700125E-16,1.2));
#6799=VECTOR('',#8142,1000.0);
#6800=CARTESIAN_POINT('',(-3.7,-8.88178419700125E-16,0.799999999999998));
#6801=CARTESIAN_POINT('',(-3.7,-8.88178419700125E-16,0.799999999999998));
#6802=VECTOR('',#8143,1000.0);
#6803=CARTESIAN_POINT('',(-3.3,-8.88178419700125E-16,0.799999999999998));
#6804=CARTESIAN_POINT('',(-3.3,-8.88178419700125E-16,0.799999999999998));
#6805=VECTOR('',#8144,1000.0);
#6806=CARTESIAN_POINT('',(-3.3,-8.88178419700125E-16,1.2));
#6807=VECTOR('',#8145,1000.0);
#6808=CARTESIAN_POINT('',(-3.7,-8.88178419700125E-16,-0.800000000000002));
#6809=CARTESIAN_POINT('',(-3.3,-8.88178419700125E-16,-0.800000000000002));
#6810=CARTESIAN_POINT('',(-3.7,-8.88178419700125E-16,-0.800000000000002));
#6811=VECTOR('',#8146,1000.0);
#6812=CARTESIAN_POINT('',(-3.7,-8.88178419700125E-16,-1.2));
#6813=CARTESIAN_POINT('',(-3.7,-8.88178419700125E-16,-1.2));
#6814=VECTOR('',#8147,1000.0);
#6815=CARTESIAN_POINT('',(-3.3,-8.88178419700125E-16,-1.2));
#6816=CARTESIAN_POINT('',(-3.3,-8.88178419700125E-16,-1.2));
#6817=VECTOR('',#8148,1000.0);
#6818=CARTESIAN_POINT('',(-3.3,-8.88178419700125E-16,-0.800000000000002));
#6819=VECTOR('',#8149,1000.0);
#6820=CARTESIAN_POINT('',(3.3,-8.88178419700125E-16,-0.800000000000004));
#6821=CARTESIAN_POINT('',(3.7,-8.88178419700125E-16,-0.800000000000004));
#6822=CARTESIAN_POINT('',(3.3,-8.88178419700125E-16,-0.800000000000004));
#6823=VECTOR('',#8150,1000.0);
#6824=CARTESIAN_POINT('',(3.3,-8.88178419700125E-16,-1.2));
#6825=CARTESIAN_POINT('',(3.3,-8.88178419700125E-16,-1.2));
#6826=VECTOR('',#8151,1000.0);
#6827=CARTESIAN_POINT('',(3.7,-8.88178419700125E-16,-1.2));
#6828=CARTESIAN_POINT('',(3.7,-8.88178419700125E-16,-1.2));
#6829=VECTOR('',#8152,1000.0);
#6830=CARTESIAN_POINT('',(3.7,-8.88178419700125E-16,-0.800000000000004));
#6831=VECTOR('',#8153,1000.0);
#6832=CARTESIAN_POINT('',(3.7,0.299999999999999,1.2));
#6833=CARTESIAN_POINT('',(3.7,-8.88178419700125E-16,1.2));
#6834=VECTOR('',#8154,1000.0);
#6835=CARTESIAN_POINT('',(3.7,0.299999999999999,0.799999999999996));
#6836=CARTESIAN_POINT('',(3.7,-8.88178419700125E-16,0.799999999999996));
#6837=VECTOR('',#8155,1000.0);
#6838=CARTESIAN_POINT('',(3.7,0.299999999999999,1.2));
#6839=VECTOR('',#8156,1000.0);
#6840=CARTESIAN_POINT('',(3.3,0.299999999999999,1.2));
#6841=CARTESIAN_POINT('',(3.3,-8.88178419700125E-16,1.2));
#6842=VECTOR('',#8157,1000.0);
#6843=CARTESIAN_POINT('',(3.3,0.299999999999999,1.2));
#6844=VECTOR('',#8158,1000.0);
#6845=CARTESIAN_POINT('',(3.3,0.299999999999999,0.799999999999996));
#6846=CARTESIAN_POINT('',(3.3,-8.88178419700125E-16,0.799999999999996));
#6847=VECTOR('',#8159,1000.0);
#6848=CARTESIAN_POINT('',(3.3,0.299999999999999,0.799999999999996));
#6849=VECTOR('',#8160,1000.0);
#6850=CARTESIAN_POINT('',(3.7,0.299999999999999,0.799999999999996));
#6851=VECTOR('',#8161,1000.0);
#6852=CARTESIAN_POINT('',(-3.3,0.299999999999999,1.2));
#6853=CARTESIAN_POINT('',(-3.3,-8.88178419700125E-16,1.2));
#6854=VECTOR('',#8162,1000.0);
#6855=CARTESIAN_POINT('',(-3.3,0.299999999999999,0.799999999999998));
#6856=CARTESIAN_POINT('',(-3.3,-8.88178419700125E-16,0.799999999999998));
#6857=VECTOR('',#8163,1000.0);
#6858=CARTESIAN_POINT('',(-3.3,0.299999999999999,1.2));
#6859=VECTOR('',#8164,1000.0);
#6860=CARTESIAN_POINT('',(-3.7,0.299999999999999,1.2));
#6861=CARTESIAN_POINT('',(-3.7,-8.88178419700125E-16,1.2));
#6862=VECTOR('',#8165,1000.0);
#6863=CARTESIAN_POINT('',(-3.7,0.299999999999999,1.2));
#6864=VECTOR('',#8166,1000.0);
#6865=CARTESIAN_POINT('',(-3.7,0.299999999999999,0.799999999999998));
#6866=CARTESIAN_POINT('',(-3.7,-8.88178419700125E-16,0.799999999999998));
#6867=VECTOR('',#8167,1000.0);
#6868=CARTESIAN_POINT('',(-3.7,0.299999999999999,0.799999999999998));
#6869=VECTOR('',#8168,1000.0);
#6870=CARTESIAN_POINT('',(-3.3,0.299999999999999,0.799999999999998));
#6871=VECTOR('',#8169,1000.0);
#6872=CARTESIAN_POINT('',(-3.3,0.299999999999999,-0.800000000000002));
#6873=CARTESIAN_POINT('',(-3.3,-8.88178419700125E-16,-0.800000000000002));
#6874=VECTOR('',#8170,1000.0);
#6875=CARTESIAN_POINT('',(-3.3,0.299999999999999,-1.2));
#6876=CARTESIAN_POINT('',(-3.3,-8.88178419700125E-16,-1.2));
#6877=VECTOR('',#8171,1000.0);
#6878=CARTESIAN_POINT('',(-3.3,0.299999999999999,-0.800000000000002));
#6879=VECTOR('',#8172,1000.0);
#6880=CARTESIAN_POINT('',(-3.7,0.299999999999999,-0.800000000000002));
#6881=CARTESIAN_POINT('',(-3.7,-8.88178419700125E-16,-0.800000000000002));
#6882=VECTOR('',#8173,1000.0);
#6883=CARTESIAN_POINT('',(-3.7,0.299999999999999,-0.800000000000002));
#6884=VECTOR('',#8174,1000.0);
#6885=CARTESIAN_POINT('',(-3.7,0.299999999999999,-1.2));
#6886=CARTESIAN_POINT('',(-3.7,-8.88178419700125E-16,-1.2));
#6887=VECTOR('',#8175,1000.0);
#6888=CARTESIAN_POINT('',(-3.7,0.299999999999999,-1.2));
#6889=VECTOR('',#8176,1000.0);
#6890=CARTESIAN_POINT('',(-3.3,0.299999999999999,-1.2));
#6891=VECTOR('',#8177,1000.0);
#6892=CARTESIAN_POINT('',(3.7,0.299999999999999,-0.800000000000004));
#6893=CARTESIAN_POINT('',(3.7,-8.88178419700125E-16,-0.800000000000004));
#6894=VECTOR('',#8178,1000.0);
#6895=CARTESIAN_POINT('',(3.7,0.299999999999999,-1.2));
#6896=CARTESIAN_POINT('',(3.7,-8.88178419700125E-16,-1.2));
#6897=VECTOR('',#8179,1000.0);
#6898=CARTESIAN_POINT('',(3.7,0.299999999999999,-0.800000000000004));
#6899=VECTOR('',#8180,1000.0);
#6900=CARTESIAN_POINT('',(3.3,0.299999999999999,-0.800000000000004));
#6901=CARTESIAN_POINT('',(3.3,-8.88178419700125E-16,-0.800000000000004));
#6902=VECTOR('',#8181,1000.0);
#6903=CARTESIAN_POINT('',(3.3,0.299999999999999,-0.800000000000004));
#6904=VECTOR('',#8182,1000.0);
#6905=CARTESIAN_POINT('',(3.3,0.299999999999999,-1.2));
#6906=CARTESIAN_POINT('',(3.3,-8.88178419700125E-16,-1.2));
#6907=VECTOR('',#8183,1000.0);
#6908=CARTESIAN_POINT('',(3.3,0.299999999999999,-1.2));
#6909=VECTOR('',#8184,1000.0);
#6910=CARTESIAN_POINT('',(3.7,0.299999999999999,-1.2));
#6911=VECTOR('',#8185,1000.0);
#6912=CARTESIAN_POINT('',(-3.7,1.29,-1.28197755712141));
#6913=CARTESIAN_POINT('',(3.7,1.29,-1.28197755712141));
#6914=CARTESIAN_POINT('',(-3.68388656851053E-16,1.29,-1.28197755712141));
#6915=VECTOR('',#8186,1000.0);
#6916=CARTESIAN_POINT('',(-3.7,1.29,-1.45));
#6917=CARTESIAN_POINT('',(-3.7,1.29,1.45));
#6918=VECTOR('',#8187,1000.0);
#6919=CARTESIAN_POINT('',(3.7,1.29,-1.45));
#6920=CARTESIAN_POINT('',(-4.15024253035448E-16,1.29,-1.45));
#6921=VECTOR('',#8188,1000.0);
#6922=CARTESIAN_POINT('',(3.7,1.29,-4.1547586584496E-15));
#6923=VECTOR('',#8189,1000.0);
#6924=CARTESIAN_POINT('',(3.7,1.29,1.33606943716874));
#6925=CARTESIAN_POINT('',(-3.7,1.29,1.33606943716875));
#6926=CARTESIAN_POINT('',(3.58265356301851E-16,1.29,1.33606943716875));
#6927=VECTOR('',#8190,1000.0);
#6928=CARTESIAN_POINT('',(3.7,1.29,1.45));
#6929=CARTESIAN_POINT('',(3.7,1.29,-4.1547586584496E-15));
#6930=VECTOR('',#8191,1000.0);
#6931=CARTESIAN_POINT('',(-3.7,1.29,1.45));
#6932=CARTESIAN_POINT('',(-3.7,1.29,1.45));
#6933=VECTOR('',#8192,1000.0);
#6934=CARTESIAN_POINT('',(-3.7,1.29,-2.10084606289306E-15));
#6935=VECTOR('',#8193,1000.0);
#6936=CARTESIAN_POINT('',(-3.7,0.999999999999999,-1.28197755712141));
#6937=CARTESIAN_POINT('',(-3.7,3.0,-1.28197755712141));
#6938=VECTOR('',#8194,1000.0);
#6939=CARTESIAN_POINT('',(3.7,0.999999999999999,-1.28197755712141));
#6940=CARTESIAN_POINT('',(3.7,3.0,-1.28197755712141));
#6941=VECTOR('',#8195,1000.0);
#6942=CARTESIAN_POINT('',(-3.84052348335953,0.999999999999999,-1.28197755712141));
#6943=VECTOR('',#8196,1000.0);
#6944=CARTESIAN_POINT('',(3.7,0.999999999999999,1.33606943716874));
#6945=CARTESIAN_POINT('',(3.7,3.0,1.33606943716874));
#6946=VECTOR('',#8197,1000.0);
#6947=CARTESIAN_POINT('',(-3.7,0.999999999999999,1.33606943716875));
#6948=CARTESIAN_POINT('',(-3.7,3.0,1.33606943716875));
#6949=VECTOR('',#8198,1000.0);
#6950=CARTESIAN_POINT('',(-3.84052348335953,0.999999999999999,1.33606943716875));
#6951=VECTOR('',#8199,1000.0);
#6952=CARTESIAN_POINT('',(2.2,-8.88178419700125E-16,2.929669331122));
#6953=CARTESIAN_POINT('',(2.8,-8.88178419700125E-16,2.929669331122));
#6954=CARTESIAN_POINT('',(2.2,-8.88178419700125E-16,2.929669331122));
#6955=VECTOR('',#8200,1000.0);
#6956=CARTESIAN_POINT('',(2.2,0.060904558259999,2.748469524998));
#6957=AXIS2_PLACEMENT_3D('',#8201,#8202,#8203);
#6958=CARTESIAN_POINT('',(2.8,0.060904558259999,2.748469524998));
#6959=CARTESIAN_POINT('',(2.8,0.0609045582589989,2.748469525));
#6960=VECTOR('',#8204,1000.0);
#6961=AXIS2_PLACEMENT_3D('',#8205,#8206,#8207);
#6962=CARTESIAN_POINT('',(2.2,0.639095441742999,1.985539322941));
#6963=CARTESIAN_POINT('',(2.2,0.0609045582589989,2.748469525));
#6964=VECTOR('',#8208,1000.0);
#6965=CARTESIAN_POINT('',(2.8,0.639095441744999,1.985539322938));
#6966=CARTESIAN_POINT('',(2.2,0.639095441742999,1.985539322941));
#6967=VECTOR('',#8209,1000.0);
#6968=CARTESIAN_POINT('',(2.8,0.639095441741999,1.985539322941));
#6969=VECTOR('',#8210,1000.0);
#6970=CARTESIAN_POINT('',(2.2,0.699999999999999,1.804339516821));
#6971=AXIS2_PLACEMENT_3D('',#8211,#8212,#8213);
#6972=CARTESIAN_POINT('',(2.8,0.699999999999999,1.804339516821));
#6973=CARTESIAN_POINT('',(2.8,0.699999999999999,1.804339516821));
#6974=VECTOR('',#8214,1000.0);
#6975=AXIS2_PLACEMENT_3D('',#8215,#8216,#8217);
#6976=CARTESIAN_POINT('',(2.2,0.999999999999999,1.837951339903));
#6977=CARTESIAN_POINT('',(2.8,0.999999999999999,1.837951339903));
#6978=CARTESIAN_POINT('',(2.2,0.999999999999999,1.837951339903));
#6979=VECTOR('',#8218,1000.0);
#6980=CARTESIAN_POINT('',(2.2,0.898492402901999,2.139951016772));
#6981=AXIS2_PLACEMENT_3D('',#8219,#8220,#8221);
#6982=CARTESIAN_POINT('',(2.8,0.898492402901999,2.139951016772));
#6983=CARTESIAN_POINT('',(2.8,0.898492402901999,2.139951016772));
#6984=VECTOR('',#8222,1000.0);
#6985=AXIS2_PLACEMENT_3D('',#8223,#8224,#8225);
#6986=CARTESIAN_POINT('',(2.2,0.401507597096999,2.795728769664));
#6987=CARTESIAN_POINT('',(2.2,0.898492402901999,2.139951016772));
#6988=VECTOR('',#8226,1000.0);
#6989=CARTESIAN_POINT('',(2.8,0.401507597094999,2.795728769666));
#6990=CARTESIAN_POINT('',(2.2,0.401507597096999,2.795728769664));
#6991=VECTOR('',#8227,1000.0);
#6992=CARTESIAN_POINT('',(2.8,0.401507597096999,2.795728769664));
#6993=VECTOR('',#8228,1000.0);
#6994=CARTESIAN_POINT('',(2.2,0.299999999999999,3.097728446532));
#6995=AXIS2_PLACEMENT_3D('',#8229,#8230,#8231);
#6996=CARTESIAN_POINT('',(2.8,0.299999999999999,3.097728446532));
#6997=CARTESIAN_POINT('',(2.8,0.299999999999999,3.097728446532));
#6998=VECTOR('',#8232,1000.0);
#6999=AXIS2_PLACEMENT_3D('',#8233,#8234,#8235);
#7000=CARTESIAN_POINT('',(2.2,0.299999999999999,3.75));
#7001=CARTESIAN_POINT('',(2.2,0.299999999999999,3.097728446532));
#7002=VECTOR('',#8236,1000.0);
#7003=CARTESIAN_POINT('',(2.8,0.299999999999999,3.75));
#7004=CARTESIAN_POINT('',(2.8,0.299999999999999,3.75));
#7005=VECTOR('',#8237,1000.0);
#7006=CARTESIAN_POINT('',(2.8,0.299999999999999,3.097728446532));
#7007=VECTOR('',#8238,1000.0);
#7008=CARTESIAN_POINT('',(2.8,-8.88178419700125E-16,3.75));
#7009=CARTESIAN_POINT('',(2.2,-8.88178419700125E-16,3.75));
#7010=CARTESIAN_POINT('',(2.8,-8.88178419700125E-16,3.75));
#7011=VECTOR('',#8239,1000.0);
#7012=CARTESIAN_POINT('',(2.8,0.299999999999999,3.75));
#7013=VECTOR('',#8240,1000.0);
#7014=CARTESIAN_POINT('',(2.2,0.299999999999999,3.75));
#7015=VECTOR('',#8241,1000.0);
#7016=CARTESIAN_POINT('',(2.8,-8.88178419700125E-16,3.75));
#7017=VECTOR('',#8242,1000.0);
#7018=CARTESIAN_POINT('',(2.2,-8.88178419700125E-16,3.75));
#7019=VECTOR('',#8243,1000.0);
#7020=CARTESIAN_POINT('',(-2.8,-8.88178419700125E-16,2.929669331122));
#7021=CARTESIAN_POINT('',(-2.2,-8.88178419700125E-16,2.929669331122));
#7022=CARTESIAN_POINT('',(-2.8,-8.88178419700125E-16,2.929669331122));
#7023=VECTOR('',#8244,1000.0);
#7024=CARTESIAN_POINT('',(-2.8,0.060904558259999,2.748469524998));
#7025=AXIS2_PLACEMENT_3D('',#8245,#8246,#8247);
#7026=CARTESIAN_POINT('',(-2.2,0.060904558259999,2.748469524998));
#7027=CARTESIAN_POINT('',(-2.2,0.0609045582589989,2.748469525));
#7028=VECTOR('',#8248,1000.0);
#7029=AXIS2_PLACEMENT_3D('',#8249,#8250,#8251);
#7030=CARTESIAN_POINT('',(-2.8,0.639095441742999,1.985539322941));
#7031=CARTESIAN_POINT('',(-2.8,0.0609045582589989,2.748469525));
#7032=VECTOR('',#8252,1000.0);
#7033=CARTESIAN_POINT('',(-2.2,0.639095441744999,1.985539322938));
#7034=CARTESIAN_POINT('',(-2.8,0.639095441742999,1.985539322941));
#7035=VECTOR('',#8253,1000.0);
#7036=CARTESIAN_POINT('',(-2.2,0.639095441741999,1.985539322941));
#7037=VECTOR('',#8254,1000.0);
#7038=CARTESIAN_POINT('',(-2.8,0.699999999999999,1.804339516821));
#7039=AXIS2_PLACEMENT_3D('',#8255,#8256,#8257);
#7040=CARTESIAN_POINT('',(-2.2,0.699999999999999,1.804339516821));
#7041=CARTESIAN_POINT('',(-2.2,0.699999999999999,1.804339516821));
#7042=VECTOR('',#8258,1000.0);
#7043=AXIS2_PLACEMENT_3D('',#8259,#8260,#8261);
#7044=CARTESIAN_POINT('',(-2.8,0.999999999999999,1.837951339903));
#7045=CARTESIAN_POINT('',(-2.2,0.999999999999999,1.837951339903));
#7046=CARTESIAN_POINT('',(-2.8,0.999999999999999,1.837951339903));
#7047=VECTOR('',#8262,1000.0);
#7048=CARTESIAN_POINT('',(-2.8,0.898492402901999,2.139951016772));
#7049=AXIS2_PLACEMENT_3D('',#8263,#8264,#8265);
#7050=CARTESIAN_POINT('',(-2.2,0.898492402901999,2.139951016772));
#7051=CARTESIAN_POINT('',(-2.2,0.898492402901999,2.139951016772));
#7052=VECTOR('',#8266,1000.0);
#7053=AXIS2_PLACEMENT_3D('',#8267,#8268,#8269);
#7054=CARTESIAN_POINT('',(-2.8,0.401507597096999,2.795728769664));
#7055=CARTESIAN_POINT('',(-2.8,0.898492402901999,2.139951016772));
#7056=VECTOR('',#8270,1000.0);
#7057=CARTESIAN_POINT('',(-2.2,0.401507597094999,2.795728769666));
#7058=CARTESIAN_POINT('',(-2.8,0.401507597096999,2.795728769664));
#7059=VECTOR('',#8271,1000.0);
#7060=CARTESIAN_POINT('',(-2.2,0.401507597096999,2.795728769664));
#7061=VECTOR('',#8272,1000.0);
#7062=CARTESIAN_POINT('',(-2.8,0.299999999999999,3.097728446532));
#7063=AXIS2_PLACEMENT_3D('',#8273,#8274,#8275);
#7064=CARTESIAN_POINT('',(-2.2,0.299999999999999,3.097728446532));
#7065=CARTESIAN_POINT('',(-2.2,0.299999999999999,3.097728446532));
#7066=VECTOR('',#8276,1000.0);
#7067=AXIS2_PLACEMENT_3D('',#8277,#8278,#8279);
#7068=CARTESIAN_POINT('',(-2.8,0.299999999999999,3.75));
#7069=CARTESIAN_POINT('',(-2.8,0.299999999999999,3.097728446532));
#7070=VECTOR('',#8280,1000.0);
#7071=CARTESIAN_POINT('',(-2.2,0.299999999999999,3.75));
#7072=CARTESIAN_POINT('',(-2.8,0.299999999999999,3.75));
#7073=VECTOR('',#8281,1000.0);
#7074=CARTESIAN_POINT('',(-2.2,0.299999999999999,3.097728446532));
#7075=VECTOR('',#8282,1000.0);
#7076=CARTESIAN_POINT('',(-2.8,-8.88178419700125E-16,3.75));
#7077=CARTESIAN_POINT('',(-2.8,0.299999999999999,3.75));
#7078=VECTOR('',#8283,1000.0);
#7079=CARTESIAN_POINT('',(-2.2,-8.88178419700125E-16,3.75));
#7080=CARTESIAN_POINT('',(-2.8,-8.88178419700125E-16,3.75));
#7081=VECTOR('',#8284,1000.0);
#7082=CARTESIAN_POINT('',(-2.2,0.299999999999999,3.75));
#7083=VECTOR('',#8285,1000.0);
#7084=CARTESIAN_POINT('',(-2.2,-8.88178419700125E-16,3.75));
#7085=VECTOR('',#8286,1000.0);
#7086=CARTESIAN_POINT('',(-2.8,-8.88178419700125E-16,3.75));
#7087=VECTOR('',#8287,1000.0);
#7088=CARTESIAN_POINT('',(-0.300000000000001,0.060904558254999,-2.748469525005));
#7089=CARTESIAN_POINT('',(0.299999999999999,0.060904558254999,-2.748469525005));
#7090=CARTESIAN_POINT('',(-0.300000000000001,0.0609045582569991,-2.748469525002));
#7091=VECTOR('',#8288,1000.0);
#7092=CARTESIAN_POINT('',(-0.300000000000001,-8.88178419700125E-16,-2.929669331122));
#7093=AXIS2_PLACEMENT_3D('',#8289,#8290,#8291);
#7094=CARTESIAN_POINT('',(0.299999999999999,-8.88178419700125E-16,-2.929669331122));
#7095=CARTESIAN_POINT('',(0.299999999999999,-8.88178419700125E-16,-2.929669331122));
#7096=VECTOR('',#8292,1000.0);
#7097=AXIS2_PLACEMENT_3D('',#8293,#8294,#8295);
#7098=CARTESIAN_POINT('',(0.299999999999999,0.639095441740999,-1.985539322943));
#7099=CARTESIAN_POINT('',(0.299999999999999,0.0609045582579992,-2.748469525002));
#7100=VECTOR('',#8296,1000.0);
#7101=CARTESIAN_POINT('',(-0.300000000000001,0.639095441739999,-1.985539322945));
#7102=CARTESIAN_POINT('',(0.299999999999999,0.639095441740999,-1.985539322943));
#7103=VECTOR('',#8297,1000.0);
#7104=CARTESIAN_POINT('',(-0.300000000000001,0.639095441740999,-1.985539322943));
#7105=VECTOR('',#8298,1000.0);
#7106=CARTESIAN_POINT('',(-0.3,0.699999999999999,-1.804339516821));
#7107=AXIS2_PLACEMENT_3D('',#8299,#8300,#8301);
#7108=CARTESIAN_POINT('',(0.299999999999999,0.699999999999999,-1.804339516821));
#7109=AXIS2_PLACEMENT_3D('',#8302,#8303,#8304);
#7110=CARTESIAN_POINT('',(-0.3,0.699999999999999,-1.804339516821));
#7111=VECTOR('',#8305,1000.0);
#7112=CARTESIAN_POINT('',(-0.300000000000001,0.898492402902999,-2.139951016771));
#7113=CARTESIAN_POINT('',(0.299999999999999,0.898492402904999,-2.139951016769));
#7114=CARTESIAN_POINT('',(-0.300000000000001,0.898492402902999,-2.139951016771));
#7115=VECTOR('',#8306,1000.0);
#7116=CARTESIAN_POINT('',(-0.3,0.999999999999999,-1.837951339903));
#7117=AXIS2_PLACEMENT_3D('',#8307,#8308,#8309);
#7118=CARTESIAN_POINT('',(0.299999999999999,0.999999999999999,-1.837951339903));
#7119=CARTESIAN_POINT('',(0.299999999999999,0.999999999999999,-1.837951339903));
#7120=VECTOR('',#8310,1000.0);
#7121=AXIS2_PLACEMENT_3D('',#8311,#8312,#8313);
#7122=CARTESIAN_POINT('',(0.299999999999999,0.401507597097999,-2.795728769663));
#7123=CARTESIAN_POINT('',(0.299999999999999,0.898492402902999,-2.139951016771));
#7124=VECTOR('',#8314,1000.0);
#7125=CARTESIAN_POINT('',(-0.300000000000001,0.401507597097999,-2.795728769663));
#7126=CARTESIAN_POINT('',(0.299999999999999,0.401507597097999,-2.795728769663));
#7127=VECTOR('',#8315,1000.0);
#7128=CARTESIAN_POINT('',(-0.300000000000001,0.401507597097999,-2.795728769663));
#7129=VECTOR('',#8316,1000.0);
#7130=CARTESIAN_POINT('',(-0.300000000000001,0.299999999999999,-3.097728446532));
#7131=AXIS2_PLACEMENT_3D('',#8317,#8318,#8319);
#7132=CARTESIAN_POINT('',(0.299999999999999,0.299999999999999,-3.097728446532));
#7133=AXIS2_PLACEMENT_3D('',#8320,#8321,#8322);
#7134=CARTESIAN_POINT('',(-0.300000000000001,0.299999999999999,-3.097728446532));
#7135=VECTOR('',#8323,1000.0);
#7136=CARTESIAN_POINT('',(0.299999999999999,0.299999999999999,-3.75));
#7137=CARTESIAN_POINT('',(0.299999999999999,0.299999999999999,-3.75));
#7138=VECTOR('',#8324,1000.0);
#7139=CARTESIAN_POINT('',(-0.300000000000001,0.299999999999999,-3.75));
#7140=CARTESIAN_POINT('',(-0.300000000000001,0.299999999999999,-3.75));
#7141=VECTOR('',#8325,1000.0);
#7142=CARTESIAN_POINT('',(-0.300000000000001,0.299999999999999,-3.75));
#7143=VECTOR('',#8326,1000.0);
#7144=CARTESIAN_POINT('',(-0.300000000000001,-8.88178419700125E-16,-3.75));
#7145=CARTESIAN_POINT('',(0.299999999999999,-8.88178419700125E-16,-3.75));
#7146=CARTESIAN_POINT('',(-0.300000000000001,-8.88178419700125E-16,-3.75));
#7147=VECTOR('',#8327,1000.0);
#7148=CARTESIAN_POINT('',(-0.300000000000001,-8.88178419700125E-16,-3.75));
#7149=VECTOR('',#8328,1000.0);
#7150=CARTESIAN_POINT('',(0.299999999999999,-8.88178419700125E-16,-3.75));
#7151=VECTOR('',#8329,1000.0);
#7152=CARTESIAN_POINT('',(-0.300000000000001,-8.88178419700125E-16,-2.929669331122));
#7153=VECTOR('',#8330,1000.0);
#7154=CARTESIAN_POINT('',(0.299999999999999,-8.88178419700125E-16,-2.929669331122));
#7155=VECTOR('',#8331,1000.0);
#7156=CARTESIAN_POINT('',(2.2,0.699999999999999,1.45));
#7157=CARTESIAN_POINT('',(2.2,0.699999999999999,1.804339516821));
#7158=VECTOR('',#8332,1000.0);
#7159=CARTESIAN_POINT('',(2.8,0.699999999999999,1.45));
#7160=CARTESIAN_POINT('',(2.8,0.699999999999999,1.45));
#7161=VECTOR('',#8333,1000.0);
#7162=CARTESIAN_POINT('',(2.8,0.699999999999999,1.804339516821));
#7163=VECTOR('',#8334,1000.0);
#7164=CARTESIAN_POINT('',(-2.8,0.699999999999999,1.45));
#7165=CARTESIAN_POINT('',(-2.8,0.699999999999999,1.804339516821));
#7166=VECTOR('',#8335,1000.0);
#7167=CARTESIAN_POINT('',(-2.2,0.699999999999999,1.45));
#7168=CARTESIAN_POINT('',(-2.8,0.699999999999999,1.45));
#7169=VECTOR('',#8336,1000.0);
#7170=CARTESIAN_POINT('',(-2.2,0.699999999999999,1.804339516821));
#7171=VECTOR('',#8337,1000.0);
#7172=CARTESIAN_POINT('',(0.3,0.699999999999999,-1.45));
#7173=CARTESIAN_POINT('',(0.3,0.699999999999999,-1.45));
#7174=VECTOR('',#8338,1000.0);
#7175=CARTESIAN_POINT('',(-0.3,0.699999999999999,-1.45));
#7176=CARTESIAN_POINT('',(-0.3,0.699999999999999,-1.45));
#7177=VECTOR('',#8339,1000.0);
#7178=CARTESIAN_POINT('',(-0.3,0.699999999999999,-1.45));
#7179=VECTOR('',#8340,1000.0);
#7180=CARTESIAN_POINT('',(-3.95,0.299999999999999,1.45));
#7181=CARTESIAN_POINT('',(3.95,0.299999999999999,1.45));
#7182=CARTESIAN_POINT('',(-3.95,0.299999999999999,1.45));
#7183=VECTOR('',#8341,1000.0);
#7184=CARTESIAN_POINT('',(-3.95,0.299999999999999,-1.45));
#7185=CARTESIAN_POINT('',(-3.95,0.299999999999999,-1.45));
#7186=VECTOR('',#8342,1000.0);
#7187=CARTESIAN_POINT('',(3.95,0.299999999999999,-1.45));
#7188=CARTESIAN_POINT('',(3.95,0.299999999999999,-1.45));
#7189=VECTOR('',#8343,1000.0);
#7190=CARTESIAN_POINT('',(3.95,0.299999999999999,1.45));
#7191=VECTOR('',#8344,1000.0);
#7192=CARTESIAN_POINT('',(3.7,0.999999999999999,-1.45));
#7193=VECTOR('',#8345,1000.0);
#7194=CARTESIAN_POINT('',(-3.7,0.999999999999999,-1.45));
#7195=VECTOR('',#8346,1000.0);
#7196=CARTESIAN_POINT('',(-3.7,0.999999999999999,1.45));
#7197=VECTOR('',#8347,1000.0);
#7198=CARTESIAN_POINT('',(3.7,0.999999999999999,1.45));
#7199=VECTOR('',#8348,1000.0);
#7200=CARTESIAN_POINT('',(-2.2,0.999999999999999,-1.45));
#7201=CARTESIAN_POINT('',(-2.2,0.699999999999999,-1.45));
#7202=CARTESIAN_POINT('',(-2.2,0.999999999999999,-1.45));
#7203=VECTOR('',#8349,1000.0);
#7204=CARTESIAN_POINT('',(-0.3,0.999999999999999,-1.45));
#7205=CARTESIAN_POINT('',(-3.7,0.999999999999999,-1.45));
#7206=VECTOR('',#8350,1000.0);
#7207=CARTESIAN_POINT('',(-0.3,0.699999999999999,-1.45));
#7208=VECTOR('',#8351,1000.0);
#7209=CARTESIAN_POINT('',(0.3,0.999999999999999,-1.45));
#7210=CARTESIAN_POINT('',(0.3,0.699999999999999,-1.45));
#7211=VECTOR('',#8352,1000.0);
#7212=CARTESIAN_POINT('',(2.2,0.999999999999999,-1.45));
#7213=CARTESIAN_POINT('',(0.3,0.999999999999999,-1.45));
#7214=VECTOR('',#8353,1000.0);
#7215=CARTESIAN_POINT('',(2.2,0.699999999999999,-1.45));
#7216=CARTESIAN_POINT('',(2.2,0.999999999999999,-1.45));
#7217=VECTOR('',#8354,1000.0);
#7218=CARTESIAN_POINT('',(2.8,0.699999999999999,-1.45));
#7219=CARTESIAN_POINT('',(2.8,0.699999999999999,-1.45));
#7220=VECTOR('',#8355,1000.0);
#7221=CARTESIAN_POINT('',(2.8,0.999999999999999,-1.45));
#7222=CARTESIAN_POINT('',(2.8,0.999999999999999,-1.45));
#7223=VECTOR('',#8356,1000.0);
#7224=CARTESIAN_POINT('',(3.7,0.999999999999999,-1.45));
#7225=CARTESIAN_POINT('',(0.3,0.999999999999999,-1.45));
#7226=VECTOR('',#8357,1000.0);
#7227=CARTESIAN_POINT('',(3.7,0.999999999999999,-1.45));
#7228=VECTOR('',#8358,1000.0);
#7229=CARTESIAN_POINT('',(3.95,0.299999999999999,-1.45));
#7230=VECTOR('',#8359,1000.0);
#7231=CARTESIAN_POINT('',(-3.95,0.299999999999999,-1.45));
#7232=VECTOR('',#8360,1000.0);
#7233=CARTESIAN_POINT('',(-3.7,0.999999999999999,-1.45));
#7234=CARTESIAN_POINT('',(-3.7,0.999999999999999,-1.45));
#7235=VECTOR('',#8361,1000.0);
#7236=CARTESIAN_POINT('',(-2.8,0.999999999999999,-1.45));
#7237=CARTESIAN_POINT('',(-3.7,0.999999999999999,-1.45));
#7238=VECTOR('',#8362,1000.0);
#7239=CARTESIAN_POINT('',(-2.8,0.699999999999999,-1.45));
#7240=CARTESIAN_POINT('',(-2.8,0.999999999999999,-1.45));
#7241=VECTOR('',#8363,1000.0);
#7242=CARTESIAN_POINT('',(-2.2,0.699999999999999,-1.45));
#7243=VECTOR('',#8364,1000.0);
#7244=CARTESIAN_POINT('',(3.95,0.299999999999999,1.45));
#7245=VECTOR('',#8365,1000.0);
#7246=CARTESIAN_POINT('',(0.3,0.699999999999999,1.45));
#7247=CARTESIAN_POINT('',(0.3,0.999999999999999,1.45));
#7248=CARTESIAN_POINT('',(0.3,0.699999999999999,1.45));
#7249=VECTOR('',#8366,1000.0);
#7250=CARTESIAN_POINT('',(-0.3,0.699999999999999,1.45));
#7251=CARTESIAN_POINT('',(0.3,0.699999999999999,1.45));
#7252=VECTOR('',#8367,1000.0);
#7253=CARTESIAN_POINT('',(-0.3,0.999999999999999,1.45));
#7254=CARTESIAN_POINT('',(-0.3,0.699999999999999,1.45));
#7255=VECTOR('',#8368,1000.0);
#7256=CARTESIAN_POINT('',(-2.2,0.999999999999999,1.45));
#7257=CARTESIAN_POINT('',(-2.2,0.999999999999999,1.45));
#7258=VECTOR('',#8369,1000.0);
#7259=CARTESIAN_POINT('',(-2.2,0.699999999999999,1.45));
#7260=VECTOR('',#8370,1000.0);
#7261=CARTESIAN_POINT('',(-2.8,0.999999999999999,1.45));
#7262=CARTESIAN_POINT('',(-2.8,0.699999999999999,1.45));
#7263=VECTOR('',#8371,1000.0);
#7264=CARTESIAN_POINT('',(-3.7,0.999999999999999,1.45));
#7265=CARTESIAN_POINT('',(-3.7,0.999999999999999,1.45));
#7266=VECTOR('',#8372,1000.0);
#7267=CARTESIAN_POINT('',(-3.7,0.999999999999999,1.45));
#7268=VECTOR('',#8373,1000.0);
#7269=CARTESIAN_POINT('',(-3.95,0.299999999999999,1.45));
#7270=VECTOR('',#8374,1000.0);
#7271=CARTESIAN_POINT('',(3.7,0.999999999999999,1.45));
#7272=CARTESIAN_POINT('',(3.7,0.999999999999999,1.45));
#7273=VECTOR('',#8375,1000.0);
#7274=CARTESIAN_POINT('',(2.8,0.999999999999999,1.45));
#7275=CARTESIAN_POINT('',(2.8,0.999999999999999,1.45));
#7276=VECTOR('',#8376,1000.0);
#7277=CARTESIAN_POINT('',(2.8,0.699999999999999,1.45));
#7278=VECTOR('',#8377,1000.0);
#7279=CARTESIAN_POINT('',(2.2,0.999999999999999,1.45));
#7280=CARTESIAN_POINT('',(2.2,0.699999999999999,1.45));
#7281=VECTOR('',#8378,1000.0);
#7282=CARTESIAN_POINT('',(-2.2,0.999999999999999,1.45));
#7283=VECTOR('',#8379,1000.0);
#7284=CARTESIAN_POINT('',(0.299999999999999,0.999999999999999,-1.837951339903));
#7285=VECTOR('',#8380,1000.0);
#7286=CARTESIAN_POINT('',(-0.3,0.999999999999999,-1.45));
#7287=VECTOR('',#8381,1000.0);
#7288=CARTESIAN_POINT('',(-2.8,0.999999999999999,1.75));
#7289=VECTOR('',#8382,1000.0);
#7290=CARTESIAN_POINT('',(-2.2,0.999999999999999,1.45));
#7291=VECTOR('',#8383,1000.0);
#7292=CARTESIAN_POINT('',(2.2,0.999999999999999,1.75));
#7293=VECTOR('',#8384,1000.0);
#7294=CARTESIAN_POINT('',(2.8,0.999999999999999,1.45));
#7295=VECTOR('',#8385,1000.0);
#7296=CARTESIAN_POINT('',(3.7,0.999999999999999,0.249999999999996));
#7297=VECTOR('',#8386,1000.0);
#7298=CARTESIAN_POINT('',(-3.7,0.999999999999999,1.45));
#7299=VECTOR('',#8387,1000.0);
#7300=CARTESIAN_POINT('',(-0.299999999999999,0.999999999999999,1.837951339903));
#7301=CARTESIAN_POINT('',(-0.3,0.999999999999999,1.45));
#7302=VECTOR('',#8388,1000.0);
#7303=CARTESIAN_POINT('',(0.3,0.999999999999999,1.837951339903));
#7304=CARTESIAN_POINT('',(0.3,0.999999999999999,1.837951339903));
#7305=VECTOR('',#8389,1000.0);
#7306=CARTESIAN_POINT('',(0.3,0.999999999999999,1.45));
#7307=VECTOR('',#8390,1000.0);
#7308=CARTESIAN_POINT('',(-3.7,0.999999999999999,-0.250000000000002));
#7309=VECTOR('',#8391,1000.0);
#7310=CARTESIAN_POINT('',(3.7,0.999999999999999,-1.45));
#7311=VECTOR('',#8392,1000.0);
#7312=CARTESIAN_POINT('',(2.8,1.00000000000013,-1.837951339903));
#7313=CARTESIAN_POINT('',(2.8,1.00000000000008,-1.837951339903));
#7314=VECTOR('',#8393,1000.0);
#7315=CARTESIAN_POINT('',(2.2,1.00000000000013,-1.837951339903));
#7316=CARTESIAN_POINT('',(2.8,1.00000000000013,-1.837951339903));
#7317=VECTOR('',#8394,1000.0);
#7318=CARTESIAN_POINT('',(2.2,1.00000000000008,-1.837951339903));
#7319=VECTOR('',#8395,1000.0);
#7320=CARTESIAN_POINT('',(-2.2,1.00000000000013,-1.837951339903));
#7321=CARTESIAN_POINT('',(-2.2,1.00000000000008,-1.837951339903));
#7322=VECTOR('',#8396,1000.0);
#7323=CARTESIAN_POINT('',(-2.8,1.00000000000013,-1.837951339903));
#7324=CARTESIAN_POINT('',(-2.2,1.00000000000013,-1.837951339903));
#7325=VECTOR('',#8397,1000.0);
#7326=CARTESIAN_POINT('',(-2.8,1.00000000000008,-1.837951339903));
#7327=VECTOR('',#8398,1000.0);
#7328=CARTESIAN_POINT('',(-0.299999999999999,-8.88178419700125E-16,2.929669331122));
#7329=CARTESIAN_POINT('',(-0.299999999999999,0.060904558259999,2.748469524998));
#7330=AXIS2_PLACEMENT_3D('',#8399,#8400,#8401);
#7331=CARTESIAN_POINT('',(0.300000000000001,0.060904558259999,2.748469524998));
#7332=CARTESIAN_POINT('',(0.300000000000001,0.060904558259999,2.748469524998));
#7333=VECTOR('',#8402,1000.0);
#7334=CARTESIAN_POINT('',(0.300000000000001,-8.88178419700125E-16,2.929669331122));
#7335=AXIS2_PLACEMENT_3D('',#8403,#8404,#8405);
#7336=CARTESIAN_POINT('',(0.300000000000001,-8.88178419700125E-16,2.929669331122));
#7337=VECTOR('',#8406,1000.0);
#7338=CARTESIAN_POINT('',(-0.299999999999999,0.639095441744999,1.985539322938));
#7339=CARTESIAN_POINT('',(-0.299999999999999,0.060904558259999,2.748469524998));
#7340=VECTOR('',#8407,1000.0);
#7341=CARTESIAN_POINT('',(0.300000000000001,0.639095441744999,1.985539322938));
#7342=CARTESIAN_POINT('',(0.300000000000001,0.639095441744999,1.985539322938));
#7343=VECTOR('',#8408,1000.0);
#7344=CARTESIAN_POINT('',(0.300000000000001,0.060904558259999,2.748469524998));
#7345=VECTOR('',#8409,1000.0);
#7346=CARTESIAN_POINT('',(-0.299999999999999,0.700000000000093,1.804339516821));
#7347=AXIS2_PLACEMENT_3D('',#8410,#8411,#8412);
#7348=CARTESIAN_POINT('',(0.3,0.700000000000093,1.804339516821));
#7349=CARTESIAN_POINT('',(0.3,0.700000000000093,1.804339516821));
#7350=VECTOR('',#8413,1000.0);
#7351=AXIS2_PLACEMENT_3D('',#8414,#8415,#8416);
#7352=CARTESIAN_POINT('',(-0.299999999999999,0.700000000000062,1.804339516821));
#7353=VECTOR('',#8417,1000.0);
#7354=CARTESIAN_POINT('',(0.3,0.700000000000062,1.804339516821));
#7355=VECTOR('',#8418,1000.0);
#7356=CARTESIAN_POINT('',(-0.299999999999999,0.898492402902244,2.13995101677218));
#7357=AXIS2_PLACEMENT_3D('',#8419,#8420,#8421);
#7358=CARTESIAN_POINT('',(0.300000000000001,0.898492402902244,2.13995101677218));
#7359=CARTESIAN_POINT('',(0.300000000000001,0.898492402902244,2.13995101677218));
#7360=VECTOR('',#8422,1000.0);
#7361=AXIS2_PLACEMENT_3D('',#8423,#8424,#8425);
#7362=CARTESIAN_POINT('',(-0.299999999999999,0.401507597094999,2.795728769666));
#7363=CARTESIAN_POINT('',(-0.299999999999999,0.898492402902162,2.13995101677212));
#7364=VECTOR('',#8426,1000.0);
#7365=CARTESIAN_POINT('',(0.300000000000001,0.401507597094999,2.795728769666));
#7366=CARTESIAN_POINT('',(0.300000000000001,0.401507597094999,2.795728769666));
#7367=VECTOR('',#8427,1000.0);
#7368=CARTESIAN_POINT('',(0.300000000000001,0.898492402902162,2.13995101677212));
#7369=VECTOR('',#8428,1000.0);
#7370=CARTESIAN_POINT('',(-0.299999999999999,0.299999999999872,3.097728446532));
#7371=AXIS2_PLACEMENT_3D('',#8429,#8430,#8431);
#7372=CARTESIAN_POINT('',(0.300000000000001,0.299999999999872,3.097728446532));
#7373=CARTESIAN_POINT('',(0.300000000000001,0.299999999999872,3.097728446532));
#7374=VECTOR('',#8432,1000.0);
#7375=AXIS2_PLACEMENT_3D('',#8433,#8434,#8435);
#7376=CARTESIAN_POINT('',(-0.299999999999999,0.299999999999999,3.75));
#7377=CARTESIAN_POINT('',(-0.299999999999999,0.299999999999914,3.097728446532));
#7378=VECTOR('',#8436,1000.0);
#7379=CARTESIAN_POINT('',(0.300000000000001,0.299999999999999,3.75));
#7380=CARTESIAN_POINT('',(0.300000000000001,0.299999999999999,3.75));
#7381=VECTOR('',#8437,1000.0);
#7382=CARTESIAN_POINT('',(0.300000000000001,0.299999999999914,3.097728446532));
#7383=VECTOR('',#8438,1000.0);
#7384=CARTESIAN_POINT('',(-0.299999999999999,-8.88178419700125E-16,3.75));
#7385=CARTESIAN_POINT('',(-0.299999999999999,0.299999999999999,3.75));
#7386=VECTOR('',#8439,1000.0);
#7387=CARTESIAN_POINT('',(0.300000000000001,-8.88178419700125E-16,3.75));
#7388=CARTESIAN_POINT('',(0.300000000000001,-8.88178419700125E-16,3.75));
#7389=VECTOR('',#8440,1000.0);
#7390=CARTESIAN_POINT('',(0.300000000000001,0.299999999999999,3.75));
#7391=VECTOR('',#8441,1000.0);
#7392=CARTESIAN_POINT('',(-0.299999999999999,-8.88178419700125E-16,3.75));
#7393=VECTOR('',#8442,1000.0);
#7394=CARTESIAN_POINT('',(0.300000000000001,-8.88178419700125E-16,3.75));
#7395=VECTOR('',#8443,1000.0);
#7396=CARTESIAN_POINT('',(2.2,0.060904558254999,-2.748469525005));
#7397=CARTESIAN_POINT('',(2.2,-8.88178419700125E-16,-2.929669331122));
#7398=AXIS2_PLACEMENT_3D('',#8444,#8445,#8446);
#7399=CARTESIAN_POINT('',(2.8,-8.88178419700125E-16,-2.929669331122));
#7400=CARTESIAN_POINT('',(2.8,-8.88178419700125E-16,-2.929669331122));
#7401=VECTOR('',#8447,1000.0);
#7402=CARTESIAN_POINT('',(2.8,0.060904558254999,-2.748469525005));
#7403=AXIS2_PLACEMENT_3D('',#8448,#8449,#8450);
#7404=CARTESIAN_POINT('',(2.8,0.060904558254999,-2.748469525005));
#7405=VECTOR('',#8451,1000.0);
#7406=CARTESIAN_POINT('',(2.2,-8.88178419700125E-16,-3.75));
#7407=CARTESIAN_POINT('',(2.2,-8.88178419700125E-16,-2.929669331122));
#7408=VECTOR('',#8452,1000.0);
#7409=CARTESIAN_POINT('',(2.8,-8.88178419700125E-16,-3.75));
#7410=CARTESIAN_POINT('',(2.8,-8.88178419700125E-16,-3.75));
#7411=VECTOR('',#8453,1000.0);
#7412=CARTESIAN_POINT('',(2.8,-8.88178419700125E-16,-2.929669331122));
#7413=VECTOR('',#8454,1000.0);
#7414=CARTESIAN_POINT('',(2.2,0.299999999999999,-3.75));
#7415=CARTESIAN_POINT('',(2.2,-8.88178419700125E-16,-3.75));
#7416=VECTOR('',#8455,1000.0);
#7417=CARTESIAN_POINT('',(2.8,0.299999999999999,-3.75));
#7418=CARTESIAN_POINT('',(2.8,0.299999999999999,-3.75));
#7419=VECTOR('',#8456,1000.0);
#7420=CARTESIAN_POINT('',(2.8,-8.88178419700125E-16,-3.75));
#7421=VECTOR('',#8457,1000.0);
#7422=CARTESIAN_POINT('',(2.2,0.299999999999999,-3.097728446532));
#7423=CARTESIAN_POINT('',(2.2,0.299999999999999,-3.75));
#7424=VECTOR('',#8458,1000.0);
#7425=CARTESIAN_POINT('',(2.8,0.299999999999999,-3.097728446532));
#7426=CARTESIAN_POINT('',(2.8,0.299999999999999,-3.097728446532));
#7427=VECTOR('',#8459,1000.0);
#7428=CARTESIAN_POINT('',(2.8,0.299999999999999,-3.75));
#7429=VECTOR('',#8460,1000.0);
#7430=CARTESIAN_POINT('',(2.2,0.401507597097754,-2.79572876966282));
#7431=AXIS2_PLACEMENT_3D('',#8461,#8462,#8463);
#7432=CARTESIAN_POINT('',(2.8,0.401507597097754,-2.79572876966282));
#7433=CARTESIAN_POINT('',(2.8,0.401507597097754,-2.79572876966282));
#7434=VECTOR('',#8464,1000.0);
#7435=AXIS2_PLACEMENT_3D('',#8465,#8466,#8467);
#7436=CARTESIAN_POINT('',(2.2,0.898492402904999,-2.139951016769));
#7437=CARTESIAN_POINT('',(2.2,0.401507597097836,-2.79572876966288));
#7438=VECTOR('',#8468,1000.0);
#7439=CARTESIAN_POINT('',(2.8,0.898492402904999,-2.139951016769));
#7440=CARTESIAN_POINT('',(2.8,0.898492402904999,-2.139951016769));
#7441=VECTOR('',#8469,1000.0);
#7442=CARTESIAN_POINT('',(2.8,0.401507597097836,-2.79572876966288));
#7443=VECTOR('',#8470,1000.0);
#7444=AXIS2_PLACEMENT_3D('',#8471,#8472,#8473);
#7445=AXIS2_PLACEMENT_3D('',#8474,#8475,#8476);
#7446=CARTESIAN_POINT('',(2.2,0.699999999999999,-1.804339516821));
#7447=CARTESIAN_POINT('',(2.2,0.699999999999999,-1.45));
#7448=VECTOR('',#8477,1000.0);
#7449=CARTESIAN_POINT('',(2.8,0.699999999999999,-1.804339516821));
#7450=CARTESIAN_POINT('',(2.8,0.699999999999999,-1.804339516821));
#7451=VECTOR('',#8478,1000.0);
#7452=CARTESIAN_POINT('',(2.8,0.699999999999999,-1.45));
#7453=VECTOR('',#8479,1000.0);
#7454=CARTESIAN_POINT('',(2.2,0.639095441741024,-1.98553932294302));
#7455=AXIS2_PLACEMENT_3D('',#8480,#8481,#8482);
#7456=CARTESIAN_POINT('',(2.8,0.639095441741024,-1.98553932294302));
#7457=CARTESIAN_POINT('',(2.8,0.639095441741024,-1.98553932294302));
#7458=VECTOR('',#8483,1000.0);
#7459=AXIS2_PLACEMENT_3D('',#8484,#8485,#8486);
#7460=CARTESIAN_POINT('',(2.2,0.639095441741016,-1.98553932294302));
#7461=VECTOR('',#8487,1000.0);
#7462=CARTESIAN_POINT('',(2.8,0.639095441741016,-1.98553932294302));
#7463=VECTOR('',#8488,1000.0);
#7464=CARTESIAN_POINT('',(-2.8,0.060904558254999,-2.748469525005));
#7465=CARTESIAN_POINT('',(-2.8,-8.88178419700125E-16,-2.929669331122));
#7466=AXIS2_PLACEMENT_3D('',#8489,#8490,#8491);
#7467=CARTESIAN_POINT('',(-2.2,-8.88178419700125E-16,-2.929669331122));
#7468=CARTESIAN_POINT('',(-2.2,-8.88178419700125E-16,-2.929669331122));
#7469=VECTOR('',#8492,1000.0);
#7470=CARTESIAN_POINT('',(-2.2,0.060904558254999,-2.748469525005));
#7471=AXIS2_PLACEMENT_3D('',#8493,#8494,#8495);
#7472=CARTESIAN_POINT('',(-2.2,0.060904558254999,-2.748469525005));
#7473=VECTOR('',#8496,1000.0);
#7474=CARTESIAN_POINT('',(-2.8,-8.88178419700125E-16,-3.75));
#7475=CARTESIAN_POINT('',(-2.8,-8.88178419700125E-16,-2.929669331122));
#7476=VECTOR('',#8497,1000.0);
#7477=CARTESIAN_POINT('',(-2.2,-8.88178419700125E-16,-3.75));
#7478=CARTESIAN_POINT('',(-2.2,-8.88178419700125E-16,-3.75));
#7479=VECTOR('',#8498,1000.0);
#7480=CARTESIAN_POINT('',(-2.2,-8.88178419700125E-16,-2.929669331122));
#7481=VECTOR('',#8499,1000.0);
#7482=CARTESIAN_POINT('',(-2.8,0.299999999999999,-3.75));
#7483=CARTESIAN_POINT('',(-2.8,-8.88178419700125E-16,-3.75));
#7484=VECTOR('',#8500,1000.0);
#7485=CARTESIAN_POINT('',(-2.2,0.299999999999999,-3.75));
#7486=CARTESIAN_POINT('',(-2.2,0.299999999999999,-3.75));
#7487=VECTOR('',#8501,1000.0);
#7488=CARTESIAN_POINT('',(-2.2,-8.88178419700125E-16,-3.75));
#7489=VECTOR('',#8502,1000.0);
#7490=CARTESIAN_POINT('',(-2.8,0.299999999999999,-3.097728446532));
#7491=CARTESIAN_POINT('',(-2.8,0.299999999999999,-3.75));
#7492=VECTOR('',#8503,1000.0);
#7493=CARTESIAN_POINT('',(-2.2,0.299999999999999,-3.097728446532));
#7494=CARTESIAN_POINT('',(-2.2,0.299999999999999,-3.097728446532));
#7495=VECTOR('',#8504,1000.0);
#7496=CARTESIAN_POINT('',(-2.2,0.299999999999999,-3.75));
#7497=VECTOR('',#8505,1000.0);
#7498=CARTESIAN_POINT('',(-2.8,0.401507597097754,-2.79572876966282));
#7499=AXIS2_PLACEMENT_3D('',#8506,#8507,#8508);
#7500=CARTESIAN_POINT('',(-2.2,0.401507597097754,-2.79572876966282));
#7501=CARTESIAN_POINT('',(-2.2,0.401507597097754,-2.79572876966282));
#7502=VECTOR('',#8509,1000.0);
#7503=AXIS2_PLACEMENT_3D('',#8510,#8511,#8512);
#7504=CARTESIAN_POINT('',(-2.8,0.898492402904999,-2.139951016769));
#7505=CARTESIAN_POINT('',(-2.8,0.401507597097836,-2.79572876966288));
#7506=VECTOR('',#8513,1000.0);
#7507=CARTESIAN_POINT('',(-2.2,0.898492402904999,-2.139951016769));
#7508=CARTESIAN_POINT('',(-2.2,0.898492402904999,-2.139951016769));
#7509=VECTOR('',#8514,1000.0);
#7510=CARTESIAN_POINT('',(-2.2,0.401507597097836,-2.79572876966288));
#7511=VECTOR('',#8515,1000.0);
#7512=AXIS2_PLACEMENT_3D('',#8516,#8517,#8518);
#7513=AXIS2_PLACEMENT_3D('',#8519,#8520,#8521);
#7514=CARTESIAN_POINT('',(-2.8,0.699999999999999,-1.804339516821));
#7515=CARTESIAN_POINT('',(-2.8,0.699999999999999,-1.45));
#7516=VECTOR('',#8522,1000.0);
#7517=CARTESIAN_POINT('',(-2.2,0.699999999999999,-1.804339516821));
#7518=CARTESIAN_POINT('',(-2.2,0.699999999999999,-1.804339516821));
#7519=VECTOR('',#8523,1000.0);
#7520=CARTESIAN_POINT('',(-2.2,0.699999999999999,-1.45));
#7521=VECTOR('',#8524,1000.0);
#7522=CARTESIAN_POINT('',(-2.8,0.639095441741025,-1.98553932294302));
#7523=AXIS2_PLACEMENT_3D('',#8525,#8526,#8527);
#7524=CARTESIAN_POINT('',(-2.2,0.639095441741024,-1.98553932294302));
#7525=CARTESIAN_POINT('',(-2.2,0.639095441741024,-1.98553932294302));
#7526=VECTOR('',#8528,1000.0);
#7527=AXIS2_PLACEMENT_3D('',#8529,#8530,#8531);
#7528=CARTESIAN_POINT('',(-2.8,0.639095441741016,-1.98553932294302));
#7529=VECTOR('',#8532,1000.0);
#7530=CARTESIAN_POINT('',(-2.2,0.639095441741016,-1.98553932294302));
#7531=VECTOR('',#8533,1000.0);
#7532=DIRECTION('',(-4.22116045821023E-16,1.2724121478279E-17,-1.0));
#7533=DIRECTION('',(-1.0,3.45309814991954E-17,1.32995466491555E-16));
#7534=DIRECTION('',(5.66676335485757E-16,-1.2724121478279E-17,1.0));
#7535=DIRECTION('',(1.0,-3.45309814991954E-17,-4.22116045821023E-16));
#7536=DIRECTION('',(-1.46144262893354E-17,-1.0,-1.2724121478279E-17));
#7537=DIRECTION('',(1.0,-3.45309814991954E-17,-4.22116045821023E-16));
#7538=DIRECTION('',(-1.46144262893354E-17,-1.0,-1.2724121478279E-17));
#7539=DIRECTION('',(-1.46144262893354E-17,-1.0,-1.2724121478279E-17));
#7540=DIRECTION('',(5.66676335485757E-16,-1.2724121478279E-17,1.0));
#7541=DIRECTION('',(-1.46144262893354E-17,-1.0,-1.2724121478279E-17));
#7542=DIRECTION('',(-1.0,3.45309814991954E-17,1.32995466491555E-16));
#7543=DIRECTION('',(-4.22116045821023E-16,1.2724121478279E-17,-1.0));
#7544=DIRECTION('',(-1.46144262893354E-17,-1.0,-1.2724121478279E-17));
#7545=DIRECTION('',(-1.0,3.45309814991954E-17,2.77555756156289E-16));
#7546=DIRECTION('',(-1.46144262893354E-17,-1.0,-1.2724121478279E-17));
#7547=DIRECTION('',(-1.0,3.45309814991954E-17,2.77555756156289E-16));
#7548=DIRECTION('',(1.46144262893354E-17,1.0,1.2724121478279E-17));
#7549=DIRECTION('',(-0.464237146915763,0.88571094123507,1.40121585958959E-16));
#7550=DIRECTION('',(1.46144262893354E-17,1.0,1.2724121478279E-17));
#7551=DIRECTION('',(-1.0,3.45309814991954E-17,2.77555756156289E-16));
#7552=DIRECTION('',(1.46144262893354E-17,1.0,1.2724121478279E-17));
#7553=DIRECTION('',(1.0,-3.45309814991954E-17,-2.77555756156289E-16));
#7554=DIRECTION('',(1.46144262893354E-17,1.0,1.2724121478279E-17));
#7555=DIRECTION('',(-1.0,3.45309814991954E-17,2.77555756156289E-16));
#7556=DIRECTION('',(1.46144262893354E-17,1.0,1.2724121478279E-17));
#7557=DIRECTION('',(0.464237146915763,0.88571094123507,-1.17581798737127E-16));
#7558=DIRECTION('',(-1.46144262893354E-17,-1.0,-1.2724121478279E-17));
#7559=DIRECTION('',(-1.0,3.45309814991954E-17,2.77555756156289E-16));
#7560=DIRECTION('',(-1.46144262893354E-17,-1.0,-1.2724121478279E-17));
#7561=DIRECTION('',(1.0,-3.45309814991954E-17,-2.77555756156289E-16));
#7562=DIRECTION('',(-1.46144262893354E-17,-1.0,-1.2724121478279E-17));
#7563=DIRECTION('',(1.0,-3.45309814991954E-17,-2.77555756156289E-16));
#7564=DIRECTION('',(-1.46144262893354E-17,-1.0,-1.2724121478279E-17));
#7565=DIRECTION('',(0.464237146915763,0.88571094123507,-1.17581798737127E-16));
#7566=DIRECTION('',(1.46144262893354E-17,1.0,1.2724121478279E-17));
#7567=DIRECTION('',(1.0,-3.45309814991954E-17,-2.77555756156289E-16));
#7568=DIRECTION('',(1.46144262893354E-17,1.0,1.2724121478279E-17));
#7569=DIRECTION('',(-1.0,3.45309814991954E-17,2.77555756156289E-16));
#7570=DIRECTION('',(-1.46144262893354E-17,-1.0,-1.2724121478279E-17));
#7571=DIRECTION('',(1.0,-3.45309814991954E-17,-2.77555756156289E-16));
#7572=DIRECTION('',(1.46144262893354E-17,1.0,1.2724121478279E-17));
#7573=DIRECTION('',(-1.0,3.45309814991954E-17,2.77555756156289E-16));
#7574=DIRECTION('',(1.46144262893354E-17,1.0,1.2724121478279E-17));
#7575=DIRECTION('',(1.0,-3.45309814991954E-17,-2.77555756156289E-16));
#7576=DIRECTION('',(1.46144262893354E-17,1.0,1.2724121478279E-17));
#7577=DIRECTION('',(-0.464237146915763,0.88571094123507,1.40121585958959E-16));
#7578=DIRECTION('',(-1.46144262893354E-17,-1.0,-1.2724121478279E-17));
#7579=DIRECTION('',(1.0,-3.45309814991954E-17,-2.77555756156289E-16));
#7580=DIRECTION('',(-2.77555756156289E-16,1.2724121478279E-17,-1.0));
#7581=DIRECTION('',(2.77555756156289E-16,-1.2724121478279E-17,1.0));
#7582=DIRECTION('',(-1.46144262893354E-17,-1.0,-1.2724121478279E-17));
#7583=DIRECTION('',(2.77555756156289E-16,-1.2724121478279E-17,1.0));
#7584=DIRECTION('',(-1.46144262893354E-17,-1.0,-1.2724121478279E-17));
#7585=DIRECTION('',(2.77555756156289E-16,-1.2724121478279E-17,1.0));
#7586=DIRECTION('',(2.77555756156289E-16,-1.2724121478279E-17,1.0));
#7587=DIRECTION('',(-2.77555756156289E-16,1.2724121478279E-17,-1.0));
#7588=DIRECTION('',(-1.46144262893354E-17,-1.0,-1.2724121478279E-17));
#7589=DIRECTION('',(2.77555756156289E-16,-1.2724121478279E-17,1.0));
#7590=DIRECTION('',(-1.46144262893354E-17,-1.0,-1.2724121478279E-17));
#7591=DIRECTION('',(-2.77555756156289E-16,1.2724121478279E-17,-1.0));
#7592=DIRECTION('',(2.77555756156289E-16,-1.2724121478279E-17,1.0));
#7593=DIRECTION('',(1.0,-3.45309814991954E-17,-2.77555756156289E-16));
#7594=DIRECTION('',(-2.77555756156289E-16,1.2724121478279E-17,-1.0));
#7595=DIRECTION('',(-2.77555756156289E-16,1.2724121478279E-17,-1.0));
#7596=DIRECTION('',(1.0,-3.45309814991954E-17,-2.77555756156289E-16));
#7597=DIRECTION('',(2.77555756156289E-16,-1.2724121478279E-17,1.0));
#7598=DIRECTION('',(-2.77555756156289E-16,1.2724121478279E-17,-1.0));
#7599=DIRECTION('',(-1.0,3.45309814991954E-17,2.77555756156289E-16));
#7600=DIRECTION('',(2.77555756156289E-16,-1.2724121478279E-17,1.0));
#7601=DIRECTION('',(-2.77555756156289E-16,1.2724121478279E-17,-1.0));
#7602=DIRECTION('',(-1.0,3.45309814991954E-17,3.90936375501178E-16));
#7603=DIRECTION('',(2.77555756156289E-16,-1.2724121478279E-17,1.0));
#7604=DIRECTION('',(2.77555756156289E-16,-1.2724121478279E-17,1.0));
#7605=DIRECTION('',(-1.0,3.45309814991954E-17,2.77555756156289E-16));
#7606=DIRECTION('',(-2.77555756156289E-16,1.2724121478279E-17,-1.0));
#7607=DIRECTION('',(-0.464237146915763,0.88571094123507,1.40121585958959E-16));
#7608=DIRECTION('',(1.46144262893354E-17,1.0,1.2724121478279E-17));
#7609=DIRECTION('',(1.0,-3.45309814991954E-17,-2.77555756156289E-16));
#7610=DIRECTION('',(1.46144262893354E-17,1.0,1.2724121478279E-17));
#7611=DIRECTION('',(1.46144262893354E-17,1.0,1.2724121478279E-17));
#7612=DIRECTION('',(1.0,-3.45309814991954E-17,-2.77555756156289E-16));
#7613=DIRECTION('',(0.464237146915763,0.88571094123507,-1.17581798737127E-16));
#7614=DIRECTION('',(-1.46144262893354E-17,-1.0,-1.2724121478279E-17));
#7615=DIRECTION('',(-1.0,3.45309814991954E-17,2.77555756156289E-16));
#7616=DIRECTION('',(1.46144262893354E-17,1.0,1.2724121478279E-17));
#7617=DIRECTION('',(1.46144262893354E-17,1.0,1.2724121478279E-17));
#7618=DIRECTION('',(-1.0,3.45309814991954E-17,2.77555756156289E-16));
#7619=DIRECTION('',(1.0,-3.45309814991954E-17,-2.77555756156289E-16));
#7620=DIRECTION('',(1.46144262893354E-17,1.0,1.2724121478279E-17));
#7621=DIRECTION('',(1.46144262893354E-17,1.0,1.2724121478279E-17));
#7622=DIRECTION('',(1.0,-3.45309814991954E-17,-3.90936375501178E-16));
#7623=DIRECTION('',(-1.46144262893354E-17,-1.0,-1.2724121478279E-17));
#7624=DIRECTION('',(-1.0,3.45309814991954E-17,3.90936375501178E-16));
#7625=DIRECTION('',(1.46144262893354E-17,1.0,1.2724121478279E-17));
#7626=DIRECTION('',(-1.0,3.45309814991954E-17,2.77555756156289E-16));
#7627=CARTESIAN_POINT('',(3.42,3.5,1.65));
#7628=DIRECTION('',(1.46144262893354E-17,1.0,1.2724121478279E-17));
#7629=DIRECTION('',(-1.0,1.46144262893354E-17,2.77555756156289E-16));
#7630=DIRECTION('',(2.77555756156289E-16,-1.2724121478279E-17,1.0));
#7631=CARTESIAN_POINT('',(3.62,3.5,1.55));
#7632=DIRECTION('',(-1.46144262893354E-17,-1.0,-1.2724121478279E-17));
#7633=DIRECTION('',(-1.0,1.46144262893354E-17,2.77555756156289E-16));
#7634=DIRECTION('',(-1.0,3.45309814991954E-17,2.77555756156289E-16));
#7635=CARTESIAN_POINT('',(3.85,3.5,1.35));
#7636=DIRECTION('',(1.46144262893354E-17,1.0,1.2724121478279E-17));
#7637=DIRECTION('',(-1.0,1.46144262893354E-17,2.77555756156289E-16));
#7638=DIRECTION('',(-2.77555756156289E-16,1.2724121478279E-17,-1.0));
#7639=CARTESIAN_POINT('',(4.05,3.5,1.05));
#7640=DIRECTION('',(-1.46144262893354E-17,-1.0,-1.2724121478279E-17));
#7641=DIRECTION('',(-1.0,1.46144262893354E-17,2.77555756156289E-16));
#7642=DIRECTION('',(1.0,-3.45309814991954E-17,-2.77555756156289E-16));
#7643=DIRECTION('',(-2.77555756156289E-16,1.2724121478279E-17,-1.0));
#7644=DIRECTION('',(1.0,-3.45309814991954E-17,-2.77555756156289E-16));
#7645=CARTESIAN_POINT('',(4.05,3.5,-1.05));
#7646=DIRECTION('',(-1.46144262893354E-17,-1.0,-1.2724121478279E-17));
#7647=DIRECTION('',(-1.0,1.46144262893354E-17,2.77555756156289E-16));
#7648=DIRECTION('',(2.77555756156289E-16,-1.2724121478279E-17,1.0));
#7649=CARTESIAN_POINT('',(3.85,3.5,-1.35));
#7650=DIRECTION('',(1.46144262893354E-17,1.0,1.2724121478279E-17));
#7651=DIRECTION('',(-1.0,1.46144262893354E-17,2.77555756156289E-16));
#7652=DIRECTION('',(1.0,-3.45309814991954E-17,-2.77555756156289E-16));
#7653=CARTESIAN_POINT('',(3.62,3.5,-1.55));
#7654=DIRECTION('',(-1.46144262893354E-17,-1.0,-1.2724121478279E-17));
#7655=DIRECTION('',(-1.0,1.46144262893354E-17,2.77555756156289E-16));
#7656=DIRECTION('',(2.77555756156289E-16,-1.2724121478279E-17,1.0));
#7657=CARTESIAN_POINT('',(3.42,3.5,-1.65));
#7658=DIRECTION('',(1.46144262893354E-17,1.0,1.2724121478279E-17));
#7659=DIRECTION('',(-1.0,1.46144262893354E-17,2.77555756156289E-16));
#7660=DIRECTION('',(1.0,-3.45309814991954E-17,-2.77555756156289E-16));
#7661=DIRECTION('',(-2.77555756156289E-16,1.2724121478279E-17,-1.0));
#7662=DIRECTION('',(-0.998793402732982,3.51141911936715E-17,-0.0491094558824488));
#7663=DIRECTION('',(-2.77555756156289E-16,1.2724121478279E-17,-1.0));
#7664=DIRECTION('',(1.0,-3.45309814991954E-17,-2.77555756156289E-16));
#7665=CARTESIAN_POINT('',(-3.42,3.5,-1.65));
#7666=DIRECTION('',(1.46144262893354E-17,1.0,1.2724121478279E-17));
#7667=DIRECTION('',(-1.0,1.46144262893354E-17,2.77555756156289E-16));
#7668=DIRECTION('',(-2.77555756156289E-16,1.2724121478279E-17,-1.0));
#7669=CARTESIAN_POINT('',(-3.62,3.5,-1.55));
#7670=DIRECTION('',(-1.46144262893354E-17,-1.0,-1.2724121478279E-17));
#7671=DIRECTION('',(-1.0,1.46144262893354E-17,2.77555756156289E-16));
#7672=DIRECTION('',(1.0,-3.45309814991954E-17,-2.77555756156289E-16));
#7673=CARTESIAN_POINT('',(-3.85,3.5,-1.35));
#7674=DIRECTION('',(1.46144262893354E-17,1.0,1.2724121478279E-17));
#7675=DIRECTION('',(-1.0,1.46144262893354E-17,2.77555756156289E-16));
#7676=DIRECTION('',(2.77555756156289E-16,-1.2724121478279E-17,1.0));
#7677=CARTESIAN_POINT('',(-4.05,3.5,-1.05));
#7678=DIRECTION('',(-1.46144262893354E-17,-1.0,-1.2724121478279E-17));
#7679=DIRECTION('',(-1.0,1.46144262893354E-17,2.77555756156289E-16));
#7680=DIRECTION('',(-1.0,3.45309814991954E-17,2.77555756156289E-16));
#7681=DIRECTION('',(2.77555756156289E-16,-1.2724121478279E-17,1.0));
#7682=DIRECTION('',(-1.0,3.45309814991954E-17,2.77555756156289E-16));
#7683=CARTESIAN_POINT('',(-4.05,3.5,1.05));
#7684=DIRECTION('',(-1.46144262893354E-17,-1.0,-1.2724121478279E-17));
#7685=DIRECTION('',(-1.0,1.46144262893354E-17,2.77555756156289E-16));
#7686=DIRECTION('',(-2.77555756156289E-16,1.2724121478279E-17,-1.0));
#7687=CARTESIAN_POINT('',(-3.85,3.5,1.35));
#7688=DIRECTION('',(1.46144262893354E-17,1.0,1.2724121478279E-17));
#7689=DIRECTION('',(-1.0,1.46144262893354E-17,2.77555756156289E-16));
#7690=DIRECTION('',(-1.0,3.45309814991954E-17,2.77555756156289E-16));
#7691=CARTESIAN_POINT('',(-3.62,3.5,1.55));
#7692=DIRECTION('',(-1.46144262893354E-17,-1.0,-1.2724121478279E-17));
#7693=DIRECTION('',(-1.0,1.46144262893354E-17,2.77555756156289E-16));
#7694=DIRECTION('',(-2.77555756156289E-16,1.2724121478279E-17,-1.0));
#7695=CARTESIAN_POINT('',(-3.42,3.5,1.65));
#7696=DIRECTION('',(1.46144262893354E-17,1.0,1.2724121478279E-17));
#7697=DIRECTION('',(-1.0,1.46144262893354E-17,2.77555756156289E-16));
#7698=DIRECTION('',(2.77555756156289E-16,-1.2724121478279E-17,1.0));
#7699=DIRECTION('',(-1.0,3.45309814991954E-17,2.47439029142803E-16));
#7700=DIRECTION('',(-2.77555756156289E-16,1.2724121478279E-17,-1.0));
#7701=DIRECTION('',(1.0,-3.45309814991954E-17,-2.77555756156289E-16));
#7702=DIRECTION('',(0.784272790377493,-1.91874588465016E-17,-0.620416142821494));
#7703=DIRECTION('',(1.46144262893354E-17,1.0,1.2724121478279E-17));
#7704=DIRECTION('',(-0.784272790377493,1.91874588465016E-17,0.620416142821494));
#7705=DIRECTION('',(-0.620416142821997,3.14027606064556E-17,-0.784272790377095));
#7706=DIRECTION('',(1.46144262893354E-17,1.0,1.2724121478279E-17));
#7707=DIRECTION('',(0.620416142821997,-3.14027606064556E-17,0.784272790377095));
#7708=DIRECTION('',(0.784272790377541,-1.9187458846504E-17,-0.620416142821433));
#7709=DIRECTION('',(-0.784272790377541,1.9187458846504E-17,0.620416142821433));
#7710=DIRECTION('',(-4.80421822110606E-14,1.0,3.80775135371983E-14));
#7711=CARTESIAN_POINT('',(0.3805872530377,3.2,-1.897533274308));
#7712=DIRECTION('',(1.46144262893354E-17,1.0,1.2724121478279E-17));
#7713=DIRECTION('',(-0.620416142818873,-9.12156268958267E-19,0.784272790379567));
#7714=CARTESIAN_POINT('',(0.3805872530377,2.5,-1.897533274308));
#7715=DIRECTION('',(-1.46144262893354E-17,-1.0,-1.2724121478279E-17));
#7716=DIRECTION('',(0.620416142828917,-1.90462082448844E-17,0.784272790371621));
#7717=DIRECTION('',(5.65274581849807E-14,-1.0,4.43961968635317E-14));
#7718=DIRECTION('',(0.784272790376922,-3.4975959583183E-17,0.620416142822217));
#7719=DIRECTION('',(-0.784272790376922,3.4975959583183E-17,-0.620416142822217));
#7720=DIRECTION('',(-5.69636172303707E-14,1.0,-4.50306100204517E-14));
#7721=CARTESIAN_POINT('',(-0.0924294983199704,3.2,-1.506683591145));
#7722=DIRECTION('',(1.46144262893354E-17,1.0,1.2724121478279E-17));
#7723=DIRECTION('',(0.620416142781797,9.12156269873315E-19,-0.784272790408897));
#7724=DIRECTION('',(-2.11926236170471E-12,1.0,-3.26392845118321E-13));
#7725=CARTESIAN_POINT('',(-0.0924294983199704,2.5,-1.506683591145));
#7726=DIRECTION('',(-1.46144262893354E-17,-1.0,-1.2724121478279E-17));
#7727=DIRECTION('',(0.0491894748031201,1.19898425312698E-17,-0.998789465086909));
#7728=DIRECTION('',(-1.71786933017489E-13,-1.0,-1.36094346282678E-13));
#7729=DIRECTION('',(-0.784272790377406,3.4975959583192E-17,-0.620416142821604));
#7730=DIRECTION('',(0.784272790377406,-3.4975959583192E-17,0.620416142821604));
#7731=DIRECTION('',(-1.46144262893354E-17,-1.0,-1.2724121478279E-17));
#7732=CARTESIAN_POINT('',(-0.0924191060025204,3.2,-1.506675370075));
#7733=DIRECTION('',(-1.46144262893354E-17,-1.0,-1.2724121478279E-17));
#7734=DIRECTION('',(0.0491094558790721,1.19910620650262E-17,-0.998793402733149));
#7735=CARTESIAN_POINT('',(-0.0924191060025204,2.5,-1.506675370075));
#7736=DIRECTION('',(1.46144262893354E-17,1.0,1.2724121478279E-17));
#7737=DIRECTION('',(0.620416142818592,9.12156268965215E-19,-0.784272790379789));
#7738=CARTESIAN_POINT('',(4.5,2.25,1.6));
#7739=DIRECTION('',(1.0,-3.45309814991954E-17,-2.77555756156289E-16));
#7740=DIRECTION('',(-3.45309814991954E-17,-1.0,-1.2724121478279E-17));
#7741=DIRECTION('',(1.0,-3.45309814991954E-17,-2.77555756156289E-16));
#7742=CARTESIAN_POINT('',(4.3,2.25,1.6));
#7743=DIRECTION('',(-1.0,3.45309814991954E-17,2.77555756156289E-16));
#7744=DIRECTION('',(3.45309814991954E-17,1.0,1.2724121478279E-17));
#7745=DIRECTION('',(-1.0,3.45309814991954E-17,2.77555756156289E-16));
#7746=DIRECTION('',(-2.77555756156289E-16,1.2724121478279E-17,-1.0));
#7747=DIRECTION('',(2.77555756156289E-16,-1.2724121478279E-17,1.0));
#7748=DIRECTION('',(-1.0,3.45309814991954E-17,2.77555756156289E-16));
#7749=CARTESIAN_POINT('',(4.5,1.9,1.159149157617));
#7750=DIRECTION('',(-1.0,3.45309814991954E-17,2.77555756156289E-16));
#7751=DIRECTION('',(3.45309814991954E-17,1.0,1.2724121478279E-17));
#7752=DIRECTION('',(1.0,1.56923249124901E-13,5.63715740753444E-13));
#7753=CARTESIAN_POINT('',(4.3,1.9,1.159149157617));
#7754=DIRECTION('',(1.0,-3.45309814991954E-17,-2.77555756156289E-16));
#7755=DIRECTION('',(-4.12973175047515E-17,0.963244161546078,-0.268627409709794));
#7756=DIRECTION('',(-2.7127979709999E-16,-0.268627409702807,-0.963244161548026));
#7757=DIRECTION('',(-1.0,-2.88312676587508E-14,-1.05193631583244E-13));
#7758=DIRECTION('',(2.7127979709999E-16,0.268627409702807,0.963244161548026));
#7759=CARTESIAN_POINT('',(4.5,2.4500706840475,0.898015622397196));
#7760=DIRECTION('',(1.0,-3.45309814991954E-17,-2.77555756156289E-16));
#7761=DIRECTION('',(4.129731750349E-17,-0.963244161547303,0.268627409705401));
#7762=DIRECTION('',(1.0,4.79826148335408E-14,2.30371277609737E-14));
#7763=CARTESIAN_POINT('',(4.3,2.4500706840475,0.898015622397196));
#7764=DIRECTION('',(-1.0,3.45309814991954E-17,2.77555756156289E-16));
#7765=DIRECTION('',(-2.37295367693473E-16,0.420552832270803,-0.907268050395805));
#7766=DIRECTION('',(-1.2998606141199E-16,-0.90726805039543,-0.420552832271614));
#7767=DIRECTION('',(1.2998606141199E-16,0.90726805039543,0.420552832271614));
#7768=DIRECTION('',(-1.0,4.22230059172592E-14,1.85962356624763E-14));
#7769=DIRECTION('',(1.03467657317644E-16,-0.90726805039543,0.420552832271614));
#7770=DIRECTION('',(-1.0,4.61087865034392E-14,-2.30371277609737E-14));
#7771=DIRECTION('',(-1.03467657317644E-16,0.90726805039543,-0.420552832271614));
#7772=DIRECTION('',(1.0,2.88312676587508E-14,-1.47104550762863E-14));
#7773=CARTESIAN_POINT('',(4.5,2.4500706840475,-0.898015622397204));
#7774=DIRECTION('',(1.0,-3.45309814991954E-17,-2.77555756156289E-16));
#7775=DIRECTION('',(2.66339571834872E-16,0.420552832268205,0.90726805039701));
#7776=DIRECTION('',(1.0,-2.86227738655992E-14,1.02973185533944E-13));
#7777=CARTESIAN_POINT('',(4.3,2.4500706840475,-0.898015622397204));
#7778=DIRECTION('',(-1.0,3.45309814991954E-17,2.77555756156289E-16));
#7779=DIRECTION('',(-1.07820850147838E-16,-0.963244161546104,-0.268627409709701));
#7780=DIRECTION('',(2.63428126143196E-16,-0.268627409702807,0.963244161548026));
#7781=DIRECTION('',(1.68545708542273E-14,0.268627409702807,-0.963244161548026));
#7782=DIRECTION('',(-1.0,1.56853533209799E-13,-5.62605517728844E-13));
#7783=CARTESIAN_POINT('',(4.3,1.9,-1.159149157617));
#7784=DIRECTION('',(1.0,-3.45309814991954E-17,-2.77555756156289E-16));
#7785=DIRECTION('',(3.45309814991954E-17,1.0,1.2724121478279E-17));
#7786=CARTESIAN_POINT('',(4.5,1.9,-1.159149157617));
#7787=DIRECTION('',(-1.0,3.45309814991954E-17,2.77555756156289E-16));
#7788=DIRECTION('',(1.07820850146874E-16,0.963244161547107,0.268627409706102));
#7789=DIRECTION('',(1.0,-3.45309814991954E-17,-2.77555756156289E-16));
#7790=DIRECTION('',(2.77555756156289E-16,-1.2724121478279E-17,1.0));
#7791=DIRECTION('',(-1.0,3.45309814991954E-17,2.77555756156289E-16));
#7792=DIRECTION('',(2.77555756156289E-16,-1.2724121478279E-17,1.0));
#7793=CARTESIAN_POINT('',(4.5,2.25,-1.6));
#7794=DIRECTION('',(1.0,-3.45309814991954E-17,-2.77555756156289E-16));
#7795=DIRECTION('',(-3.45309814991954E-17,-1.0,-1.2724121478279E-17));
#7796=DIRECTION('',(1.0,-3.45309814991954E-17,-2.77555756156289E-16));
#7797=CARTESIAN_POINT('',(4.3,2.25,-1.6));
#7798=DIRECTION('',(-1.0,3.45309814991954E-17,2.77555756156289E-16));
#7799=DIRECTION('',(3.45309814991954E-17,1.0,1.2724121478279E-17));
#7800=DIRECTION('',(-1.46144262893354E-17,-1.0,-1.2724121478279E-17));
#7801=DIRECTION('',(-1.0,3.45309814991954E-17,2.77555756156289E-16));
#7802=DIRECTION('',(-1.46144262893354E-17,-1.0,-1.2724121478279E-17));
#7803=CARTESIAN_POINT('',(4.3,1.65,-1.6));
#7804=DIRECTION('',(-1.0,3.45309814991954E-17,2.77555756156289E-16));
#7805=DIRECTION('',(3.45309814991954E-17,1.0,1.2724121478279E-17));
#7806=CARTESIAN_POINT('',(4.5,1.65,-1.6));
#7807=DIRECTION('',(1.0,-3.45309814991954E-17,-2.77555756156289E-16));
#7808=DIRECTION('',(-3.45309814991954E-17,-1.0,-1.2724121478279E-17));
#7809=DIRECTION('',(1.0,-3.45309814991954E-17,-2.77555756156289E-16));
#7810=DIRECTION('',(2.77555756156289E-16,-1.2724121478279E-17,1.0));
#7811=DIRECTION('',(-1.0,3.45309814991954E-17,2.77555756156289E-16));
#7812=DIRECTION('',(-2.77555756156289E-16,1.2724121478279E-17,-1.0));
#7813=CARTESIAN_POINT('',(4.5,1.65,1.6));
#7814=DIRECTION('',(1.0,-3.45309814991954E-17,-2.77555756156289E-16));
#7815=DIRECTION('',(-3.45309814991954E-17,-1.0,-1.2724121478279E-17));
#7816=DIRECTION('',(1.0,-3.45309814991954E-17,-2.77555756156289E-16));
#7817=CARTESIAN_POINT('',(4.3,1.65,1.6));
#7818=DIRECTION('',(-1.0,3.45309814991954E-17,2.77555756156289E-16));
#7819=DIRECTION('',(3.45309814991954E-17,1.0,1.2724121478279E-17));
#7820=DIRECTION('',(-1.46144262893354E-17,-1.0,-1.2724121478279E-17));
#7821=DIRECTION('',(1.46144262893354E-17,1.0,1.2724121478279E-17));
#7822=DIRECTION('',(0.998793402732986,-3.51141911936707E-17,0.049109455882379));
#7823=DIRECTION('',(3.81485868148544E-13,1.27241214782659E-17,-1.0));
#7824=DIRECTION('',(-0.998789465088313,3.51150733930407E-17,-0.0491894747746103));
#7825=DIRECTION('',(-0.998789465088324,3.51150733930382E-17,-0.0491894747743809));
#7826=DIRECTION('',(1.46144262893251E-17,1.0,-3.71004455588517E-14));
#7827=DIRECTION('',(0.998789465088314,-3.51150733930404E-17,0.0491894747745804));
#7828=DIRECTION('',(-2.77555756156289E-16,1.2724121478279E-17,-1.0));
#7829=DIRECTION('',(-0.998793402732984,3.51141911936712E-17,-0.0491094558824189));
#7830=DIRECTION('',(-1.14048223984306E-14,1.0,3.93666087995678E-13));
#7831=DIRECTION('',(0.998793402732994,-3.5114191193669E-17,0.0491094558822194));
#7832=CARTESIAN_POINT('',(4.3,2.910250059551,0.449999999999996));
#7833=DIRECTION('',(1.0,-3.45309814991954E-17,-2.77555756156289E-16));
#7834=DIRECTION('',(2.77555756156289E-16,-1.2724121478279E-17,1.0));
#7835=CARTESIAN_POINT('',(4.5,2.910250059551,0.449999999999996));
#7836=DIRECTION('',(-1.0,3.45309814991954E-17,2.77555756156289E-16));
#7837=DIRECTION('',(2.37295367693407E-16,-0.420552832271208,0.907268050395618));
#7838=DIRECTION('',(1.0,-9.42099051029992E-14,-2.7755575615629E-16));
#7839=DIRECTION('',(-1.46144262893354E-17,-1.0,-1.2724121478279E-17));
#7840=DIRECTION('',(-2.77555756156289E-16,1.2724121478279E-17,-1.0));
#7841=DIRECTION('',(-1.46144262893354E-17,-1.0,-1.2724121478279E-17));
#7842=CARTESIAN_POINT('',(4.3,2.910250059551,-0.450000000000004));
#7843=DIRECTION('',(1.0,-3.45309814991954E-17,-2.77555756156289E-16));
#7844=DIRECTION('',(-2.66339571834467E-16,-0.420552832272507,-0.907268050395016));
#7845=DIRECTION('',(-1.0,9.33297614196192E-14,2.7755575615629E-16));
#7846=CARTESIAN_POINT('',(4.5,2.910250059551,-0.450000000000004));
#7847=DIRECTION('',(-1.0,3.45309814991954E-17,2.77555756156289E-16));
#7848=DIRECTION('',(-2.77555756156289E-16,1.2724121478279E-17,-1.0));
#7849=DIRECTION('',(-1.46144262893354E-17,-1.0,-1.2724121478279E-17));
#7850=DIRECTION('',(2.77555756156289E-16,-1.2724121478279E-17,1.0));
#7851=DIRECTION('',(1.46144262893354E-17,1.0,1.2724121478279E-17));
#7852=DIRECTION('',(5.14957204482804E-14,-1.0,-1.03021942161248E-12));
#7853=DIRECTION('',(2.23202147422493E-14,1.0,-2.67654479670022E-13));
#7854=CARTESIAN_POINT('',(4.2,3.2,0.949999999999996));
#7855=DIRECTION('',(-2.77555756156289E-16,1.2724121478279E-17,-1.0));
#7856=DIRECTION('',(1.46144262893354E-17,1.0,1.2724121478279E-17));
#7857=CARTESIAN_POINT('',(4.2,3.2,-0.950000000000004));
#7858=DIRECTION('',(2.77555756156289E-16,-1.2724121478279E-17,1.0));
#7859=DIRECTION('',(1.0,-3.45309814991954E-17,-2.77555756156289E-16));
#7860=DIRECTION('',(-1.46144262893354E-17,-1.0,-1.2724121478279E-17));
#7861=DIRECTION('',(-1.0,3.45309814991954E-17,2.77555756156289E-16));
#7862=DIRECTION('',(1.46144262893539E-17,1.0,6.65506801785383E-14));
#7863=DIRECTION('',(4.04140797158263E-14,-1.27241214782804E-17,1.0));
#7864=DIRECTION('',(-0.998789465088304,3.51150733930426E-17,-0.0491894747747799));
#7865=DIRECTION('',(-2.63355417053037E-14,-1.27241214782781E-17,1.0));
#7866=DIRECTION('',(-1.46144262893084E-17,-1.0,9.71848739991817E-14));
#7867=DIRECTION('',(1.0,-3.45309814991954E-17,-2.77555756156289E-16));
#7868=DIRECTION('',(1.46144262893354E-17,1.0,1.2724121478279E-17));
#7869=DIRECTION('',(2.77555756156289E-16,-1.2724121478279E-17,1.0));
#7870=DIRECTION('',(1.46144262893354E-17,1.0,1.2724121478279E-17));
#7871=DIRECTION('',(-1.46144262893354E-17,-1.0,-1.2724121478279E-17));
#7872=DIRECTION('',(1.0,-3.45309814991954E-17,-2.77555756156289E-16));
#7873=DIRECTION('',(1.46144262893354E-17,1.0,1.2724121478279E-17));
#7874=DIRECTION('',(-1.46144262893354E-17,-1.0,-1.2724121478279E-17));
#7875=DIRECTION('',(-1.46144262893354E-17,-1.0,-1.2724121478279E-17));
#7876=DIRECTION('',(-2.77555756156289E-16,1.2724121478279E-17,-1.0));
#7877=DIRECTION('',(1.46144262893354E-17,1.0,1.2724121478279E-17));
#7878=DIRECTION('',(-1.46144262893354E-17,-1.0,-1.2724121478279E-17));
#7879=DIRECTION('',(1.0,-3.45309814991954E-17,-2.77555756156289E-16));
#7880=DIRECTION('',(1.46144262893354E-17,1.0,1.2724121478279E-17));
#7881=DIRECTION('',(-2.77555756156289E-16,1.2724121478279E-17,-1.0));
#7882=DIRECTION('',(1.46144262893354E-17,1.0,1.2724121478279E-17));
#7883=DIRECTION('',(-1.46144262893354E-17,-1.0,-1.2724121478279E-17));
#7884=DIRECTION('',(-1.0,3.45309814991954E-17,2.77555756156289E-16));
#7885=DIRECTION('',(1.46144262893354E-17,1.0,1.2724121478279E-17));
#7886=DIRECTION('',(-1.46144262893354E-17,-1.0,-1.2724121478279E-17));
#7887=DIRECTION('',(-1.46144262893354E-17,-1.0,-1.2724121478279E-17));
#7888=DIRECTION('',(2.77555756156289E-16,-1.2724121478279E-17,1.0));
#7889=DIRECTION('',(1.46144262893354E-17,1.0,1.2724121478279E-17));
#7890=DIRECTION('',(-1.46144262893354E-17,-1.0,-1.2724121478279E-17));
#7891=DIRECTION('',(-1.0,3.45309814991954E-17,2.77555756156289E-16));
#7892=DIRECTION('',(1.46144262893354E-17,1.0,1.2724121478279E-17));
#7893=DIRECTION('',(2.77555756156289E-16,-1.2724121478279E-17,1.0));
#7894=DIRECTION('',(1.46144262893354E-17,1.0,1.2724121478279E-17));
#7895=DIRECTION('',(-1.46144262893354E-17,-1.0,-1.2724121478279E-17));
#7896=DIRECTION('',(-1.46144262893354E-17,-1.0,-1.2724121478279E-17));
#7897=DIRECTION('',(-1.0,3.45309814991954E-17,2.77555756156289E-16));
#7898=CARTESIAN_POINT('',(4.2,3.2,0.949999999999996));
#7899=DIRECTION('',(2.77555756156289E-16,-1.2724121478279E-17,1.0));
#7900=DIRECTION('',(1.0,-3.45309814991954E-17,-2.77555756156289E-16));
#7901=CARTESIAN_POINT('',(4.2,3.2,-0.950000000000004));
#7902=DIRECTION('',(-2.77555756156289E-16,1.2724121478279E-17,-1.0));
#7903=DIRECTION('',(1.46144262893354E-17,1.0,1.2724121478279E-17));
#7904=DIRECTION('',(2.77555756156289E-16,-1.2724121478279E-17,1.0));
#7905=DIRECTION('',(1.0,-3.45309814991954E-17,-2.77555756156289E-16));
#7906=DIRECTION('',(1.46144262893354E-17,1.0,1.2724121478279E-17));
#7907=DIRECTION('',(-1.46144262893354E-17,-1.0,-1.2724121478279E-17));
#7908=DIRECTION('',(2.77555756156289E-16,-1.2724121478279E-17,1.0));
#7909=DIRECTION('',(1.46144262893354E-17,1.0,1.2724121478279E-17));
#7910=DIRECTION('',(-1.0,3.45309814991954E-17,2.77555756156289E-16));
#7911=DIRECTION('',(1.46144262893354E-17,1.0,1.2724121478279E-17));
#7912=DIRECTION('',(-1.46144262893354E-17,-1.0,-1.2724121478279E-17));
#7913=DIRECTION('',(2.77555756156289E-16,-1.2724121478279E-17,1.0));
#7914=DIRECTION('',(1.46144262893354E-17,1.0,1.2724121478279E-17));
#7915=DIRECTION('',(-1.46144262893354E-17,-1.0,-1.2724121478279E-17));
#7916=DIRECTION('',(-2.77555756156289E-16,1.2724121478279E-17,-1.0));
#7917=DIRECTION('',(1.46144262893354E-17,1.0,1.2724121478279E-17));
#7918=DIRECTION('',(-1.46144262893354E-17,-1.0,-1.2724121478279E-17));
#7919=CARTESIAN_POINT('',(-4.2,3.2,-0.950000000000002));
#7920=DIRECTION('',(2.77555756156289E-16,-1.2724121478279E-17,1.0));
#7921=DIRECTION('',(1.46144262893354E-17,1.0,1.2724121478279E-17));
#7922=DIRECTION('',(-2.77555756156289E-16,1.2724121478279E-17,-1.0));
#7923=CARTESIAN_POINT('',(-4.2,3.2,0.949999999999998));
#7924=DIRECTION('',(-2.77555756156289E-16,1.2724121478279E-17,-1.0));
#7925=DIRECTION('',(-1.0,3.45309814991954E-17,2.77555756156289E-16));
#7926=DIRECTION('',(1.0,9.41408431400008E-14,-2.77555756156288E-16));
#7927=DIRECTION('',(-1.46144262893354E-17,-1.0,-1.2724121478279E-17));
#7928=CARTESIAN_POINT('',(-4.2,3.2,0.949999999999998));
#7929=DIRECTION('',(2.77555756156289E-16,-1.2724121478279E-17,1.0));
#7930=DIRECTION('',(1.46144262893354E-17,1.0,1.2724121478279E-17));
#7931=DIRECTION('',(-1.0,3.45309814991954E-17,2.77555756156289E-16));
#7932=DIRECTION('',(1.46144262893354E-17,1.0,1.2724121478279E-17));
#7933=DIRECTION('',(-1.46144262893354E-17,-1.0,-1.2724121478279E-17));
#7934=DIRECTION('',(-1.46144262893354E-17,-1.0,-1.2724121478279E-17));
#7935=CARTESIAN_POINT('',(-4.5,1.65,-1.6));
#7936=DIRECTION('',(-1.0,3.45309814991954E-17,2.77555756156289E-16));
#7937=DIRECTION('',(-3.45309814991954E-17,-1.0,-1.2724121478279E-17));
#7938=DIRECTION('',(-2.77555756156289E-16,1.2724121478279E-17,-1.0));
#7939=CARTESIAN_POINT('',(-4.5,1.65,1.6));
#7940=DIRECTION('',(-1.0,3.45309814991954E-17,2.77555756156289E-16));
#7941=DIRECTION('',(-3.45309814991954E-17,-1.0,-1.2724121478279E-17));
#7942=DIRECTION('',(-1.46144262893354E-17,-1.0,-1.2724121478279E-17));
#7943=CARTESIAN_POINT('',(-4.5,2.25,1.6));
#7944=DIRECTION('',(-1.0,3.45309814991954E-17,2.77555756156289E-16));
#7945=DIRECTION('',(-3.45309814991954E-17,-1.0,-1.2724121478279E-17));
#7946=DIRECTION('',(-2.77555756156289E-16,1.2724121478279E-17,-1.0));
#7947=CARTESIAN_POINT('',(-4.5,1.9,1.159149157617));
#7948=DIRECTION('',(1.0,-3.45309814991954E-17,-2.77555756156289E-16));
#7949=DIRECTION('',(-4.12973175047515E-17,0.963244161546078,-0.268627409709794));
#7950=DIRECTION('',(2.7127979709999E-16,0.268627409702807,0.963244161548026));
#7951=CARTESIAN_POINT('',(-4.5,2.4500706840475,0.898015622397198));
#7952=DIRECTION('',(-1.0,3.45309814991954E-17,2.77555756156289E-16));
#7953=DIRECTION('',(-2.37295367693486E-16,0.42055283227072,-0.907268050395844));
#7954=DIRECTION('',(-1.2998606141199E-16,-0.90726805039543,-0.420552832271614));
#7955=CARTESIAN_POINT('',(-4.5,2.910250059551,0.449999999999998));
#7956=DIRECTION('',(1.0,-3.45309814991954E-17,-2.77555756156289E-16));
#7957=DIRECTION('',(2.77555756156289E-16,-1.2724121478279E-17,1.0));
#7958=DIRECTION('',(1.46144262893354E-17,1.0,1.2724121478279E-17));
#7959=CARTESIAN_POINT('',(-4.5,2.910250059551,-0.450000000000002));
#7960=DIRECTION('',(1.0,-3.45309814991954E-17,-2.77555756156289E-16));
#7961=DIRECTION('',(-2.66339571834467E-16,-0.420552832272507,-0.907268050395016));
#7962=DIRECTION('',(-1.03467657317644E-16,0.90726805039543,-0.420552832271614));
#7963=CARTESIAN_POINT('',(-4.5,2.4500706840475,-0.898015622397202));
#7964=DIRECTION('',(-1.0,3.45309814991954E-17,2.77555756156289E-16));
#7965=DIRECTION('',(-1.07820850147838E-16,-0.963244161546104,-0.268627409709701));
#7966=DIRECTION('',(2.63428126143196E-16,-0.268627409702807,0.963244161548026));
#7967=CARTESIAN_POINT('',(-4.5,1.9,-1.159149157617));
#7968=DIRECTION('',(1.0,-3.45309814991954E-17,-2.77555756156289E-16));
#7969=DIRECTION('',(3.45309814991954E-17,1.0,1.2724121478279E-17));
#7970=DIRECTION('',(-2.77555756156289E-16,1.2724121478279E-17,-1.0));
#7971=CARTESIAN_POINT('',(-4.5,2.25,-1.6));
#7972=DIRECTION('',(-1.0,3.45309814991954E-17,2.77555756156289E-16));
#7973=DIRECTION('',(-3.45309814991954E-17,-1.0,-1.2724121478279E-17));
#7974=CARTESIAN_POINT('',(-4.3,1.65,1.6));
#7975=DIRECTION('',(1.0,-3.45309814991954E-17,-2.77555756156289E-16));
#7976=DIRECTION('',(-3.45309814991954E-17,-1.0,-1.2724121478279E-17));
#7977=DIRECTION('',(1.0,-3.45309814991954E-17,-2.77555756156289E-16));
#7978=DIRECTION('',(-1.0,3.45309814991954E-17,2.77555756156289E-16));
#7979=DIRECTION('',(-1.46144262893354E-17,-1.0,-1.2724121478279E-17));
#7980=DIRECTION('',(-1.0,3.45309814991954E-17,2.77555756156289E-16));
#7981=CARTESIAN_POINT('',(-4.3,2.25,1.6));
#7982=DIRECTION('',(1.0,-3.45309814991954E-17,-2.77555756156289E-16));
#7983=DIRECTION('',(-3.45309814991954E-17,-1.0,-1.2724121478279E-17));
#7984=DIRECTION('',(1.0,-3.45309814991954E-17,-2.77555756156289E-16));
#7985=DIRECTION('',(-2.77555756156289E-16,1.2724121478279E-17,-1.0));
#7986=DIRECTION('',(-1.0,3.45309814991954E-17,2.77555756156289E-16));
#7987=CARTESIAN_POINT('',(-4.3,1.9,1.159149157617));
#7988=DIRECTION('',(-1.0,3.45309814991954E-17,2.77555756156289E-16));
#7989=DIRECTION('',(3.45309814991954E-17,1.0,1.2724121478279E-17));
#7990=DIRECTION('',(1.0,1.56923249124901E-13,5.61495294704144E-13));
#7991=DIRECTION('',(-2.7127979709999E-16,-0.268627409702807,-0.963244161548026));
#7992=DIRECTION('',(-1.0,-2.86924897806808E-14,-1.01862962509344E-13));
#7993=CARTESIAN_POINT('',(-4.3,2.4500706840475,0.898015622397198));
#7994=DIRECTION('',(1.0,-3.45309814991954E-17,-2.77555756156289E-16));
#7995=DIRECTION('',(4.129731750349E-17,-0.963244161547303,0.268627409705401));
#7996=DIRECTION('',(1.0,5.13132839074108E-14,2.41473507855937E-14));
#7997=DIRECTION('',(1.2998606141199E-16,0.90726805039543,0.420552832271614));
#7998=DIRECTION('',(-1.0,3.16758871833192E-14,1.41553435639663E-14));
#7999=CARTESIAN_POINT('',(-4.3,2.910250059551,-0.450000000000002));
#8000=DIRECTION('',(-1.0,3.45309814991954E-17,2.77555756156289E-16));
#8001=DIRECTION('',(-2.77555756156289E-16,1.2724121478279E-17,-1.0));
#8002=DIRECTION('',(1.0,1.82841489248208E-14,-2.77555756156289E-16));
#8003=DIRECTION('',(-1.0,3.45309814991954E-17,2.77555756156289E-16));
#8004=DIRECTION('',(1.03467657317644E-16,-0.90726805039543,0.420552832271614));
#8005=DIRECTION('',(-1.0,4.91618998211592E-14,-2.24820162486637E-14));
#8006=CARTESIAN_POINT('',(-4.3,2.4500706840475,-0.898015622397202));
#8007=DIRECTION('',(1.0,-3.45309814991954E-17,-2.77555756156289E-16));
#8008=DIRECTION('',(2.66339571834872E-16,0.420552832268205,0.90726805039701));
#8009=DIRECTION('',(1.0,-2.89003296217492E-14,1.01862962509344E-13));
#8010=DIRECTION('',(-2.63428126143196E-16,0.268627409702807,-0.963244161548026));
#8011=DIRECTION('',(-1.0,1.58241311990599E-13,-5.67046409827344E-13));
#8012=CARTESIAN_POINT('',(-4.3,1.9,-1.159149157617));
#8013=DIRECTION('',(-1.0,3.45309814991954E-17,2.77555756156289E-16));
#8014=DIRECTION('',(1.07820850146899E-16,0.963244161547082,0.268627409706195));
#8015=DIRECTION('',(1.0,-3.45309814991954E-17,-2.77555756156289E-16));
#8016=DIRECTION('',(2.77555756156289E-16,-1.2724121478279E-17,1.0));
#8017=DIRECTION('',(-1.0,3.45309814991954E-17,2.77555756156289E-16));
#8018=CARTESIAN_POINT('',(-4.3,2.25,-1.6));
#8019=DIRECTION('',(1.0,-3.45309814991954E-17,-2.77555756156289E-16));
#8020=DIRECTION('',(-3.45309814991954E-17,-1.0,-1.2724121478279E-17));
#8021=DIRECTION('',(1.0,-3.45309814991954E-17,-2.77555756156289E-16));
#8022=DIRECTION('',(-1.46144262893354E-17,-1.0,-1.2724121478279E-17));
#8023=DIRECTION('',(-1.0,3.45309814991954E-17,2.77555756156289E-16));
#8024=CARTESIAN_POINT('',(-4.3,1.65,-1.6));
#8025=DIRECTION('',(1.0,-3.45309814991954E-17,-2.77555756156289E-16));
#8026=DIRECTION('',(-3.45309814991954E-17,-1.0,-1.2724121478279E-17));
#8027=DIRECTION('',(1.0,-3.45309814991954E-17,-2.77555756156289E-16));
#8028=DIRECTION('',(-2.77555756156289E-16,1.2724121478279E-17,-1.0));
#8029=CARTESIAN_POINT('',(3.42,3.3,1.65));
#8030=DIRECTION('',(-1.46144262893354E-17,-1.0,-1.2724121478279E-17));
#8031=DIRECTION('',(1.0,-1.46144262893354E-17,-2.77555756156289E-16));
#8032=CARTESIAN_POINT('',(-3.42,3.3,1.65));
#8033=DIRECTION('',(-1.46144262893354E-17,-1.0,-1.2724121478279E-17));
#8034=DIRECTION('',(1.0,-1.46144262893354E-17,-2.77555756156289E-16));
#8035=CARTESIAN_POINT('',(-3.62,3.3,1.55));
#8036=DIRECTION('',(1.46144262893354E-17,1.0,1.2724121478279E-17));
#8037=DIRECTION('',(1.0,-1.46144262893354E-17,-2.77555756156289E-16));
#8038=CARTESIAN_POINT('',(-3.85,3.3,1.35));
#8039=DIRECTION('',(-1.46144262893354E-17,-1.0,-1.2724121478279E-17));
#8040=DIRECTION('',(1.0,-1.46144262893354E-17,-2.77555756156289E-16));
#8041=CARTESIAN_POINT('',(-4.05,3.3,1.05));
#8042=DIRECTION('',(1.46144262893354E-17,1.0,1.2724121478279E-17));
#8043=DIRECTION('',(1.0,-1.46144262893354E-17,-2.77555756156289E-16));
#8044=DIRECTION('',(-2.77555756156289E-16,1.2724121478279E-17,-1.0));
#8045=DIRECTION('',(1.0,-3.45309814991954E-17,-2.77555756156289E-16));
#8046=CARTESIAN_POINT('',(-4.05,3.3,-1.05));
#8047=DIRECTION('',(1.46144262893354E-17,1.0,1.2724121478279E-17));
#8048=DIRECTION('',(1.0,-1.46144262893354E-17,-2.77555756156289E-16));
#8049=CARTESIAN_POINT('',(-3.85,3.3,-1.35));
#8050=DIRECTION('',(-1.46144262893354E-17,-1.0,-1.2724121478279E-17));
#8051=DIRECTION('',(1.0,-1.46144262893354E-17,-2.77555756156289E-16));
#8052=CARTESIAN_POINT('',(-3.62,3.3,-1.55));
#8053=DIRECTION('',(1.46144262893354E-17,1.0,1.2724121478279E-17));
#8054=DIRECTION('',(1.0,-1.46144262893354E-17,-2.77555756156289E-16));
#8055=CARTESIAN_POINT('',(-3.42,3.3,-1.65));
#8056=DIRECTION('',(-1.46144262893354E-17,-1.0,-1.2724121478279E-17));
#8057=DIRECTION('',(1.0,-1.46144262893354E-17,-2.77555756156289E-16));
#8058=CARTESIAN_POINT('',(3.42,3.3,-1.65));
#8059=DIRECTION('',(-1.46144262893354E-17,-1.0,-1.2724121478279E-17));
#8060=DIRECTION('',(1.0,-1.46144262893354E-17,-2.77555756156289E-16));
#8061=CARTESIAN_POINT('',(3.62,3.3,-1.55));
#8062=DIRECTION('',(1.46144262893354E-17,1.0,1.2724121478279E-17));
#8063=DIRECTION('',(1.0,-1.46144262893354E-17,-2.77555756156289E-16));
#8064=CARTESIAN_POINT('',(3.85,3.3,-1.35));
#8065=DIRECTION('',(-1.46144262893354E-17,-1.0,-1.2724121478279E-17));
#8066=DIRECTION('',(1.0,-1.46144262893354E-17,-2.77555756156289E-16));
#8067=CARTESIAN_POINT('',(4.05,3.3,-1.05));
#8068=DIRECTION('',(1.46144262893354E-17,1.0,1.2724121478279E-17));
#8069=DIRECTION('',(1.0,-1.46144262893354E-17,-2.77555756156289E-16));
#8070=CARTESIAN_POINT('',(4.05,3.3,1.05));
#8071=DIRECTION('',(1.46144262893354E-17,1.0,1.2724121478279E-17));
#8072=DIRECTION('',(1.0,-1.46144262893354E-17,-2.77555756156289E-16));
#8073=CARTESIAN_POINT('',(3.85,3.3,1.35));
#8074=DIRECTION('',(-1.46144262893354E-17,-1.0,-1.2724121478279E-17));
#8075=DIRECTION('',(1.0,-1.46144262893354E-17,-2.77555756156289E-16));
#8076=CARTESIAN_POINT('',(3.62,3.3,1.55));
#8077=DIRECTION('',(1.46144262893354E-17,1.0,1.2724121478279E-17));
#8078=DIRECTION('',(1.0,-1.46144262893354E-17,-2.77555756156289E-16));
#8079=DIRECTION('',(2.77555756156289E-16,-1.2724121478279E-17,1.0));
#8080=DIRECTION('',(1.0,-3.45309814991954E-17,-2.77555756156289E-16));
#8081=DIRECTION('',(-2.77555756156289E-16,1.2724121478279E-17,-1.0));
#8082=DIRECTION('',(-1.0,3.45309814991954E-17,2.47439029142803E-16));
#8083=DIRECTION('',(-1.46144262893354E-17,-1.0,-1.2724121478279E-17));
#8084=DIRECTION('',(-1.46144262893354E-17,-1.0,-1.2724121478279E-17));
#8085=CARTESIAN_POINT('',(-4.2,3.2,-0.950000000000002));
#8086=DIRECTION('',(-2.77555756156289E-16,1.2724121478279E-17,-1.0));
#8087=DIRECTION('',(-1.0,3.45309814991954E-17,2.77555756156289E-16));
#8088=DIRECTION('',(2.77555756156289E-16,-1.2724121478279E-17,1.0));
#8089=CARTESIAN_POINT('',(-4.3,2.910250059551,0.449999999999998));
#8090=DIRECTION('',(-1.0,3.45309814991954E-17,2.77555756156289E-16));
#8091=DIRECTION('',(2.37295367693407E-16,-0.420552832271208,0.907268050395618));
#8092=DIRECTION('',(-0.464237146915763,-0.88571094123507,1.17581798737127E-16));
#8093=DIRECTION('',(-1.0,3.45309814991954E-17,2.77555756156289E-16));
#8094=DIRECTION('',(1.46144262893354E-17,1.0,1.2724121478279E-17));
#8095=DIRECTION('',(1.0,-3.45309814991954E-17,-2.77555756156289E-16));
#8096=DIRECTION('',(2.35922392732863E-14,-1.27241214782798E-17,1.0));
#8097=DIRECTION('',(-2.77555756156289E-16,1.2724121478279E-17,-1.0));
#8098=DIRECTION('',(-2.77555756156289E-16,1.2724121478279E-17,-1.0));
#8099=DIRECTION('',(-2.30371277609737E-14,-1.27241214782782E-17,1.0));
#8100=DIRECTION('',(-1.0,3.45309814991954E-17,2.77555756156289E-16));
#8101=DIRECTION('',(-2.35922392732863E-14,1.27241214782798E-17,-1.0));
#8102=DIRECTION('',(2.77555756156289E-16,-1.2724121478279E-17,1.0));
#8103=DIRECTION('',(-2.77555756156289E-16,1.2724121478279E-17,-1.0));
#8104=DIRECTION('',(-2.77555756156289E-16,1.2724121478279E-17,-1.0));
#8105=DIRECTION('',(2.77555756156289E-16,-1.2724121478279E-17,1.0));
#8106=DIRECTION('',(2.77555756156286E-16,-2.22057329046478E-13,1.0));
#8107=DIRECTION('',(-2.77555756156289E-16,1.2724121478279E-17,-1.0));
#8108=DIRECTION('',(-2.77555756156289E-16,1.2724121478279E-17,-1.0));
#8109=DIRECTION('',(-1.46144262893354E-17,-1.0,-1.2724121478279E-17));
#8110=DIRECTION('',(2.77555756156289E-16,-1.2724121478279E-17,1.0));
#8111=DIRECTION('',(2.77555756156289E-16,-1.2724121478279E-17,1.0));
#8112=DIRECTION('',(2.77555756156289E-16,-1.2724121478279E-17,1.0));
#8113=DIRECTION('',(-2.77555756156289E-16,1.2724121478279E-17,-1.0));
#8114=DIRECTION('',(2.77555756156289E-16,-1.2724121478279E-17,1.0));
#8115=DIRECTION('',(-2.30371277609737E-14,-1.27241214782782E-17,1.0));
#8116=DIRECTION('',(1.0,-3.45309814991954E-17,-2.77555756156289E-16));
#8117=DIRECTION('',(0.464237146915763,-0.88571094123507,-1.40121585958959E-16));
#8118=DIRECTION('',(1.46144262893354E-17,1.0,1.2724121478279E-17));
#8119=DIRECTION('',(1.46144262893354E-17,1.0,1.2724121478279E-17));
#8120=DIRECTION('',(1.46144262893354E-17,1.0,1.2724121478279E-17));
#8121=DIRECTION('',(1.46144262893354E-17,1.0,1.2724121478279E-17));
#8122=DIRECTION('',(1.46144262893354E-17,1.0,1.2724121478279E-17));
#8123=DIRECTION('',(1.46144262893354E-17,1.0,1.2724121478279E-17));
#8124=DIRECTION('',(1.46144262893354E-17,1.0,1.2724121478279E-17));
#8125=DIRECTION('',(1.46144262893354E-17,1.0,1.2724121478279E-17));
#8126=DIRECTION('',(-2.77555756156289E-16,1.2724121478279E-17,-1.0));
#8127=DIRECTION('',(-2.77555756156289E-16,1.2724121478279E-17,-1.0));
#8128=DIRECTION('',(2.77555756156289E-16,-1.2724121478279E-17,1.0));
#8129=DIRECTION('',(2.77555756156289E-16,-1.2724121478279E-17,1.0));
#8130=DIRECTION('',(-1.0,3.45309814991954E-17,2.77555756156289E-16));
#8131=DIRECTION('',(2.77555756156289E-16,-1.2724121478279E-17,1.0));
#8132=DIRECTION('',(1.0,-3.45309814991954E-17,-2.77555756156289E-16));
#8133=DIRECTION('',(1.0,-3.45309814991954E-17,-2.77555756156289E-16));
#8134=DIRECTION('',(1.0,-3.45309814991954E-17,-2.77555756156289E-16));
#8135=DIRECTION('',(-2.77555756156289E-16,1.2724121478279E-17,-1.0));
#8136=DIRECTION('',(-1.0,3.45309814991954E-17,2.77555756156289E-16));
#8137=DIRECTION('',(-1.0,3.45309814991954E-17,2.77555756156289E-16));
#8138=DIRECTION('',(1.0,-3.45309814991954E-17,-2.77555756156289E-16));
#8139=DIRECTION('',(2.77555756156289E-16,-1.2724121478279E-17,1.0));
#8140=DIRECTION('',(-1.0,3.45309814991954E-17,2.77555756156289E-16));
#8141=DIRECTION('',(-2.77555756156289E-16,1.2724121478279E-17,-1.0));
#8142=DIRECTION('',(1.0,-3.45309814991954E-17,-2.77555756156289E-16));
#8143=DIRECTION('',(2.77555756156289E-16,-1.2724121478279E-17,1.0));
#8144=DIRECTION('',(-1.0,3.45309814991954E-17,2.77555756156289E-16));
#8145=DIRECTION('',(-2.77555756156289E-16,1.2724121478279E-17,-1.0));
#8146=DIRECTION('',(1.0,-3.45309814991954E-17,-2.77555756156289E-16));
#8147=DIRECTION('',(2.77555756156289E-16,-1.2724121478279E-17,1.0));
#8148=DIRECTION('',(-1.0,3.45309814991954E-17,2.77555756156289E-16));
#8149=DIRECTION('',(-2.77555756156289E-16,1.2724121478279E-17,-1.0));
#8150=DIRECTION('',(1.0,-3.45309814991954E-17,-2.77555756156289E-16));
#8151=DIRECTION('',(2.77555756156289E-16,-1.2724121478279E-17,1.0));
#8152=DIRECTION('',(-1.0,3.45309814991954E-17,2.77555756156289E-16));
#8153=DIRECTION('',(-2.77555756156289E-16,1.2724121478279E-17,-1.0));
#8154=DIRECTION('',(1.46144262893354E-17,1.0,1.2724121478279E-17));
#8155=DIRECTION('',(1.46144262893354E-17,1.0,1.2724121478279E-17));
#8156=DIRECTION('',(-2.77555756156289E-16,1.2724121478279E-17,-1.0));
#8157=DIRECTION('',(1.46144262893354E-17,1.0,1.2724121478279E-17));
#8158=DIRECTION('',(1.0,-3.45309814991954E-17,-2.77555756156289E-16));
#8159=DIRECTION('',(1.46144262893354E-17,1.0,1.2724121478279E-17));
#8160=DIRECTION('',(2.77555756156289E-16,-1.2724121478279E-17,1.0));
#8161=DIRECTION('',(-1.0,3.45309814991954E-17,2.77555756156289E-16));
#8162=DIRECTION('',(1.46144262893354E-17,1.0,1.2724121478279E-17));
#8163=DIRECTION('',(1.46144262893354E-17,1.0,1.2724121478279E-17));
#8164=DIRECTION('',(-2.77555756156289E-16,1.2724121478279E-17,-1.0));
#8165=DIRECTION('',(1.46144262893354E-17,1.0,1.2724121478279E-17));
#8166=DIRECTION('',(1.0,-3.45309814991954E-17,-2.77555756156289E-16));
#8167=DIRECTION('',(1.46144262893354E-17,1.0,1.2724121478279E-17));
#8168=DIRECTION('',(2.77555756156289E-16,-1.2724121478279E-17,1.0));
#8169=DIRECTION('',(-1.0,3.45309814991954E-17,2.77555756156289E-16));
#8170=DIRECTION('',(1.46144262893354E-17,1.0,1.2724121478279E-17));
#8171=DIRECTION('',(1.46144262893354E-17,1.0,1.2724121478279E-17));
#8172=DIRECTION('',(-2.77555756156289E-16,1.2724121478279E-17,-1.0));
#8173=DIRECTION('',(1.46144262893354E-17,1.0,1.2724121478279E-17));
#8174=DIRECTION('',(1.0,-3.45309814991954E-17,-2.77555756156289E-16));
#8175=DIRECTION('',(1.46144262893354E-17,1.0,1.2724121478279E-17));
#8176=DIRECTION('',(2.77555756156289E-16,-1.2724121478279E-17,1.0));
#8177=DIRECTION('',(-1.0,3.45309814991954E-17,2.77555756156289E-16));
#8178=DIRECTION('',(1.46144262893354E-17,1.0,1.2724121478279E-17));
#8179=DIRECTION('',(1.46144262893354E-17,1.0,1.2724121478279E-17));
#8180=DIRECTION('',(-2.77555756156289E-16,1.2724121478279E-17,-1.0));
#8181=DIRECTION('',(1.46144262893354E-17,1.0,1.2724121478279E-17));
#8182=DIRECTION('',(1.0,-3.45309814991954E-17,-2.77555756156289E-16));
#8183=DIRECTION('',(1.46144262893354E-17,1.0,1.2724121478279E-17));
#8184=DIRECTION('',(2.77555756156289E-16,-1.2724121478279E-17,1.0));
#8185=DIRECTION('',(-1.0,3.45309814991954E-17,2.77555756156289E-16));
#8186=DIRECTION('',(1.0,-3.45309814991954E-17,-2.77555756156289E-16));
#8187=DIRECTION('',(2.77555756156289E-16,-1.2724121478279E-17,1.0));
#8188=DIRECTION('',(1.0,-3.45309814991954E-17,-2.77555756156289E-16));
#8189=DIRECTION('',(2.77555756156289E-16,-1.2724121478279E-17,1.0));
#8190=DIRECTION('',(-1.0,3.45309814991954E-17,2.77555756156289E-16));
#8191=DIRECTION('',(2.77555756156289E-16,-1.2724121478279E-17,1.0));
#8192=DIRECTION('',(1.0,-3.45309814991954E-17,-2.77555756156289E-16));
#8193=DIRECTION('',(-2.77555756156289E-16,1.2724121478279E-17,-1.0));
#8194=DIRECTION('',(1.46144262893354E-17,1.0,1.2724121478279E-17));
#8195=DIRECTION('',(-1.46144262893354E-17,-1.0,-1.2724121478279E-17));
#8196=DIRECTION('',(1.0,-3.45309814991954E-17,-2.77555756156289E-16));
#8197=DIRECTION('',(1.46144262893354E-17,1.0,1.2724121478279E-17));
#8198=DIRECTION('',(-1.46144262893354E-17,-1.0,-1.2724121478279E-17));
#8199=DIRECTION('',(-1.0,3.45309814991954E-17,2.77555756156289E-16));
#8200=DIRECTION('',(1.0,-3.45309814991954E-17,-2.77555756156289E-16));
#8201=CARTESIAN_POINT('',(2.2,0.299999999999999,2.929669331122));
#8202=DIRECTION('',(1.0,-3.45309814991954E-17,-2.77555756156289E-16));
#8203=DIRECTION('',(-3.45309814991954E-17,-1.0,-1.2724121478279E-17));
#8204=DIRECTION('',(-1.0,3.55616677695092E-14,-4.48715139119337E-14));
#8205=CARTESIAN_POINT('',(2.8,0.299999999999999,2.929669331122));
#8206=DIRECTION('',(-1.0,3.45309814991954E-17,2.77555756156289E-16));
#8207=DIRECTION('',(-1.95164164931117E-16,-0.796984805798809,-0.603999353746207));
#8208=DIRECTION('',(-2.1238061638621E-16,0.6039993537383,-0.796984805804801));
#8209=DIRECTION('',(1.0,-3.33412217202492E-14,4.37612908873037E-14));
#8210=DIRECTION('',(2.1238061638621E-16,-0.6039993537383,0.796984805804801));
#8211=CARTESIAN_POINT('',(2.2,0.399999999999999,1.804339516821));
#8212=DIRECTION('',(-1.0,3.45309814991953E-17,2.77555756156289E-16));
#8213=DIRECTION('',(1.95164164925066E-16,0.796984805817049,0.603999353722138));
#8214=DIRECTION('',(-1.0,3.45309814991954E-17,2.77555756156289E-16));
#8215=CARTESIAN_POINT('',(2.8,0.399999999999999,1.804339516821));
#8216=DIRECTION('',(1.0,-3.45309814991954E-17,-2.77555756156289E-16));
#8217=DIRECTION('',(3.45309814991954E-17,1.0,1.2724121478279E-17));
#8218=DIRECTION('',(1.0,-3.45309814991954E-17,-2.77555756156289E-16));
#8219=CARTESIAN_POINT('',(2.2,0.499999999999999,1.837951339903));
#8220=DIRECTION('',(1.0,-3.45309814991954E-17,-2.77555756156289E-16));
#8221=DIRECTION('',(3.45309814991954E-17,1.0,1.2724121478279E-17));
#8222=DIRECTION('',(-1.0,6.47975407512992E-14,-8.40993941153537E-14));
#8223=CARTESIAN_POINT('',(2.8,0.499999999999999,1.837951339903));
#8224=DIRECTION('',(-1.0,3.45309814991954E-17,2.77555756156289E-16));
#8225=DIRECTION('',(1.95164164929201E-16,0.796984805804583,0.603999353738587));
#8226=DIRECTION('',(2.12380616386185E-16,-0.603999353738412,0.796984805804716));
#8227=DIRECTION('',(1.0,-5.55456822127592E-14,7.15168665029337E-14));
#8228=DIRECTION('',(-2.12380616386185E-16,0.603999353738412,-0.796984805804716));
#8229=CARTESIAN_POINT('',(2.2,0.799999999999999,3.097728446532));
#8230=DIRECTION('',(-1.0,3.45309814991954E-17,2.77555756156289E-16));
#8231=DIRECTION('',(-1.95164164927671E-16,-0.796984805809198,-0.603999353732498));
#8232=DIRECTION('',(-1.0,3.45309814991954E-17,2.77555756156289E-16));
#8233=CARTESIAN_POINT('',(2.8,0.799999999999999,3.097728446532));
#8234=DIRECTION('',(1.0,-3.45309814991954E-17,-2.77555756156289E-16));
#8235=DIRECTION('',(-3.45309814991954E-17,-1.0,-1.2724121478279E-17));
#8236=DIRECTION('',(2.77555756156289E-16,-1.2724121478279E-17,1.0));
#8237=DIRECTION('',(-1.0,3.45309814991954E-17,2.77555756156289E-16));
#8238=DIRECTION('',(2.77555756156289E-16,-1.2724121478279E-17,1.0));
#8239=DIRECTION('',(-1.0,3.45309814991954E-17,2.77555756156289E-16));
#8240=DIRECTION('',(-1.46144262893354E-17,-1.0,-1.2724121478279E-17));
#8241=DIRECTION('',(-1.46144262893354E-17,-1.0,-1.2724121478279E-17));
#8242=DIRECTION('',(-2.77555756156289E-16,1.2724121478279E-17,-1.0));
#8243=DIRECTION('',(-2.77555756156289E-16,1.2724121478279E-17,-1.0));
#8244=DIRECTION('',(1.0,-3.45309814991954E-17,-2.77555756156289E-16));
#8245=CARTESIAN_POINT('',(-2.8,0.299999999999999,2.929669331122));
#8246=DIRECTION('',(1.0,-3.45309814991954E-17,-2.77555756156289E-16));
#8247=DIRECTION('',(-3.45309814991954E-17,-1.0,-1.2724121478279E-17));
#8248=DIRECTION('',(-1.0,3.55616677695092E-14,-4.48715139119337E-14));
#8249=CARTESIAN_POINT('',(-2.2,0.299999999999999,2.929669331122));
#8250=DIRECTION('',(-1.0,3.45309814991954E-17,2.77555756156289E-16));
#8251=DIRECTION('',(-1.95164164931117E-16,-0.796984805798809,-0.603999353746207));
#8252=DIRECTION('',(-2.1238061638621E-16,0.6039993537383,-0.796984805804801));
#8253=DIRECTION('',(1.0,-2.74200322555892E-14,3.67298783980137E-14));
#8254=DIRECTION('',(2.1238061638621E-16,-0.6039993537383,0.796984805804801));
#8255=CARTESIAN_POINT('',(-2.8,0.399999999999999,1.804339516821));
#8256=DIRECTION('',(-1.0,3.45309814991953E-17,2.77555756156289E-16));
#8257=DIRECTION('',(1.95164164925066E-16,0.796984805817049,0.603999353722138));
#8258=DIRECTION('',(-1.0,3.45309814991954E-17,2.77555756156289E-16));
#8259=CARTESIAN_POINT('',(-2.2,0.399999999999999,1.804339516821));
#8260=DIRECTION('',(1.0,-3.45309814991954E-17,-2.77555756156289E-16));
#8261=DIRECTION('',(3.45309814991954E-17,1.0,1.2724121478279E-17));
#8262=DIRECTION('',(1.0,-3.45309814991954E-17,-2.77555756156289E-16));
#8263=CARTESIAN_POINT('',(-2.8,0.499999999999999,1.837951339903));
#8264=DIRECTION('',(1.0,-3.45309814991954E-17,-2.77555756156289E-16));
#8265=DIRECTION('',(3.45309814991954E-17,1.0,1.2724121478279E-17));
#8266=DIRECTION('',(-1.0,6.47975407512992E-14,-8.40993941153537E-14));
#8267=CARTESIAN_POINT('',(-2.2,0.499999999999999,1.837951339903));
#8268=DIRECTION('',(-1.0,3.45309814991954E-17,2.77555756156289E-16));
#8269=DIRECTION('',(1.95164164929201E-16,0.796984805804583,0.603999353738587));
#8270=DIRECTION('',(2.12380616386185E-16,-0.603999353738412,0.796984805804716));
#8271=DIRECTION('',(1.0,-5.55456822127592E-14,7.15168665029337E-14));
#8272=DIRECTION('',(-2.12380616386185E-16,0.603999353738412,-0.796984805804716));
#8273=CARTESIAN_POINT('',(-2.8,0.799999999999999,3.097728446532));
#8274=DIRECTION('',(-1.0,3.45309814991954E-17,2.77555756156289E-16));
#8275=DIRECTION('',(-1.95164164927671E-16,-0.796984805809198,-0.603999353732498));
#8276=DIRECTION('',(-1.0,3.45309814991954E-17,2.77555756156289E-16));
#8277=CARTESIAN_POINT('',(-2.2,0.799999999999999,3.097728446532));
#8278=DIRECTION('',(1.0,-3.45309814991954E-17,-2.77555756156289E-16));
#8279=DIRECTION('',(-3.45309814991954E-17,-1.0,-1.2724121478279E-17));
#8280=DIRECTION('',(2.77555756156289E-16,-1.2724121478279E-17,1.0));
#8281=DIRECTION('',(1.0,-3.45309814991954E-17,-2.77555756156289E-16));
#8282=DIRECTION('',(2.77555756156289E-16,-1.2724121478279E-17,1.0));
#8283=DIRECTION('',(-1.46144262893354E-17,-1.0,-1.2724121478279E-17));
#8284=DIRECTION('',(1.0,-3.45309814991954E-17,-2.77555756156289E-16));
#8285=DIRECTION('',(-1.46144262893354E-17,-1.0,-1.2724121478279E-17));
#8286=DIRECTION('',(-2.77555756156289E-16,1.2724121478279E-17,-1.0));
#8287=DIRECTION('',(-2.77555756156289E-16,1.2724121478279E-17,-1.0));
#8288=DIRECTION('',(1.0,2.88312676587508E-14,3.82101757641837E-14));
#8289=CARTESIAN_POINT('',(-0.300000000000001,0.299999999999999,-2.929669331122));
#8290=DIRECTION('',(1.0,-3.45309814991954E-17,-2.77555756156289E-16));
#8291=DIRECTION('',(1.40122829755435E-16,-0.796984805817086,0.60399935372209));
#8292=DIRECTION('',(-1.0,3.45309814991954E-17,2.77555756156289E-16));
#8293=CARTESIAN_POINT('',(0.299999999999999,0.299999999999999,-2.929669331122));
#8294=DIRECTION('',(-1.0,3.45309814991954E-17,2.77555756156289E-16));
#8295=DIRECTION('',(-3.45309814991954E-17,-1.0,-1.2724121478279E-17));
#8296=DIRECTION('',(2.30034824454239E-16,0.6039993537383,0.796984805804801));
#8297=DIRECTION('',(-1.0,-2.77210446341308E-14,-3.63598040564737E-14));
#8298=DIRECTION('',(-2.30034824454239E-16,-0.6039993537383,-0.796984805804801));
#8299=CARTESIAN_POINT('',(-0.3,0.399999999999999,-1.804339516821));
#8300=DIRECTION('',(-1.0,3.45309814991954E-17,2.77555756156289E-16));
#8301=DIRECTION('',(3.45309814991954E-17,1.0,1.2724121478279E-17));
#8302=CARTESIAN_POINT('',(0.299999999999999,0.399999999999999,-1.804339516821));
#8303=DIRECTION('',(1.0,-3.45309814991954E-17,-2.77555756156289E-16));
#8304=DIRECTION('',(-1.40122829762329E-16,0.796984805799884,-0.603999353744787));
#8305=DIRECTION('',(1.0,-3.45309814991954E-17,-2.77555756156289E-16));
#8306=DIRECTION('',(1.0,6.39883301052208E-14,8.48395427984437E-14));
#8307=CARTESIAN_POINT('',(-0.3,0.499999999999999,-1.837951339903));
#8308=DIRECTION('',(1.0,-3.45309814991954E-17,-2.77555756156289E-16));
#8309=DIRECTION('',(-1.40122829758597E-16,0.796984805809197,-0.603999353732499));
#8310=DIRECTION('',(-1.0,3.45309814991954E-17,2.77555756156289E-16));
#8311=CARTESIAN_POINT('',(0.299999999999999,0.499999999999999,-1.837951339903));
#8312=DIRECTION('',(-1.0,3.45309814991954E-17,2.77555756156289E-16));
#8313=DIRECTION('',(3.45309814991954E-17,1.0,1.2724121478279E-17));
#8314=DIRECTION('',(-2.30034824454239E-16,-0.6039993537383,-0.796984805804801));
#8315=DIRECTION('',(-1.0,-6.54686274713808E-14,-8.55796914815237E-14));
#8316=DIRECTION('',(2.30034824454239E-16,0.6039993537383,0.796984805804801));
#8317=CARTESIAN_POINT('',(-0.300000000000001,0.799999999999999,-3.097728446532));
#8318=DIRECTION('',(-1.0,3.45309814991954E-17,2.77555756156289E-16));
#8319=DIRECTION('',(-3.45309814991954E-17,-1.0,-1.2724121478279E-17));
#8320=CARTESIAN_POINT('',(0.299999999999999,0.799999999999999,-3.097728446532));
#8321=DIRECTION('',(1.0,-3.45309814991954E-17,-2.77555756156289E-16));
#8322=DIRECTION('',(1.40122829760238E-16,-0.796984805805102,0.603999353737902));
#8323=DIRECTION('',(1.0,-3.45309814991954E-17,-2.77555756156289E-16));
#8324=DIRECTION('',(2.77555756156289E-16,-1.2724121478279E-17,1.0));
#8325=DIRECTION('',(1.0,-3.45309814991954E-17,-2.77555756156289E-16));
#8326=DIRECTION('',(2.77555756156289E-16,-1.2724121478279E-17,1.0));
#8327=DIRECTION('',(1.0,-3.45309814991954E-17,-2.77555756156289E-16));
#8328=DIRECTION('',(1.46144262893354E-17,1.0,1.2724121478279E-17));
#8329=DIRECTION('',(1.46144262893354E-17,1.0,1.2724121478279E-17));
#8330=DIRECTION('',(-2.77555756156289E-16,1.2724121478279E-17,-1.0));
#8331=DIRECTION('',(-2.77555756156289E-16,1.2724121478279E-17,-1.0));
#8332=DIRECTION('',(-2.77555756156289E-16,1.2724121478279E-17,-1.0));
#8333=DIRECTION('',(-1.0,3.45309814991954E-17,2.77555756156289E-16));
#8334=DIRECTION('',(-2.77555756156289E-16,1.2724121478279E-17,-1.0));
#8335=DIRECTION('',(-2.77555756156289E-16,1.2724121478279E-17,-1.0));
#8336=DIRECTION('',(1.0,-3.45309814991954E-17,-2.77555756156289E-16));
#8337=DIRECTION('',(-2.77555756156289E-16,1.2724121478279E-17,-1.0));
#8338=DIRECTION('',(-2.77555756156289E-16,1.2724121478279E-17,-1.0));
#8339=DIRECTION('',(1.0,-3.45309814991954E-17,-2.77555756156289E-16));
#8340=DIRECTION('',(-2.77555756156289E-16,1.2724121478279E-17,-1.0));
#8341=DIRECTION('',(1.0,-3.45309814991954E-17,-2.77555756156289E-16));
#8342=DIRECTION('',(2.77555756156289E-16,-1.2724121478279E-17,1.0));
#8343=DIRECTION('',(-1.0,3.45309814991954E-17,2.77555756156289E-16));
#8344=DIRECTION('',(-2.77555756156289E-16,1.2724121478279E-17,-1.0));
#8345=DIRECTION('',(1.46144262893354E-17,1.0,1.2724121478279E-17));
#8346=DIRECTION('',(1.46144262893354E-17,1.0,1.2724121478279E-17));
#8347=DIRECTION('',(1.46144262893354E-17,1.0,1.2724121478279E-17));
#8348=DIRECTION('',(1.46144262893354E-17,1.0,1.2724121478279E-17));
#8349=DIRECTION('',(-1.46144262893354E-17,-1.0,-1.2724121478279E-17));
#8350=DIRECTION('',(1.0,-3.45309814991954E-17,-2.77555756156289E-16));
#8351=DIRECTION('',(1.46144262893354E-17,1.0,1.2724121478279E-17));
#8352=DIRECTION('',(1.46144262893354E-17,1.0,1.2724121478279E-17));
#8353=DIRECTION('',(1.0,-3.45309814991954E-17,-2.77555756156289E-16));
#8354=DIRECTION('',(-1.46144262893354E-17,-1.0,-1.2724121478279E-17));
#8355=DIRECTION('',(-1.0,3.45309814991954E-17,2.77555756156289E-16));
#8356=DIRECTION('',(-1.46144262893354E-17,-1.0,-1.2724121478279E-17));
#8357=DIRECTION('',(1.0,-3.45309814991954E-17,-2.77555756156289E-16));
#8358=DIRECTION('',(1.46144262893354E-17,1.0,1.2724121478279E-17));
#8359=DIRECTION('',(1.46144262893354E-17,1.0,1.2724121478279E-17));
#8360=DIRECTION('',(1.46144262893354E-17,1.0,1.2724121478279E-17));
#8361=DIRECTION('',(1.46144262893354E-17,1.0,1.2724121478279E-17));
#8362=DIRECTION('',(1.0,-3.45309814991954E-17,-2.77555756156289E-16));
#8363=DIRECTION('',(-1.46144262893354E-17,-1.0,-1.2724121478279E-17));
#8364=DIRECTION('',(-1.0,3.45309814991954E-17,2.77555756156289E-16));
#8365=DIRECTION('',(1.46144262893354E-17,1.0,1.2724121478279E-17));
#8366=DIRECTION('',(1.46144262893354E-17,1.0,1.2724121478279E-17));
#8367=DIRECTION('',(-1.0,3.45309814991954E-17,2.77555756156289E-16));
#8368=DIRECTION('',(1.46144262893354E-17,1.0,1.2724121478279E-17));
#8369=DIRECTION('',(1.0,-3.45309814991954E-17,-2.77555756156289E-16));
#8370=DIRECTION('',(1.46144262893354E-17,1.0,1.2724121478279E-17));
#8371=DIRECTION('',(1.46144262893354E-17,1.0,1.2724121478279E-17));
#8372=DIRECTION('',(1.0,-3.45309814991954E-17,-2.77555756156289E-16));
#8373=DIRECTION('',(1.46144262893354E-17,1.0,1.2724121478279E-17));
#8374=DIRECTION('',(1.46144262893354E-17,1.0,1.2724121478279E-17));
#8375=DIRECTION('',(1.46144262893354E-17,1.0,1.2724121478279E-17));
#8376=DIRECTION('',(1.0,-3.45309814991954E-17,-2.77555756156289E-16));
#8377=DIRECTION('',(1.46144262893354E-17,1.0,1.2724121478279E-17));
#8378=DIRECTION('',(1.46144262893354E-17,1.0,1.2724121478279E-17));
#8379=DIRECTION('',(1.0,-3.45309814991954E-17,-2.77555756156289E-16));
#8380=DIRECTION('',(2.77555756156289E-16,-1.2724121478279E-17,1.0));
#8381=DIRECTION('',(-2.77555756156289E-16,1.2724121478279E-17,-1.0));
#8382=DIRECTION('',(2.77555756156289E-16,-1.2724121478279E-17,1.0));
#8383=DIRECTION('',(2.77555756156289E-16,-1.2724121478279E-17,1.0));
#8384=DIRECTION('',(2.77555756156289E-16,-1.2724121478279E-17,1.0));
#8385=DIRECTION('',(2.77555756156289E-16,-1.2724121478279E-17,1.0));
#8386=DIRECTION('',(2.77555756156289E-16,-1.2724121478279E-17,1.0));
#8387=DIRECTION('',(-2.77555756156289E-16,1.2724121478279E-17,-1.0));
#8388=DIRECTION('',(2.77555756156289E-16,-1.2724121478279E-17,1.0));
#8389=DIRECTION('',(-1.0,3.45309814991954E-17,2.77555756156289E-16));
#8390=DIRECTION('',(2.77555756156289E-16,-1.2724121478279E-17,1.0));
#8391=DIRECTION('',(-2.77555756156289E-16,1.2724121478279E-17,-1.0));
#8392=DIRECTION('',(2.77555756156289E-16,-1.2724121478279E-17,1.0));
#8393=DIRECTION('',(2.77555756156286E-16,-2.17998230950799E-13,1.0));
#8394=DIRECTION('',(-1.0,3.45309814991954E-17,2.77555756156289E-16));
#8395=DIRECTION('',(2.77555756156286E-16,-2.17998230950799E-13,1.0));
#8396=DIRECTION('',(2.77555756156286E-16,-2.17998230950799E-13,1.0));
#8397=DIRECTION('',(-1.0,3.45309814991954E-17,2.77555756156289E-16));
#8398=DIRECTION('',(2.77555756156286E-16,-2.17998230950799E-13,1.0));
#8399=CARTESIAN_POINT('',(-0.299999999999999,0.299999999999999,2.929669331122));
#8400=DIRECTION('',(1.0,-3.45309814991954E-17,-2.77555756156289E-16));
#8401=DIRECTION('',(3.45309814991954E-17,1.0,1.2724121478279E-17));
#8402=DIRECTION('',(-1.0,3.45309814991954E-17,2.77555756156289E-16));
#8403=CARTESIAN_POINT('',(0.300000000000001,0.299999999999999,2.929669331122));
#8404=DIRECTION('',(1.0,-3.45309814991954E-17,-2.77555756156289E-16));
#8405=DIRECTION('',(3.45309814991954E-17,1.0,1.2724121478279E-17));
#8406=DIRECTION('',(-1.0,3.45309814991954E-17,2.77555756156289E-16));
#8407=DIRECTION('',(-2.12380616386074E-16,0.603999353738907,-0.796984805804341));
#8408=DIRECTION('',(-1.0,3.45309814991954E-17,2.77555756156289E-16));
#8409=DIRECTION('',(-2.12380616386074E-16,0.603999353738907,-0.796984805804341));
#8410=CARTESIAN_POINT('',(-0.299999999999999,0.399999999999999,1.804339516821));
#8411=DIRECTION('',(-1.0,3.45309814991954E-17,2.77555756156289E-16));
#8412=DIRECTION('',(3.45309814991954E-17,1.0,1.2724121478279E-17));
#8413=DIRECTION('',(-1.0,3.45309814991954E-17,2.77555756156289E-16));
#8414=CARTESIAN_POINT('',(0.3,0.399999999999999,1.804339516821));
#8415=DIRECTION('',(-1.0,3.45309814991954E-17,2.77555756156289E-16));
#8416=DIRECTION('',(3.45309814991954E-17,1.0,1.2724121478279E-17));
#8417=DIRECTION('',(-2.77555756156292E-16,-1.76842756553908E-13,-1.0));
#8418=DIRECTION('',(-2.77555756156292E-16,-1.76842756553908E-13,-1.0));
#8419=CARTESIAN_POINT('',(-0.299999999999999,0.499999999999999,1.837951339903));
#8420=DIRECTION('',(1.0,-3.45309814991954E-17,-2.77555756156289E-16));
#8421=DIRECTION('',(3.45309814991954E-17,1.0,1.2724121478279E-17));
#8422=DIRECTION('',(-1.0,3.45309814991954E-17,2.77555756156289E-16));
#8423=CARTESIAN_POINT('',(0.3,0.499999999999999,1.837951339903));
#8424=DIRECTION('',(1.0,-3.45309814991954E-17,-2.77555756156289E-16));
#8425=DIRECTION('',(3.45309814991954E-17,1.0,1.2724121478279E-17));
#8426=DIRECTION('',(2.12380616386144E-16,-0.603999353738593,0.796984805804578));
#8427=DIRECTION('',(-1.0,3.45309814991954E-17,2.77555756156289E-16));
#8428=DIRECTION('',(2.12380616386144E-16,-0.603999353738593,0.796984805804578));
#8429=CARTESIAN_POINT('',(-0.299999999999999,0.799999999999999,3.097728446532));
#8430=DIRECTION('',(-1.0,3.45309814991954E-17,2.77555756156289E-16));
#8431=DIRECTION('',(3.45309814991954E-17,1.0,1.2724121478279E-17));
#8432=DIRECTION('',(-1.0,3.45309814991954E-17,2.77555756156289E-16));
#8433=CARTESIAN_POINT('',(0.300000000000001,0.799999999999999,3.097728446532));
#8434=DIRECTION('',(-1.0,3.45309814991954E-17,2.77555756156289E-16));
#8435=DIRECTION('',(3.45309814991954E-17,1.0,1.2724121478279E-17));
#8436=DIRECTION('',(2.77555756156291E-16,1.29638444941835E-13,1.0));
#8437=DIRECTION('',(-1.0,3.45309814991954E-17,2.77555756156289E-16));
#8438=DIRECTION('',(2.77555756156291E-16,1.29638444941835E-13,1.0));
#8439=DIRECTION('',(-1.46144262893354E-17,-1.0,-1.2724121478279E-17));
#8440=DIRECTION('',(-1.0,3.45309814991954E-17,2.77555756156289E-16));
#8441=DIRECTION('',(-1.46144262893354E-17,-1.0,-1.2724121478279E-17));
#8442=DIRECTION('',(-2.77555756156289E-16,1.2724121478279E-17,-1.0));
#8443=DIRECTION('',(-2.77555756156289E-16,1.2724121478279E-17,-1.0));
#8444=CARTESIAN_POINT('',(2.2,0.299999999999999,-2.929669331122));
#8445=DIRECTION('',(1.0,-3.45309814991954E-17,-2.77555756156289E-16));
#8446=DIRECTION('',(3.45309814991954E-17,1.0,1.2724121478279E-17));
#8447=DIRECTION('',(-1.0,3.45309814991954E-17,2.77555756156289E-16));
#8448=CARTESIAN_POINT('',(2.8,0.299999999999999,-2.929669331122));
#8449=DIRECTION('',(1.0,-3.45309814991954E-17,-2.77555756156289E-16));
#8450=DIRECTION('',(3.45309814991954E-17,1.0,1.2724121478279E-17));
#8451=DIRECTION('',(-1.0,3.45309814991954E-17,2.77555756156289E-16));
#8452=DIRECTION('',(-2.77555756156289E-16,1.2724121478279E-17,-1.0));
#8453=DIRECTION('',(-1.0,3.45309814991954E-17,2.77555756156289E-16));
#8454=DIRECTION('',(-2.77555756156289E-16,1.2724121478279E-17,-1.0));
#8455=DIRECTION('',(1.46144262893354E-17,1.0,1.2724121478279E-17));
#8456=DIRECTION('',(-1.0,3.45309814991954E-17,2.77555756156289E-16));
#8457=DIRECTION('',(1.46144262893354E-17,1.0,1.2724121478279E-17));
#8458=DIRECTION('',(2.77555756156289E-16,-1.2724121478279E-17,1.0));
#8459=DIRECTION('',(-1.0,3.45309814991954E-17,2.77555756156289E-16));
#8460=DIRECTION('',(2.77555756156289E-16,-1.2724121478279E-17,1.0));
#8461=CARTESIAN_POINT('',(2.2,0.799999999999999,-3.097728446532));
#8462=DIRECTION('',(-1.0,3.45309814991954E-17,2.77555756156289E-16));
#8463=DIRECTION('',(3.45309814991954E-17,1.0,1.2724121478279E-17));
#8464=DIRECTION('',(-1.0,3.45309814991954E-17,2.77555756156289E-16));
#8465=CARTESIAN_POINT('',(2.8,0.799999999999999,-3.097728446532));
#8466=DIRECTION('',(-1.0,3.45309814991954E-17,2.77555756156289E-16));
#8467=DIRECTION('',(3.45309814991954E-17,1.0,1.2724121478279E-17));
#8468=DIRECTION('',(2.30034824454182E-16,0.603999353738593,0.796984805804578));
#8469=DIRECTION('',(-1.0,3.45309814991954E-17,2.77555756156289E-16));
#8470=DIRECTION('',(2.30034824454182E-16,0.603999353738593,0.796984805804578));
#8471=CARTESIAN_POINT('',(2.2,0.499999999999999,-1.837951339903));
#8472=DIRECTION('',(1.0,-3.45309814991954E-17,-2.77555756156289E-16));
#8473=DIRECTION('',(3.45309814991954E-17,1.0,1.2724121478279E-17));
#8474=CARTESIAN_POINT('',(2.8,0.499999999999999,-1.837951339903));
#8475=DIRECTION('',(1.0,-3.45309814991954E-17,-2.77555756156289E-16));
#8476=DIRECTION('',(3.45309814991954E-17,1.0,1.2724121478279E-17));
#8477=DIRECTION('',(-2.77555756156289E-16,1.2724121478279E-17,-1.0));
#8478=DIRECTION('',(-1.0,3.45309814991954E-17,2.77555756156289E-16));
#8479=DIRECTION('',(-2.77555756156289E-16,1.2724121478279E-17,-1.0));
#8480=CARTESIAN_POINT('',(2.2,0.399999999999999,-1.804339516821));
#8481=DIRECTION('',(-1.0,3.45309814991954E-17,2.77555756156289E-16));
#8482=DIRECTION('',(3.45309814991954E-17,1.0,1.2724121478279E-17));
#8483=DIRECTION('',(-1.0,3.45309814991954E-17,2.77555756156289E-16));
#8484=CARTESIAN_POINT('',(2.8,0.399999999999999,-1.804339516821));
#8485=DIRECTION('',(-1.0,3.45309814991954E-17,2.77555756156289E-16));
#8486=DIRECTION('',(3.45309814991954E-17,1.0,1.2724121478279E-17));
#8487=DIRECTION('',(-2.30034824454184E-16,-0.603999353738582,-0.796984805804587));
#8488=DIRECTION('',(-2.30034824454184E-16,-0.603999353738582,-0.796984805804587));
#8489=CARTESIAN_POINT('',(-2.8,0.299999999999999,-2.929669331122));
#8490=DIRECTION('',(1.0,-3.45309814991954E-17,-2.77555756156289E-16));
#8491=DIRECTION('',(3.45309814991954E-17,1.0,1.2724121478279E-17));
#8492=DIRECTION('',(-1.0,3.45309814991954E-17,2.77555756156289E-16));
#8493=CARTESIAN_POINT('',(-2.2,0.299999999999999,-2.929669331122));
#8494=DIRECTION('',(1.0,-3.45309814991954E-17,-2.77555756156289E-16));
#8495=DIRECTION('',(3.45309814991954E-17,1.0,1.2724121478279E-17));
#8496=DIRECTION('',(-1.0,3.45309814991954E-17,2.77555756156289E-16));
#8497=DIRECTION('',(-2.77555756156289E-16,1.2724121478279E-17,-1.0));
#8498=DIRECTION('',(-1.0,3.45309814991954E-17,2.77555756156289E-16));
#8499=DIRECTION('',(-2.77555756156289E-16,1.2724121478279E-17,-1.0));
#8500=DIRECTION('',(1.46144262893354E-17,1.0,1.2724121478279E-17));
#8501=DIRECTION('',(-1.0,3.45309814991954E-17,2.77555756156289E-16));
#8502=DIRECTION('',(1.46144262893354E-17,1.0,1.2724121478279E-17));
#8503=DIRECTION('',(2.77555756156289E-16,-1.2724121478279E-17,1.0));
#8504=DIRECTION('',(-1.0,3.45309814991954E-17,2.77555756156289E-16));
#8505=DIRECTION('',(2.77555756156289E-16,-1.2724121478279E-17,1.0));
#8506=CARTESIAN_POINT('',(-2.8,0.799999999999999,-3.097728446532));
#8507=DIRECTION('',(-1.0,3.45309814991954E-17,2.77555756156289E-16));
#8508=DIRECTION('',(3.45309814991954E-17,1.0,1.2724121478279E-17));
#8509=DIRECTION('',(-1.0,3.45309814991954E-17,2.77555756156289E-16));
#8510=CARTESIAN_POINT('',(-2.2,0.799999999999999,-3.097728446532));
#8511=DIRECTION('',(-1.0,3.45309814991954E-17,2.77555756156289E-16));
#8512=DIRECTION('',(3.45309814991954E-17,1.0,1.2724121478279E-17));
#8513=DIRECTION('',(2.30034824454182E-16,0.603999353738593,0.796984805804578));
#8514=DIRECTION('',(-1.0,3.45309814991954E-17,2.77555756156289E-16));
#8515=DIRECTION('',(2.30034824454182E-16,0.603999353738593,0.796984805804578));
#8516=CARTESIAN_POINT('',(-2.8,0.499999999999999,-1.837951339903));
#8517=DIRECTION('',(1.0,-3.45309814991954E-17,-2.77555756156289E-16));
#8518=DIRECTION('',(3.45309814991954E-17,1.0,1.2724121478279E-17));
#8519=CARTESIAN_POINT('',(-2.2,0.499999999999999,-1.837951339903));
#8520=DIRECTION('',(1.0,-3.45309814991954E-17,-2.77555756156289E-16));
#8521=DIRECTION('',(3.45309814991954E-17,1.0,1.2724121478279E-17));
#8522=DIRECTION('',(-2.77555756156289E-16,1.2724121478279E-17,-1.0));
#8523=DIRECTION('',(-1.0,3.45309814991954E-17,2.77555756156289E-16));
#8524=DIRECTION('',(-2.77555756156289E-16,1.2724121478279E-17,-1.0));
#8525=CARTESIAN_POINT('',(-2.8,0.399999999999999,-1.804339516821));
#8526=DIRECTION('',(-1.0,3.45309814991954E-17,2.77555756156289E-16));
#8527=DIRECTION('',(3.45309814991954E-17,1.0,1.2724121478279E-17));
#8528=DIRECTION('',(-1.0,3.45309814991954E-17,2.77555756156289E-16));
#8529=CARTESIAN_POINT('',(-2.2,0.399999999999999,-1.804339516821));
#8530=DIRECTION('',(-1.0,3.45309814991954E-17,2.77555756156289E-16));
#8531=DIRECTION('',(3.45309814991954E-17,1.0,1.2724121478279E-17));
#8532=DIRECTION('',(-2.30034824454184E-16,-0.603999353738582,-0.796984805804587));
#8533=DIRECTION('',(-2.30034824454184E-16,-0.603999353738582,-0.796984805804587));
ENDSEC;
END-ISO-10303-21;
